brand_id,brand_name,source_file,category_id,category_name,customer_id,first_name,last_name,phone,email,street,city,state,zip_code,order_id,order_status,order_date,required_date,shipped_date,store_id,staff_id,item_id,product_id,quantity,list_price,discount,product_name,model_year,active,manager_id,store_name
1.0,Electra,brands.csv,,,,,,,,,,,,,,,,,,,,,,,,,,,,
2.0,Haro,brands.csv,,,,,,,,,,,,,,,,,,,,,,,,,,,,
3.0,Heller,brands.csv,,,,,,,,,,,,,,,,,,,,,,,,,,,,
4.0,Pure Cycles,brands.csv,,,,,,,,,,,,,,,,,,,,,,,,,,,,
5.0,Ritchey,brands.csv,,,,,,,,,,,,,,,,,,,,,,,,,,,,
6.0,Strider,brands.csv,,,,,,,,,,,,,,,,,,,,,,,,,,,,
7.0,Sun Bicycles,brands.csv,,,,,,,,,,,,,,,,,,,,,,,,,,,,
8.0,Surly,brands.csv,,,,,,,,,,,,,,,,,,,,,,,,,,,,
9.0,Trek,brands.csv,,,,,,,,,,,,,,,,,,,,,,,,,,,,
,,categories.csv,1.0,Children Bicycles,,,,,,,,,,,,,,,,,,,,,,,,,,
,,categories.csv,2.0,Comfort Bicycles,,,,,,,,,,,,,,,,,,,,,,,,,,
,,categories.csv,3.0,Cruisers Bicycles,,,,,,,,,,,,,,,,,,,,,,,,,,
,,categories.csv,4.0,Cyclocross Bicycles,,,,,,,,,,,,,,,,,,,,,,,,,,
,,categories.csv,5.0,Electric Bikes,,,,,,,,,,,,,,,,,,,,,,,,,,
,,categories.csv,6.0,Mountain Bikes,,,,,,,,,,,,,,,,,,,,,,,,,,
,,categories.csv,7.0,Road Bikes,,,,,,,,,,,,,,,,,,,,,,,,,,
,,customers.csv,,,1.0,Debra,Burks,,debra.burks@yahoo.com,9273 Thorne Ave. ,Orchard Park,NY,14127.0,,,,,,,,,,,,,,,,,
,,customers.csv,,,2.0,Kasha,Todd,,kasha.todd@yahoo.com,910 Vine Street ,Campbell,CA,95008.0,,,,,,,,,,,,,,,,,
,,customers.csv,,,3.0,Tameka,Fisher,,tameka.fisher@aol.com,769C Honey Creek St. ,Redondo Beach,CA,90278.0,,,,,,,,,,,,,,,,,
,,customers.csv,,,4.0,Daryl,Spence,,daryl.spence@aol.com,988 Pearl Lane ,Uniondale,NY,11553.0,,,,,,,,,,,,,,,,,
,,customers.csv,,,5.0,Charolette,Rice,(916) 381-6003,charolette.rice@msn.com,107 River Dr. ,Sacramento,CA,95820.0,,,,,,,,,,,,,,,,,
,,customers.csv,,,6.0,Lyndsey,Bean,,lyndsey.bean@hotmail.com,769 West Road ,Fairport,NY,14450.0,,,,,,,,,,,,,,,,,
,,customers.csv,,,7.0,Latasha,Hays,(716) 986-3359,latasha.hays@hotmail.com,7014 Manor Station Rd. ,Buffalo,NY,14215.0,,,,,,,,,,,,,,,,,
,,customers.csv,,,8.0,Jacquline,Duncan,,jacquline.duncan@yahoo.com,15 Brown St. ,Jackson Heights,NY,11372.0,,,,,,,,,,,,,,,,,
,,customers.csv,,,9.0,Genoveva,Baldwin,,genoveva.baldwin@msn.com,8550 Spruce Drive ,Port Washington,NY,11050.0,,,,,,,,,,,,,,,,,
,,customers.csv,,,10.0,Pamelia,Newman,,pamelia.newman@gmail.com,476 Chestnut Ave. ,Monroe,NY,10950.0,,,,,,,,,,,,,,,,,
,,customers.csv,,,11.0,Deshawn,Mendoza,,deshawn.mendoza@yahoo.com,8790 Cobblestone Street ,Monsey,NY,10952.0,,,,,,,,,,,,,,,,,
,,customers.csv,,,12.0,Robby,Sykes,(516) 583-7761,robby.sykes@hotmail.com,486 Rock Maple Street ,Hempstead,NY,11550.0,,,,,,,,,,,,,,,,,
,,customers.csv,,,13.0,Lashawn,Ortiz,,lashawn.ortiz@msn.com,27 Washington Rd. ,Longview,TX,75604.0,,,,,,,,,,,,,,,,,
,,customers.csv,,,14.0,Garry,Espinoza,,garry.espinoza@hotmail.com,7858 Rockaway Court ,Forney,TX,75126.0,,,,,,,,,,,,,,,,,
,,customers.csv,,,15.0,Linnie,Branch,,linnie.branch@gmail.com,314 South Columbia Ave. ,Plattsburgh,NY,12901.0,,,,,,,,,,,,,,,,,
,,customers.csv,,,16.0,Emmitt,Sanchez,(212) 945-8823,emmitt.sanchez@hotmail.com,461 Squaw Creek Road ,New York,NY,10002.0,,,,,,,,,,,,,,,,,
,,customers.csv,,,17.0,Caren,Stephens,,caren.stephens@msn.com,914 Brook St. ,Scarsdale,NY,10583.0,,,,,,,,,,,,,,,,,
,,customers.csv,,,18.0,Georgetta,Hardin,,georgetta.hardin@aol.com,474 Chapel Dr. ,Canandaigua,NY,14424.0,,,,,,,,,,,,,,,,,
,,customers.csv,,,19.0,Lizzette,Stein,,lizzette.stein@yahoo.com,19 Green Hill Lane ,Orchard Park,NY,14127.0,,,,,,,,,,,,,,,,,
,,customers.csv,,,20.0,Aleta,Shepard,,aleta.shepard@aol.com,684 Howard St. ,Sugar Land,TX,77478.0,,,,,,,,,,,,,,,,,
,,customers.csv,,,21.0,Tobie,Little,,tobie.little@gmail.com,10 Silver Spear Dr. ,Victoria,TX,77904.0,,,,,,,,,,,,,,,,,
,,customers.csv,,,22.0,Adelle,Larsen,,adelle.larsen@gmail.com,683 West Kirkland Dr. ,East Northport,NY,11731.0,,,,,,,,,,,,,,,,,
,,customers.csv,,,23.0,Kaylee,English,,kaylee.english@msn.com,8786 Fulton Rd. ,Hollis,NY,11423.0,,,,,,,,,,,,,,,,,
,,customers.csv,,,24.0,Corene,Wall,,corene.wall@msn.com,9601 Ocean Rd. ,Atwater,CA,95301.0,,,,,,,,,,,,,,,,,
,,customers.csv,,,25.0,Regenia,Vaughan,,regenia.vaughan@gmail.com,44 Stonybrook Street ,Mahopac,NY,10541.0,,,,,,,,,,,,,,,,,
,,customers.csv,,,26.0,Theo,Reese,(562) 215-2907,theo.reese@gmail.com,8755 W. Wild Horse St. ,Long Beach,NY,11561.0,,,,,,,,,,,,,,,,,
,,customers.csv,,,27.0,Santos,Valencia,,santos.valencia@yahoo.com,7479 Carpenter Street ,Sunnyside,NY,11104.0,,,,,,,,,,,,,,,,,
,,customers.csv,,,28.0,Jeanice,Frost,,jeanice.frost@hotmail.com,76 Devon Lane ,Ossining,NY,10562.0,,,,,,,,,,,,,,,,,
,,customers.csv,,,29.0,Syreeta,Hendricks,,syreeta.hendricks@msn.com,193 Spruce Road ,Mahopac,NY,10541.0,,,,,,,,,,,,,,,,,
,,customers.csv,,,30.0,Jamaal,Albert,,jamaal.albert@gmail.com,853 Stonybrook Street ,Torrance,CA,90505.0,,,,,,,,,,,,,,,,,
,,customers.csv,,,31.0,Williemae,Holloway,(510) 246-8375,williemae.holloway@msn.com,69 Cypress St. ,Oakland,CA,94603.0,,,,,,,,,,,,,,,,,
,,customers.csv,,,32.0,Araceli,Golden,,araceli.golden@msn.com,12 Ridgeview Ave. ,Fullerton,CA,92831.0,,,,,,,,,,,,,,,,,
,,customers.csv,,,33.0,Deloris,Burke,,deloris.burke@hotmail.com,895 Edgemont Drive ,Palos Verdes Peninsula,CA,90274.0,,,,,,,,,,,,,,,,,
,,customers.csv,,,34.0,Brittney,Woodward,,brittney.woodward@aol.com,960 River St. ,East Northport,NY,11731.0,,,,,,,,,,,,,,,,,
,,customers.csv,,,35.0,Guillermina,Noble,,guillermina.noble@msn.com,6 Del Monte Lane ,Baldwinsville,NY,13027.0,,,,,,,,,,,,,,,,,
,,customers.csv,,,36.0,Bernita,Mcdaniel,,bernita.mcdaniel@hotmail.com,2 Peg Shop Ave. ,Liverpool,NY,13090.0,,,,,,,,,,,,,,,,,
,,customers.csv,,,37.0,Melia,Brady,,melia.brady@gmail.com,907 Shirley Rd. ,Maspeth,NY,11378.0,,,,,,,,,,,,,,,,,
,,customers.csv,,,38.0,Zelma,Browning,,zelma.browning@aol.com,296 Second Street ,Astoria,NY,11102.0,,,,,,,,,,,,,,,,,
,,customers.csv,,,39.0,Janetta,Aguirre,(717) 670-2634,janetta.aguirre@aol.com,214 Second Court ,Lancaster,NY,14086.0,,,,,,,,,,,,,,,,,
,,customers.csv,,,40.0,Ronna,Butler,,ronna.butler@gmail.com,9438 Plymouth Court ,Encino,CA,91316.0,,,,,,,,,,,,,,,,,
,,customers.csv,,,41.0,Kathie,Freeman,,kathie.freeman@msn.com,667 Temple Dr. ,Queensbury,NY,12804.0,,,,,,,,,,,,,,,,,
,,customers.csv,,,42.0,Tangela,Quinn,,tangela.quinn@aol.com,4 S. Purple Finch Road ,Richmond Hill,NY,11418.0,,,,,,,,,,,,,,,,,
,,customers.csv,,,43.0,Mozelle,Carter,(281) 489-9656,mozelle.carter@aol.com,895 Chestnut Ave. ,Houston,TX,77016.0,,,,,,,,,,,,,,,,,
,,customers.csv,,,44.0,Onita,Johns,,onita.johns@msn.com,32 Glen Creek Lane ,Elmont,NY,11003.0,,,,,,,,,,,,,,,,,
,,customers.csv,,,45.0,Bennett,Armstrong,,bennett.armstrong@aol.com,688 Walnut Street ,Bethpage,NY,11714.0,,,,,,,,,,,,,,,,,
,,customers.csv,,,46.0,Monika,Berg,,monika.berg@gmail.com,369 Vernon Dr. ,Encino,CA,91316.0,,,,,,,,,,,,,,,,,
,,customers.csv,,,47.0,Bridgette,Guerra,,bridgette.guerra@hotmail.com,9982 Manor Drive ,San Lorenzo,CA,94580.0,,,,,,,,,,,,,,,,,
,,customers.csv,,,48.0,Cesar,Jackson,,cesar.jackson@gmail.com,8068 N. Griffin Ave. ,Liverpool,NY,13090.0,,,,,,,,,,,,,,,,,
,,customers.csv,,,49.0,Caroll,Hays,,caroll.hays@yahoo.com,9381 Wrangler St. ,Fairport,NY,14450.0,,,,,,,,,,,,,,,,,
,,customers.csv,,,50.0,Cleotilde,Booth,,cleotilde.booth@gmail.com,17 Corona St. ,Sugar Land,TX,77478.0,,,,,,,,,,,,,,,,,
,,customers.csv,,,51.0,Gertrud,Rhodes,,gertrud.rhodes@aol.com,9961 Meadowbrook Street ,Merrick,NY,11566.0,,,,,,,,,,,,,,,,,
,,customers.csv,,,52.0,Tu,Ramirez,,tu.ramirez@hotmail.com,24 W. Courtland Street ,East Elmhurst,NY,11369.0,,,,,,,,,,,,,,,,,
,,customers.csv,,,53.0,Saturnina,Garner,,saturnina.garner@gmail.com,8538 Fairground St. ,Glendora,CA,91740.0,,,,,,,,,,,,,,,,,
,,customers.csv,,,54.0,Fran,Yang,,fran.yang@hotmail.com,440 Pearl St. ,Utica,NY,13501.0,,,,,,,,,,,,,,,,,
,,customers.csv,,,55.0,Diana,Guerra,,diana.guerra@hotmail.com,45 Chapel Ave. ,Merrick,NY,11566.0,,,,,,,,,,,,,,,,,
,,customers.csv,,,56.0,Lolita,Mosley,(281) 363-3309,lolita.mosley@hotmail.com,376 S. High Ridge St. ,Houston,TX,77016.0,,,,,,,,,,,,,,,,,
,,customers.csv,,,57.0,Pamala,Henry,,pamala.henry@aol.com,197 Bridgeton Ave. ,Bronx,NY,10451.0,,,,,,,,,,,,,,,,,
,,customers.csv,,,58.0,Damien,Dorsey,,damien.dorsey@yahoo.com,161 Old York Street ,Central Islip,NY,11722.0,,,,,,,,,,,,,,,,,
,,customers.csv,,,59.0,Latasha,Stanley,,latasha.stanley@gmail.com,8068 Fordham Drive ,Rockville Centre,NY,11570.0,,,,,,,,,,,,,,,,,
,,customers.csv,,,60.0,Neil,Mccall,,neil.mccall@gmail.com,7476 Oakland Dr. ,San Carlos,CA,94070.0,,,,,,,,,,,,,,,,,
,,customers.csv,,,61.0,Elinore,Aguilar,,elinore.aguilar@msn.com,9766 Rockcrest Ave. ,San Angelo,TX,76901.0,,,,,,,,,,,,,,,,,
,,customers.csv,,,62.0,Alica,Hunter,,alica.hunter@hotmail.com,8 San Juan Drive ,East Elmhurst,NY,11369.0,,,,,,,,,,,,,,,,,
,,customers.csv,,,63.0,Tenisha,Lyons,,tenisha.lyons@aol.com,78 E. Rock Creek Street ,Amityville,NY,11701.0,,,,,,,,,,,,,,,,,
,,customers.csv,,,64.0,Bobbie,Foster,,bobbie.foster@yahoo.com,988 Pineknoll Ave. ,Desoto,TX,75115.0,,,,,,,,,,,,,,,,,
,,customers.csv,,,65.0,Kanesha,Vega,,kanesha.vega@gmail.com,771 E. Oxford Drive ,Rome,NY,13440.0,,,,,,,,,,,,,,,,,
,,customers.csv,,,66.0,Lorrie,Becker,,lorrie.becker@yahoo.com,19 North Court ,Garland,TX,75043.0,,,,,,,,,,,,,,,,,
,,customers.csv,,,67.0,Tommie,Melton,(916) 802-2952,tommie.melton@gmail.com,8 West Old York St. ,Sacramento,CA,95820.0,,,,,,,,,,,,,,,,,
,,customers.csv,,,68.0,Jayne,Kirkland,,jayne.kirkland@hotmail.com,7800 Second Lane ,Rowlett,TX,75088.0,,,,,,,,,,,,,,,,,
,,customers.csv,,,69.0,Katelin,Kennedy,,katelin.kennedy@gmail.com,286 Myrtle Lane ,Rocklin,CA,95677.0,,,,,,,,,,,,,,,,,
,,customers.csv,,,70.0,Tomasa,Carson,,tomasa.carson@aol.com,10 Clark Avenue ,East Elmhurst,NY,11369.0,,,,,,,,,,,,,,,,,
,,customers.csv,,,71.0,Takako,Casey,,takako.casey@aol.com,7548 Court Lane ,Bronx,NY,10451.0,,,,,,,,,,,,,,,,,
,,customers.csv,,,72.0,Petronila,Norris,,petronila.norris@aol.com,72 South Marshall Lane ,South El Monte,CA,91733.0,,,,,,,,,,,,,,,,,
,,customers.csv,,,73.0,Melanie,Hayes,,melanie.hayes@msn.com,5 N. Hall Dr. ,Liverpool,NY,13090.0,,,,,,,,,,,,,,,,,
,,customers.csv,,,74.0,Georgeann,Waller,,georgeann.waller@yahoo.com,9797 Bald Hill Ave. ,North Tonawanda,NY,14120.0,,,,,,,,,,,,,,,,,
,,customers.csv,,,75.0,Abby,Gamble,,abby.gamble@aol.com,60 Myers Dr. ,Amityville,NY,11701.0,,,,,,,,,,,,,,,,,
,,customers.csv,,,76.0,Parker,Prince,,parker.prince@hotmail.com,21 Sulphur Springs Drive ,Port Jefferson Station,NY,11776.0,,,,,,,,,,,,,,,,,
,,customers.csv,,,77.0,Keri,Bridges,,keri.bridges@gmail.com,8504 Brickell Ave. ,Richardson,TX,75080.0,,,,,,,,,,,,,,,,,
,,customers.csv,,,78.0,Chi,Goff,,chi.goff@aol.com,3 W. Glen Ridge Avenue ,Palos Verdes Peninsula,CA,90274.0,,,,,,,,,,,,,,,,,
,,customers.csv,,,79.0,Ashanti,Parks,,ashanti.parks@hotmail.com,846 N. Helen St. ,Baldwin,NY,11510.0,,,,,,,,,,,,,,,,,
,,customers.csv,,,80.0,Sarai,Mckee,(716) 912-8110,sarai.mckee@msn.com,641 Glenwood Avenue ,Buffalo,NY,14215.0,,,,,,,,,,,,,,,,,
,,customers.csv,,,81.0,Zina,Bonner,,zina.bonner@hotmail.com,9312 8th Street ,San Lorenzo,CA,94580.0,,,,,,,,,,,,,,,,,
,,customers.csv,,,82.0,Lizzie,Joyner,,lizzie.joyner@msn.com,8541 Roberts St. ,Coachella,CA,92236.0,,,,,,,,,,,,,,,,,
,,customers.csv,,,83.0,Tiesha,Daniel,,tiesha.daniel@yahoo.com,6 West Bohemia Lane ,Scarsdale,NY,10583.0,,,,,,,,,,,,,,,,,
,,customers.csv,,,84.0,Armand,Whitehead,,armand.whitehead@hotmail.com,639 Harvey St. ,Lindenhurst,NY,11757.0,,,,,,,,,,,,,,,,,
,,customers.csv,,,85.0,Teofila,Fischer,,teofila.fischer@aol.com,1 West Brickyard St. ,Huntington Station,NY,11746.0,,,,,,,,,,,,,,,,,
,,customers.csv,,,86.0,Lissa,Vargas,,lissa.vargas@yahoo.com,517 Victoria Ave. ,Oswego,NY,13126.0,,,,,,,,,,,,,,,,,
,,customers.csv,,,87.0,Yan,Mcgowan,,yan.mcgowan@msn.com,8960 Newport Ave. ,Duarte,CA,91010.0,,,,,,,,,,,,,,,,,
,,customers.csv,,,88.0,Titus,Bullock,,titus.bullock@gmail.com,29 Oxford Avenue ,Hollis,NY,11423.0,,,,,,,,,,,,,,,,,
,,customers.csv,,,89.0,Arvilla,Osborn,,arvilla.osborn@gmail.com,60 Acacia Lane ,Upland,CA,91784.0,,,,,,,,,,,,,,,,,
,,customers.csv,,,90.0,Marjorie,Logan,,marjorie.logan@msn.com,95 Grandrose St. ,Franklin Square,NY,11010.0,,,,,,,,,,,,,,,,,
,,customers.csv,,,91.0,Marvin,Mullins,(619) 635-2027,marvin.mullins@aol.com,7489 Redwood Drive ,San Diego,CA,92111.0,,,,,,,,,,,,,,,,,
,,customers.csv,,,92.0,Tena,Cruz,,tena.cruz@yahoo.com,1 South St. ,Farmingdale,NY,11735.0,,,,,,,,,,,,,,,,,
,,customers.csv,,,93.0,Corrina,Sawyer,(248) 370-1364,corrina.sawyer@yahoo.com,95 Briarwood Lane ,Troy,NY,12180.0,,,,,,,,,,,,,,,,,
,,customers.csv,,,94.0,Sharyn,Hopkins,,sharyn.hopkins@hotmail.com,4 South Temple Ave. ,Baldwinsville,NY,13027.0,,,,,,,,,,,,,,,,,
,,customers.csv,,,95.0,Letitia,Franco,,letitia.franco@aol.com,607 Lakeview Drive ,Saratoga Springs,NY,12866.0,,,,,,,,,,,,,,,,,
,,customers.csv,,,96.0,Floretta,Higgins,,floretta.higgins@hotmail.com,870 Lilac Dr. ,Bayside,NY,11361.0,,,,,,,,,,,,,,,,,
,,customers.csv,,,97.0,Louanne,Martin,,louanne.martin@hotmail.com,1 Campfire Ave. ,Yuba City,CA,95993.0,,,,,,,,,,,,,,,,,
,,customers.csv,,,98.0,Violet,Valenzuela,,violet.valenzuela@msn.com,8668 Piper Street ,Plattsburgh,NY,12901.0,,,,,,,,,,,,,,,,,
,,customers.csv,,,99.0,Carie,Kidd,,carie.kidd@yahoo.com,6 East Clinton Street ,Monroe,NY,10950.0,,,,,,,,,,,,,,,,,
,,customers.csv,,,100.0,Kellie,Franco,,kellie.franco@yahoo.com,444 South Walnut Rd. ,Commack,NY,11725.0,,,,,,,,,,,,,,,,,
,,customers.csv,,,101.0,Nichelle,Howell,,nichelle.howell@aol.com,7670 Forest St. ,Scarsdale,NY,10583.0,,,,,,,,,,,,,,,,,
,,customers.csv,,,102.0,Marisol,Goodman,,marisol.goodman@gmail.com,864 East Cherry St. ,Canandaigua,NY,14424.0,,,,,,,,,,,,,,,,,
,,customers.csv,,,103.0,Sylvie,Wilkerson,,sylvie.wilkerson@yahoo.com,750 Central Ave. ,Syosset,NY,11791.0,,,,,,,,,,,,,,,,,
,,customers.csv,,,104.0,Katharina,Bates,,katharina.bates@gmail.com,54 South Greenview Drive ,Campbell,CA,95008.0,,,,,,,,,,,,,,,,,
,,customers.csv,,,105.0,Marget,Hodge,,marget.hodge@msn.com,7199 Selby Lane ,Woodhaven,NY,11421.0,,,,,,,,,,,,,,,,,
,,customers.csv,,,106.0,Raul,Melendez,,raul.melendez@hotmail.com,9772 Manhattan St. ,Elmhurst,NY,11373.0,,,,,,,,,,,,,,,,,
,,customers.csv,,,107.0,Cecil,Hopper,,cecil.hopper@yahoo.com,471 Glenlake Ave. ,Central Islip,NY,11722.0,,,,,,,,,,,,,,,,,
,,customers.csv,,,108.0,Shae,Hickman,,shae.hickman@hotmail.com,740 Pin Oak Street ,Floral Park,NY,11001.0,,,,,,,,,,,,,,,,,
,,customers.csv,,,109.0,Monica,Sears,(408) 704-8863,monica.sears@aol.com,57 Glenholme St. ,San Jose,CA,95127.0,,,,,,,,,,,,,,,,,
,,customers.csv,,,110.0,Ollie,Zimmerman,(657) 648-2863,ollie.zimmerman@yahoo.com,69 Wood Rd. ,Anaheim,CA,92806.0,,,,,,,,,,,,,,,,,
,,customers.csv,,,111.0,Shila,White,,shila.white@msn.com,94 Lakeshore Street ,Orchard Park,NY,14127.0,,,,,,,,,,,,,,,,,
,,customers.csv,,,112.0,Yuk,Vega,,yuk.vega@yahoo.com,413 Wood St. ,West Hempstead,NY,11552.0,,,,,,,,,,,,,,,,,
,,customers.csv,,,113.0,Eliana,Silva,,eliana.silva@gmail.com,7119 Summer Rd. ,Farmingdale,NY,11735.0,,,,,,,,,,,,,,,,,
,,customers.csv,,,114.0,Thalia,Horne,,thalia.horne@yahoo.com,9312 Harvard Street ,Amityville,NY,11701.0,,,,,,,,,,,,,,,,,
,,customers.csv,,,115.0,Rey,Lindsay,,rey.lindsay@gmail.com,16 Philmont St. ,Monroe,NY,10950.0,,,,,,,,,,,,,,,,,
,,customers.csv,,,116.0,Merlene,Vinson,,merlene.vinson@gmail.com,431 Vine Dr. ,Euless,TX,76039.0,,,,,,,,,,,,,,,,,
,,customers.csv,,,117.0,Dacia,William,,dacia.william@msn.com,62 Cypress Drive ,Sugar Land,TX,77478.0,,,,,,,,,,,,,,,,,
,,customers.csv,,,118.0,Le,Wood,,le.wood@yahoo.com,90 Primrose Dr. ,Pittsford,NY,14534.0,,,,,,,,,,,,,,,,,
,,customers.csv,,,119.0,Thalia,Dillard,,thalia.dillard@yahoo.com,987 NE. Gates Street ,San Angelo,TX,76901.0,,,,,,,,,,,,,,,,,
,,customers.csv,,,120.0,Luz,House,(559) 114-2580,luz.house@gmail.com,491 Railroad Street ,Fresno,CA,93706.0,,,,,,,,,,,,,,,,,
,,customers.csv,,,121.0,Lucy,Woods,,lucy.woods@gmail.com,8437 West Rockaway St. ,Palos Verdes Peninsula,CA,90274.0,,,,,,,,,,,,,,,,,
,,customers.csv,,,122.0,Shena,Carter,,shena.carter@yahoo.com,72 University Road ,Howard Beach,NY,11414.0,,,,,,,,,,,,,,,,,
,,customers.csv,,,123.0,Robena,Hill,(361) 598-4414,robena.hill@hotmail.com,263 Cross St. ,Corpus Christi,TX,78418.0,,,,,,,,,,,,,,,,,
,,customers.csv,,,124.0,Jeni,Booker,,jeni.booker@gmail.com,546 Railroad Dr. ,South El Monte,CA,91733.0,,,,,,,,,,,,,,,,,
,,customers.csv,,,125.0,Herlinda,Stone,,herlinda.stone@msn.com,725 Gulf St. ,Canandaigua,NY,14424.0,,,,,,,,,,,,,,,,,
,,customers.csv,,,126.0,Lavina,Dejesus,,lavina.dejesus@msn.com,59 E. Valley Avenue ,Newburgh,NY,12550.0,,,,,,,,,,,,,,,,,
,,customers.csv,,,127.0,Erlinda,Nielsen,,erlinda.nielsen@aol.com,728 Oxford Lane ,Maspeth,NY,11378.0,,,,,,,,,,,,,,,,,
,,customers.csv,,,128.0,Terrance,Lynn,,terrance.lynn@yahoo.com,91 East Buckingham Drive ,Plattsburgh,NY,12901.0,,,,,,,,,,,,,,,,,
,,customers.csv,,,129.0,Walton,Dejesus,,walton.dejesus@yahoo.com,15 Washington Rd. ,Lockport,NY,14094.0,,,,,,,,,,,,,,,,,
,,customers.csv,,,130.0,Wes,Stanton,(248) 247-5074,wes.stanton@msn.com,8662 Tunnel Street ,Troy,NY,12180.0,,,,,,,,,,,,,,,,,
,,customers.csv,,,131.0,Tanesha,Hampton,,tanesha.hampton@hotmail.com,19 Belmont Ave. ,Syosset,NY,11791.0,,,,,,,,,,,,,,,,,
,,customers.csv,,,132.0,Boyd,Irwin,,boyd.irwin@hotmail.com,221 Whitemarsh St. ,Hamburg,NY,14075.0,,,,,,,,,,,,,,,,,
,,customers.csv,,,133.0,Delbert,Wilkins,,delbert.wilkins@aol.com,420 Greenview St. ,Coram,NY,11727.0,,,,,,,,,,,,,,,,,
,,customers.csv,,,134.0,Brianna,Moss,(516) 156-8031,brianna.moss@msn.com,4 Longfellow St. ,Hempstead,NY,11550.0,,,,,,,,,,,,,,,,,
,,customers.csv,,,135.0,Dorthey,Jackson,(281) 926-8010,dorthey.jackson@msn.com,9768 Brookside St. ,Houston,TX,77016.0,,,,,,,,,,,,,,,,,
,,customers.csv,,,136.0,Sarita,Parks,,sarita.parks@msn.com,7809 Second Lane ,Forney,TX,75126.0,,,,,,,,,,,,,,,,,
,,customers.csv,,,137.0,Shonta,Mercer,,shonta.mercer@aol.com,319 NE. La Sierra Avenue ,Massapequa,NY,11758.0,,,,,,,,,,,,,,,,,
,,customers.csv,,,138.0,Jone,Bernard,(657) 536-5165,jone.bernard@hotmail.com,99 Longbranch Court ,Anaheim,CA,92806.0,,,,,,,,,,,,,,,,,
,,customers.csv,,,139.0,Wanita,Davenport,,wanita.davenport@aol.com,525 Dogwood Ave. ,Spring Valley,NY,10977.0,,,,,,,,,,,,,,,,,
,,customers.csv,,,140.0,Cleopatra,Tate,,cleopatra.tate@aol.com,97 N. Glenwood St. ,East Elmhurst,NY,11369.0,,,,,,,,,,,,,,,,,
,,customers.csv,,,141.0,Ramiro,Byers,,ramiro.byers@gmail.com,16 Pleasant St. ,Saint Albans,NY,11412.0,,,,,,,,,,,,,,,,,
,,customers.csv,,,142.0,Nicholas,Vazquez,,nicholas.vazquez@hotmail.com,9 Roosevelt Street ,West Hempstead,NY,11552.0,,,,,,,,,,,,,,,,,
,,customers.csv,,,143.0,Janae,Doyle,,janae.doyle@gmail.com,760 Rose Ave. ,Jackson Heights,NY,11372.0,,,,,,,,,,,,,,,,,
,,customers.csv,,,144.0,Hans,Price,,hans.price@hotmail.com,51 Glendale Road ,Port Chester,NY,10573.0,,,,,,,,,,,,,,,,,
,,customers.csv,,,145.0,Miquel,Neal,,miquel.neal@hotmail.com,9564 Deerfield Lane ,Staten Island,NY,10301.0,,,,,,,,,,,,,,,,,
,,customers.csv,,,146.0,Stefany,Potter,,stefany.potter@gmail.com,256 South Academy St. ,Saratoga Springs,NY,12866.0,,,,,,,,,,,,,,,,,
,,customers.csv,,,147.0,Bernetta,Marquez,,bernetta.marquez@hotmail.com,626 E. Dunbar Street ,Smithtown,NY,11787.0,,,,,,,,,,,,,,,,,
,,customers.csv,,,148.0,Julee,Woodard,,julee.woodard@yahoo.com,869 Summerhouse Dr. ,Richmond Hill,NY,11418.0,,,,,,,,,,,,,,,,,
,,customers.csv,,,149.0,Meredith,Bryan,,meredith.bryan@hotmail.com,8935 E. Oxford St. ,Spring Valley,NY,10977.0,,,,,,,,,,,,,,,,,
,,customers.csv,,,150.0,Weldon,Michael,,weldon.michael@hotmail.com,9952 Nut Swamp St. ,Huntington,NY,11743.0,,,,,,,,,,,,,,,,,
,,customers.csv,,,151.0,Joesph,Delacruz,,joesph.delacruz@aol.com,184 Cypress Street ,Atwater,CA,95301.0,,,,,,,,,,,,,,,,,
,,customers.csv,,,152.0,Katherina,Odom,,katherina.odom@yahoo.com,897 N. Oak Drive ,Plainview,NY,11803.0,,,,,,,,,,,,,,,,,
,,customers.csv,,,153.0,Laraine,Robbins,,laraine.robbins@yahoo.com,8214 E. Pin Oak Lane ,San Angelo,TX,76901.0,,,,,,,,,,,,,,,,,
,,customers.csv,,,154.0,Jenise,Preston,,jenise.preston@yahoo.com,9 Littleton Drive ,Helotes,TX,78023.0,,,,,,,,,,,,,,,,,
,,customers.csv,,,155.0,Lory,Page,,lory.page@hotmail.com,58 Summerhouse Street ,Bay Shore,NY,11706.0,,,,,,,,,,,,,,,,,
,,customers.csv,,,156.0,Charlyn,Cantrell,,charlyn.cantrell@yahoo.com,8756 Euclid St. ,West Islip,NY,11795.0,,,,,,,,,,,,,,,,,
,,customers.csv,,,157.0,Carola,Rodriquez,,carola.rodriquez@hotmail.com,9433 Heritage Lane ,Banning,CA,92220.0,,,,,,,,,,,,,,,,,
,,customers.csv,,,158.0,Alane,Kennedy,,alane.kennedy@yahoo.com,34 Green Lake Street ,Spring Valley,NY,10977.0,,,,,,,,,,,,,,,,,
,,customers.csv,,,159.0,Regina,Burns,,regina.burns@aol.com,713 Buckingham St. ,Garland,TX,75043.0,,,,,,,,,,,,,,,,,
,,customers.csv,,,160.0,Omer,Estrada,,omer.estrada@gmail.com,9 Honey Creek Street ,Rowlett,TX,75088.0,,,,,,,,,,,,,,,,,
,,customers.csv,,,161.0,Crystle,Gilliam,,crystle.gilliam@yahoo.com,86 Edgewater Road ,Smithtown,NY,11787.0,,,,,,,,,,,,,,,,,
,,customers.csv,,,162.0,Kam,Wilder,,kam.wilder@hotmail.com,500 West Clay Ave. ,Newburgh,NY,12550.0,,,,,,,,,,,,,,,,,
,,customers.csv,,,163.0,Margert,Stevens,,margert.stevens@aol.com,502 North Poplar St. ,Rome,NY,13440.0,,,,,,,,,,,,,,,,,
,,customers.csv,,,164.0,Tomika,Larson,,tomika.larson@yahoo.com,254 Canal St. ,Woodside,NY,11377.0,,,,,,,,,,,,,,,,,
,,customers.csv,,,165.0,Jeromy,Burch,(408) 955-8238,jeromy.burch@msn.com,889 Mulberry Street ,San Jose,CA,95127.0,,,,,,,,,,,,,,,,,
,,customers.csv,,,166.0,Lena,Mills,,lena.mills@yahoo.com,42 Homestead St. ,Woodhaven,NY,11421.0,,,,,,,,,,,,,,,,,
,,customers.csv,,,167.0,Loreta,Johnston,,loreta.johnston@yahoo.com,39 Lafayette Dr. ,Spring Valley,NY,10977.0,,,,,,,,,,,,,,,,,
,,customers.csv,,,168.0,Nettie,Mcdaniel,,nettie.mcdaniel@hotmail.com,7004 E. Wakehurst St. ,South Ozone Park,NY,11420.0,,,,,,,,,,,,,,,,,
,,customers.csv,,,169.0,Karla,Kirk,,karla.kirk@yahoo.com,9718 Harvard Rd. ,Palos Verdes Peninsula,CA,90274.0,,,,,,,,,,,,,,,,,
,,customers.csv,,,170.0,Regine,Gonzales,(805) 763-4045,regine.gonzales@gmail.com,798 Court Drive ,Oxnard,CA,93035.0,,,,,,,,,,,,,,,,,
,,customers.csv,,,171.0,Miriam,Baker,,miriam.baker@hotmail.com,90 Studebaker St. ,Uniondale,NY,11553.0,,,,,,,,,,,,,,,,,
,,customers.csv,,,172.0,Jeanie,Kirkland,,jeanie.kirkland@aol.com,7643 Old Theatre St. ,Santa Clara,CA,95050.0,,,,,,,,,,,,,,,,,
,,customers.csv,,,173.0,Marquerite,Dawson,,marquerite.dawson@gmail.com,37 Hamilton Court ,Garland,TX,75043.0,,,,,,,,,,,,,,,,,
,,customers.csv,,,174.0,Babara,Ochoa,,babara.ochoa@aol.com,872 Smith Store St. ,Scarsdale,NY,10583.0,,,,,,,,,,,,,,,,,
,,customers.csv,,,175.0,Nova,Hess,,nova.hess@msn.com,773 South Lafayette St. ,Duarte,CA,91010.0,,,,,,,,,,,,,,,,,
,,customers.csv,,,176.0,Carley,Reynolds,,carley.reynolds@gmail.com,2 Snake Hill Drive ,South El Monte,CA,91733.0,,,,,,,,,,,,,,,,,
,,customers.csv,,,177.0,Carissa,Foreman,,carissa.foreman@msn.com,69C N. Ridge Rd. ,Maspeth,NY,11378.0,,,,,,,,,,,,,,,,,
,,customers.csv,,,178.0,Genoveva,Tyler,(212) 152-6381,genoveva.tyler@gmail.com,8121 Windfall Ave. ,New York,NY,10002.0,,,,,,,,,,,,,,,,,
,,customers.csv,,,179.0,Deane,Sears,,deane.sears@hotmail.com,3 Bradford Court ,Pittsford,NY,14534.0,,,,,,,,,,,,,,,,,
,,customers.csv,,,180.0,Karey,Steele,,karey.steele@gmail.com,8879 Kent Lane ,Farmingdale,NY,11735.0,,,,,,,,,,,,,,,,,
,,customers.csv,,,181.0,Olevia,Pitts,,olevia.pitts@gmail.com,39 Fieldstone Drive ,Redondo Beach,CA,90278.0,,,,,,,,,,,,,,,,,
,,customers.csv,,,182.0,Jenniffer,Bullock,,jenniffer.bullock@msn.com,38 Oxford Avenue ,Bay Shore,NY,11706.0,,,,,,,,,,,,,,,,,
,,customers.csv,,,183.0,Jeniffer,Ratliff,,jeniffer.ratliff@gmail.com,510 Rocky River Court ,Floral Park,NY,11001.0,,,,,,,,,,,,,,,,,
,,customers.csv,,,184.0,Klara,Stanley,,klara.stanley@aol.com,603 Mechanic St. ,Webster,NY,14580.0,,,,,,,,,,,,,,,,,
,,customers.csv,,,185.0,Morton,Lee,,morton.lee@yahoo.com,313 Ridge St. ,San Angelo,TX,76901.0,,,,,,,,,,,,,,,,,
,,customers.csv,,,186.0,Ken,Charles,,ken.charles@msn.com,9124 W. Piper Lane ,Monsey,NY,10952.0,,,,,,,,,,,,,,,,,
,,customers.csv,,,187.0,Hedwig,Paul,,hedwig.paul@msn.com,422 Manor Ave. ,Apple Valley,CA,92307.0,,,,,,,,,,,,,,,,,
,,customers.csv,,,188.0,Sharla,Flynn,(805) 478-7724,sharla.flynn@hotmail.com,7 Brown Drive ,Oxnard,CA,93035.0,,,,,,,,,,,,,,,,,
,,customers.csv,,,189.0,Damian,Dawson,,damian.dawson@hotmail.com,528 St Margarets Street ,Liverpool,NY,13090.0,,,,,,,,,,,,,,,,,
,,customers.csv,,,190.0,Toya,Pratt,(562) 218-6405,toya.pratt@yahoo.com,485 San Pablo Drive ,Long Beach,NY,11561.0,,,,,,,,,,,,,,,,,
,,customers.csv,,,191.0,Graciela,Barber,(805) 656-6987,graciela.barber@hotmail.com,1 E. Young St. ,Oxnard,CA,93035.0,,,,,,,,,,,,,,,,,
,,customers.csv,,,192.0,Bong,Hebert,,bong.hebert@gmail.com,545 Brook St. ,Torrance,CA,90505.0,,,,,,,,,,,,,,,,,
,,customers.csv,,,193.0,Ayanna,Rhodes,,ayanna.rhodes@msn.com,7425 Pheasant St. ,Hicksville,NY,11801.0,,,,,,,,,,,,,,,,,
,,customers.csv,,,194.0,Dorine,Roberson,,dorine.roberson@msn.com,396 Meadowbrook Lane ,Santa Cruz,CA,95060.0,,,,,,,,,,,,,,,,,
,,customers.csv,,,195.0,Addie,Hahn,,addie.hahn@hotmail.com,8165 Baker Ave. ,Franklin Square,NY,11010.0,,,,,,,,,,,,,,,,,
,,customers.csv,,,196.0,Edythe,Valencia,,edythe.valencia@yahoo.com,9346 Wall St. ,North Tonawanda,NY,14120.0,,,,,,,,,,,,,,,,,
,,customers.csv,,,197.0,Andy,O'neill,,andy.o'neill@msn.com,9544 Mulberry Drive ,Rego Park,NY,11374.0,,,,,,,,,,,,,,,,,
,,customers.csv,,,198.0,Luis,Tyler,,luis.tyler@gmail.com,9568 Campfire Circle ,Amarillo,TX,79106.0,,,,,,,,,,,,,,,,,
,,customers.csv,,,199.0,Clelia,Workman,,clelia.workman@yahoo.com,620 North Somerset St. ,New Windsor,NY,12553.0,,,,,,,,,,,,,,,,,
,,customers.csv,,,200.0,Ashely,Holmes,,ashely.holmes@aol.com,45 High Ridge Ave. ,Farmingdale,NY,11735.0,,,,,,,,,,,,,,,,,
,,customers.csv,,,201.0,Candis,Harding,,candis.harding@gmail.com,33 NW. Cambridge Ave. ,Ballston Spa,NY,12020.0,,,,,,,,,,,,,,,,,
,,customers.csv,,,202.0,Marni,Bolton,(717) 670-6268,marni.bolton@msn.com,7469 Plymouth Ave. ,Lancaster,NY,14086.0,,,,,,,,,,,,,,,,,
,,customers.csv,,,203.0,Minerva,Decker,(281) 271-6390,minerva.decker@yahoo.com,794 Greenrose Street ,Houston,TX,77016.0,,,,,,,,,,,,,,,,,
,,customers.csv,,,204.0,Alpha,King,,alpha.king@hotmail.com,14 Henry Smith St. ,Rockville Centre,NY,11570.0,,,,,,,,,,,,,,,,,
,,customers.csv,,,205.0,Harris,Pittman,,harris.pittman@yahoo.com,404 Cherry Hill Road ,Jamaica,NY,11432.0,,,,,,,,,,,,,,,,,
,,customers.csv,,,206.0,Stephaine,Riddle,,stephaine.riddle@hotmail.com,199 Vermont Court ,Brooklyn,NY,11201.0,,,,,,,,,,,,,,,,,
,,customers.csv,,,207.0,Michel,Blankenship,,michel.blankenship@msn.com,382 West Hill Dr. ,Forney,TX,75126.0,,,,,,,,,,,,,,,,,
,,customers.csv,,,208.0,Denis,Logan,,denis.logan@msn.com,121 Rockcrest Street ,Ridgecrest,CA,93555.0,,,,,,,,,,,,,,,,,
,,customers.csv,,,209.0,Jutta,Everett,,jutta.everett@gmail.com,27 Taylor Ave. ,Selden,NY,11784.0,,,,,,,,,,,,,,,,,
,,customers.csv,,,210.0,Priscilla,Wilkins,(229) 322-2269,priscilla.wilkins@aol.com,653 Pawnee Rd. ,Albany,NY,12203.0,,,,,,,,,,,,,,,,,
,,customers.csv,,,211.0,Gilma,Dejesus,,gilma.dejesus@yahoo.com,777 Thompson Ave. ,Scarsdale,NY,10583.0,,,,,,,,,,,,,,,,,
,,customers.csv,,,212.0,Buford,Bridges,(248) 604-7346,buford.bridges@msn.com,239 Oak Valley Court ,Troy,NY,12180.0,,,,,,,,,,,,,,,,,
,,customers.csv,,,213.0,Elenore,Hensley,,elenore.hensley@hotmail.com,7037 Aspen St. ,Hamburg,NY,14075.0,,,,,,,,,,,,,,,,,
,,customers.csv,,,214.0,Ross,Pugh,,ross.pugh@msn.com,8598 Saxon St. ,North Tonawanda,NY,14120.0,,,,,,,,,,,,,,,,,
,,customers.csv,,,215.0,Judith,Finley,,judith.finley@hotmail.com,474 West Bank Road ,Whitestone,NY,11357.0,,,,,,,,,,,,,,,,,
,,customers.csv,,,216.0,Wai,Soto,,wai.soto@msn.com,30 Arch Drive ,Bethpage,NY,11714.0,,,,,,,,,,,,,,,,,
,,customers.csv,,,217.0,Carline,Collier,(559) 810-6070,carline.collier@msn.com,28 Trenton Lane ,Fresno,CA,93706.0,,,,,,,,,,,,,,,,,
,,customers.csv,,,218.0,Casey,Gill,,casey.gill@gmail.com,636 Prospect Avenue ,Port Washington,NY,11050.0,,,,,,,,,,,,,,,,,
,,customers.csv,,,219.0,Darcie,Morgan,(442) 618-7068,darcie.morgan@aol.com,476 East Adams Ave. ,Oceanside,NY,11572.0,,,,,,,,,,,,,,,,,
,,customers.csv,,,220.0,Lucio,Sherman,,lucio.sherman@gmail.com,842 Corona Ave. ,Smithtown,NY,11787.0,,,,,,,,,,,,,,,,,
,,customers.csv,,,221.0,Clementine,Mooney,,clementine.mooney@yahoo.com,678 Charles Court ,Mcallen,TX,78501.0,,,,,,,,,,,,,,,,,
,,customers.csv,,,222.0,Anya,Contreras,,anya.contreras@msn.com,38 Old Fairground St. ,East Northport,NY,11731.0,,,,,,,,,,,,,,,,,
,,customers.csv,,,223.0,Scarlet,Yates,,scarlet.yates@hotmail.com,687 Shirley St. ,Patchogue,NY,11772.0,,,,,,,,,,,,,,,,,
,,customers.csv,,,224.0,Moses,Pope,,moses.pope@yahoo.com,654 Theatre Street ,Lawndale,CA,90260.0,,,,,,,,,,,,,,,,,
,,customers.csv,,,225.0,Barbera,Riggs,,barbera.riggs@aol.com,12 Gartner Drive ,Plainview,NY,11803.0,,,,,,,,,,,,,,,,,
,,customers.csv,,,226.0,Kiana,Rivera,,kiana.rivera@gmail.com,9 Sheffield Dr. ,Richmond Hill,NY,11418.0,,,,,,,,,,,,,,,,,
,,customers.csv,,,227.0,Danielle,Bond,,danielle.bond@msn.com,8589 Shub Farm Street ,Patchogue,NY,11772.0,,,,,,,,,,,,,,,,,
,,customers.csv,,,228.0,Whitney,Estes,(631) 315-4020,whitney.estes@gmail.com,454 Bear Hill Street ,Brentwood,NY,11717.0,,,,,,,,,,,,,,,,,
,,customers.csv,,,229.0,Molly,Langley,,molly.langley@aol.com,63 Bridgeton Street ,Holbrook,NY,11741.0,,,,,,,,,,,,,,,,,
,,customers.csv,,,230.0,Chelsey,Hardin,,chelsey.hardin@hotmail.com,13 Brickyard Street ,Deer Park,NY,11729.0,,,,,,,,,,,,,,,,,
,,customers.csv,,,231.0,Jenee,Rasmussen,(916) 219-1774,jenee.rasmussen@hotmail.com,19 George Lane ,Sacramento,CA,95820.0,,,,,,,,,,,,,,,,,
,,customers.csv,,,232.0,Freddie,Mathis,,freddie.mathis@hotmail.com,31 Shady St. ,Euless,TX,76039.0,,,,,,,,,,,,,,,,,
,,customers.csv,,,233.0,Mariana,Strong,,mariana.strong@msn.com,972 Dunbar Dr. ,Santa Clara,CA,95050.0,,,,,,,,,,,,,,,,,
,,customers.csv,,,234.0,Winfred,Harris,,winfred.harris@msn.com,734 Glen Eagles St. ,East Meadow,NY,11554.0,,,,,,,,,,,,,,,,,
,,customers.csv,,,235.0,Jeromy,Elliott,,jeromy.elliott@gmail.com,7112 Laurel Street ,Bay Shore,NY,11706.0,,,,,,,,,,,,,,,,,
,,customers.csv,,,236.0,Verona,O'neill,,verona.o'neill@hotmail.com,8279 W. Sussex St. ,Selden,NY,11784.0,,,,,,,,,,,,,,,,,
,,customers.csv,,,237.0,Elvera,Peck,,elvera.peck@yahoo.com,759 Lakewood Street ,Banning,CA,92220.0,,,,,,,,,,,,,,,,,
,,customers.csv,,,238.0,Cindi,Larson,,cindi.larson@msn.com,896 Golden Star Rd. ,Howard Beach,NY,11414.0,,,,,,,,,,,,,,,,,
,,customers.csv,,,239.0,Felice,Guzman,,felice.guzman@hotmail.com,7 Creekside Lane ,Canyon Country,CA,91387.0,,,,,,,,,,,,,,,,,
,,customers.csv,,,240.0,Le,Deleon,,le.deleon@msn.com,58 Clark Court ,Banning,CA,92220.0,,,,,,,,,,,,,,,,,
,,customers.csv,,,241.0,Manie,Sanchez,,manie.sanchez@hotmail.com,471 Illinois Ave. ,Queensbury,NY,12804.0,,,,,,,,,,,,,,,,,
,,customers.csv,,,242.0,Rutha,Howell,,rutha.howell@gmail.com,9247 Jones Street ,Canyon Country,CA,91387.0,,,,,,,,,,,,,,,,,
,,customers.csv,,,243.0,Natosha,Rowland,,natosha.rowland@aol.com,51 Elmwood St. ,Ballston Spa,NY,12020.0,,,,,,,,,,,,,,,,,
,,customers.csv,,,244.0,Jessika,Bray,,jessika.bray@yahoo.com,37 East Greystone St. ,San Pablo,CA,94806.0,,,,,,,,,,,,,,,,,
,,customers.csv,,,245.0,Delila,Hamilton,,delila.hamilton@yahoo.com,7451 East James Ave. ,Palos Verdes Peninsula,CA,90274.0,,,,,,,,,,,,,,,,,
,,customers.csv,,,246.0,Dionne,Norris,,dionne.norris@yahoo.com,9993 Greenview Circle ,Niagara Falls,NY,14304.0,,,,,,,,,,,,,,,,,
,,customers.csv,,,247.0,Muriel,Juarez,,muriel.juarez@gmail.com,8073 Cemetery Drive ,Palos Verdes Peninsula,CA,90274.0,,,,,,,,,,,,,,,,,
,,customers.csv,,,248.0,Cecelia,Gill,,cecelia.gill@aol.com,372 Silver Spear Dr. ,Mcallen,TX,78501.0,,,,,,,,,,,,,,,,,
,,customers.csv,,,249.0,Magda,Eaton,,magda.eaton@aol.com,860 Middle River Street ,Ossining,NY,10562.0,,,,,,,,,,,,,,,,,
,,customers.csv,,,250.0,Ivonne,Yang,(915) 181-1950,ivonne.yang@gmail.com,7359 North Lake View St. ,El Paso,TX,79930.0,,,,,,,,,,,,,,,,,
,,customers.csv,,,251.0,Kasie,Rodriquez,,kasie.rodriquez@aol.com,7 North Beech St. ,Ballston Spa,NY,12020.0,,,,,,,,,,,,,,,,,
,,customers.csv,,,252.0,Eleni,Gordon,,eleni.gordon@hotmail.com,583 W. San Carlos Street ,Richmond Hill,NY,11418.0,,,,,,,,,,,,,,,,,
,,customers.csv,,,253.0,Maurice,Norton,,maurice.norton@hotmail.com,32 Mayflower Dr. ,Atwater,CA,95301.0,,,,,,,,,,,,,,,,,
,,customers.csv,,,254.0,Cristobal,Hutchinson,,cristobal.hutchinson@gmail.com,58 Washington Avenue ,Lawndale,CA,90260.0,,,,,,,,,,,,,,,,,
,,customers.csv,,,255.0,Flossie,Holder,,flossie.holder@msn.com,8459 W. Newport Court ,Massapequa Park,NY,11762.0,,,,,,,,,,,,,,,,,
,,customers.csv,,,256.0,Erma,Salinas,,erma.salinas@gmail.com,347 Sheffield St. ,Merrick,NY,11566.0,,,,,,,,,,,,,,,,,
,,customers.csv,,,257.0,Earl,Stanley,,earl.stanley@gmail.com,569 Lake Lane ,Elmhurst,NY,11373.0,,,,,,,,,,,,,,,,,
,,customers.csv,,,258.0,Maribel,William,,maribel.william@aol.com,65 Magnolia Ave. ,Torrance,CA,90505.0,,,,,,,,,,,,,,,,,
,,customers.csv,,,259.0,Johnathan,Velazquez,,johnathan.velazquez@hotmail.com,9680 E. Somerset Street ,Pleasanton,CA,94566.0,,,,,,,,,,,,,,,,,
,,customers.csv,,,260.0,Rodrick,Shelton,,rodrick.shelton@hotmail.com,7157 Addison Street ,Canyon Country,CA,91387.0,,,,,,,,,,,,,,,,,
,,customers.csv,,,261.0,Ferne,Kline,,ferne.kline@hotmail.com,303 Shady St. ,Fullerton,CA,92831.0,,,,,,,,,,,,,,,,,
,,customers.csv,,,262.0,Rubin,Decker,(716) 950-9835,rubin.decker@gmail.com,9875 Shady Ave. ,Buffalo,NY,14215.0,,,,,,,,,,,,,,,,,
,,customers.csv,,,263.0,Dortha,Jarvis,(442) 919-8256,dortha.jarvis@yahoo.com,76 Prince Drive ,Oceanside,NY,11572.0,,,,,,,,,,,,,,,,,
,,customers.csv,,,264.0,Mariela,Huffman,,mariela.huffman@gmail.com,531 Fieldstone Road ,Garden City,NY,11530.0,,,,,,,,,,,,,,,,,
,,customers.csv,,,265.0,Mellisa,Farley,,mellisa.farley@yahoo.com,21 West Princess St. ,Central Islip,NY,11722.0,,,,,,,,,,,,,,,,,
,,customers.csv,,,266.0,Myung,Hooper,,myung.hooper@gmail.com,951 Mill Road ,Elmont,NY,11003.0,,,,,,,,,,,,,,,,,
,,customers.csv,,,267.0,Angelina,Lloyd,,angelina.lloyd@yahoo.com,9593 North Sherman Dr. ,Apple Valley,CA,92307.0,,,,,,,,,,,,,,,,,
,,customers.csv,,,268.0,Trinity,Riddle,,trinity.riddle@aol.com,23 Oakland Lane ,Ballston Spa,NY,12020.0,,,,,,,,,,,,,,,,,
,,customers.csv,,,269.0,Barton,Crosby,,barton.crosby@msn.com,896 Edgewater St. ,Bellmore,NY,11710.0,,,,,,,,,,,,,,,,,
,,customers.csv,,,270.0,Claudio,Wise,,claudio.wise@hotmail.com,810 Oxford Ave. ,Kingston,NY,12401.0,,,,,,,,,,,,,,,,,
,,customers.csv,,,271.0,Katheleen,Marks,,katheleen.marks@yahoo.com,69 North Tower St. ,Longview,TX,75604.0,,,,,,,,,,,,,,,,,
,,customers.csv,,,272.0,Deja,Chaney,,deja.chaney@hotmail.com,52 Woodside Ave. ,Jamaica,NY,11432.0,,,,,,,,,,,,,,,,,
,,customers.csv,,,273.0,Queenie,Vance,,queenie.vance@gmail.com,172 Arcadia Ave. ,Ozone Park,NY,11417.0,,,,,,,,,,,,,,,,,
,,customers.csv,,,274.0,Josh,Shaw,,josh.shaw@gmail.com,212 North Leeton Ridge Street ,Hopewell Junction,NY,12533.0,,,,,,,,,,,,,,,,,
,,customers.csv,,,275.0,Pinkie,Kirkland,,pinkie.kirkland@yahoo.com,18 Myers St. ,San Angelo,TX,76901.0,,,,,,,,,,,,,,,,,
,,customers.csv,,,276.0,Lavette,Wright,,lavette.wright@msn.com,6 Windsor Street ,Ronkonkoma,NY,11779.0,,,,,,,,,,,,,,,,,
,,customers.csv,,,277.0,Mark,Garrett,,mark.garrett@msn.com,285 Rosewood Dr. ,Monroe,NY,10950.0,,,,,,,,,,,,,,,,,
,,customers.csv,,,278.0,Myesha,Burgess,,myesha.burgess@gmail.com,306 Trenton Rd. ,Campbell,CA,95008.0,,,,,,,,,,,,,,,,,
,,customers.csv,,,279.0,Justina,Long,,justina.long@aol.com,39 Littleton Ave. ,South El Monte,CA,91733.0,,,,,,,,,,,,,,,,,
,,customers.csv,,,280.0,Brenda,Tate,,brenda.tate@msn.com,36 Hilltop Street ,San Angelo,TX,76901.0,,,,,,,,,,,,,,,,,
,,customers.csv,,,281.0,Rayna,Perry,,rayna.perry@hotmail.com,7238 Oakland St. ,Ozone Park,NY,11417.0,,,,,,,,,,,,,,,,,
,,customers.csv,,,282.0,Randolph,Chase,,randolph.chase@yahoo.com,828 Bridle Ave. ,San Lorenzo,CA,94580.0,,,,,,,,,,,,,,,,,
,,customers.csv,,,283.0,Jaimee,Day,,jaimee.day@aol.com,7534 Whitemarsh Ave. ,Poughkeepsie,NY,12601.0,,,,,,,,,,,,,,,,,
,,customers.csv,,,284.0,Susann,Bass,,susann.bass@msn.com,21 Old Rock Maple Ave. ,Commack,NY,11725.0,,,,,,,,,,,,,,,,,
,,customers.csv,,,285.0,Leola,Gould,,leola.gould@gmail.com,8 Kirkland St. ,Astoria,NY,11102.0,,,,,,,,,,,,,,,,,
,,customers.csv,,,286.0,Virgil,Frost,,virgil.frost@gmail.com,9798 Beacon St. ,Levittown,NY,11756.0,,,,,,,,,,,,,,,,,
,,customers.csv,,,287.0,Mireille,Puckett,(805) 961-9909,mireille.puckett@hotmail.com,378 Purple Finch Drive ,Oxnard,CA,93035.0,,,,,,,,,,,,,,,,,
,,customers.csv,,,288.0,Keturah,Massey,,keturah.massey@msn.com,189 Arnold Drive ,Banning,CA,92220.0,,,,,,,,,,,,,,,,,
,,customers.csv,,,289.0,Charmain,Webster,,charmain.webster@hotmail.com,36 East Stonybrook Rd. ,Richardson,TX,75080.0,,,,,,,,,,,,,,,,,
,,customers.csv,,,290.0,Barry,Buckner,,barry.buckner@gmail.com,8779 High Noon Rd. ,Centereach,NY,11720.0,,,,,,,,,,,,,,,,,
,,customers.csv,,,291.0,Boyce,Burks,,boyce.burks@gmail.com,879 Harvey Dr. ,Sunnyside,NY,11104.0,,,,,,,,,,,,,,,,,
,,customers.csv,,,292.0,Monty,Frost,(516) 460-5396,monty.frost@aol.com,76 Foxrun Dr. ,Hempstead,NY,11550.0,,,,,,,,,,,,,,,,,
,,customers.csv,,,293.0,Tiny,French,,tiny.french@hotmail.com,7163 Hall St. ,Plainview,NY,11803.0,,,,,,,,,,,,,,,,,
,,customers.csv,,,294.0,Clementina,Sargent,,clementina.sargent@hotmail.com,9853 Catherine Road ,Rome,NY,13440.0,,,,,,,,,,,,,,,,,
,,customers.csv,,,295.0,Danny,Kim,,danny.kim@msn.com,74 Essex Drive ,South Ozone Park,NY,11420.0,,,,,,,,,,,,,,,,,
,,customers.csv,,,296.0,Sophia,Mcmillan,,sophia.mcmillan@msn.com,8541 S. Pleasant Street ,Uniondale,NY,11553.0,,,,,,,,,,,,,,,,,
,,customers.csv,,,297.0,Christia,Carson,,christia.carson@gmail.com,220 Orchard Street ,Helotes,TX,78023.0,,,,,,,,,,,,,,,,,
,,customers.csv,,,298.0,Jennie,Middleton,,jennie.middleton@gmail.com,95 High Noon Dr. ,Upland,CA,91784.0,,,,,,,,,,,,,,,,,
,,customers.csv,,,299.0,Jame,Riggs,,jame.riggs@hotmail.com,9237 Hudson Drive ,Bay Shore,NY,11706.0,,,,,,,,,,,,,,,,,
,,customers.csv,,,300.0,Rayford,Simon,,rayford.simon@msn.com,998 Whitemarsh Road ,Mountain View,CA,94043.0,,,,,,,,,,,,,,,,,
,,customers.csv,,,301.0,Annett,Garrett,,annett.garrett@yahoo.com,19 Euclid Lane ,Scarsdale,NY,10583.0,,,,,,,,,,,,,,,,,
,,customers.csv,,,302.0,Hayden,Cross,,hayden.cross@gmail.com,90 Pumpkin Hill St. ,Apple Valley,CA,92307.0,,,,,,,,,,,,,,,,,
,,customers.csv,,,303.0,Rolanda,Larsen,,rolanda.larsen@yahoo.com,5 West University Court ,Woodhaven,NY,11421.0,,,,,,,,,,,,,,,,,
,,customers.csv,,,304.0,Jayme,Zamora,,jayme.zamora@gmail.com,2 Ridge Lane ,Springfield Gardens,NY,11413.0,,,,,,,,,,,,,,,,,
,,customers.csv,,,305.0,Hope,Cotton,,hope.cotton@aol.com,9092 Blue Spring Dr. ,Redondo Beach,CA,90278.0,,,,,,,,,,,,,,,,,
,,customers.csv,,,306.0,Vikki,Erickson,,vikki.erickson@yahoo.com,24 Jones Street ,Kingston,NY,12401.0,,,,,,,,,,,,,,,,,
,,customers.csv,,,307.0,Fransisca,Nicholson,,fransisca.nicholson@aol.com,945 Schoolhouse Street ,Glendora,CA,91740.0,,,,,,,,,,,,,,,,,
,,customers.csv,,,308.0,Mazie,Fernandez,,mazie.fernandez@hotmail.com,583 Harvard Ave. ,Webster,NY,14580.0,,,,,,,,,,,,,,,,,
,,customers.csv,,,309.0,Anderson,Martin,,anderson.martin@hotmail.com,9051 Hillside Dr. ,Canandaigua,NY,14424.0,,,,,,,,,,,,,,,,,
,,customers.csv,,,310.0,Gilberto,Parsons,,gilberto.parsons@gmail.com,8115 North Edgewater Drive ,Middle Village,NY,11379.0,,,,,,,,,,,,,,,,,
,,customers.csv,,,311.0,Charise,Burt,(559) 888-2229,charise.burt@aol.com,582 Creek St. ,Fresno,CA,93706.0,,,,,,,,,,,,,,,,,
,,customers.csv,,,312.0,Cameron,Carroll,,cameron.carroll@yahoo.com,9133 South Halifax Ave. ,Longview,TX,75604.0,,,,,,,,,,,,,,,,,
,,customers.csv,,,313.0,Melani,Jarvis,,melani.jarvis@hotmail.com,8 Tunnel St. ,Maspeth,NY,11378.0,,,,,,,,,,,,,,,,,
,,customers.csv,,,314.0,Javier,Nichols,,javier.nichols@msn.com,8944 Marconi St. ,Rowlett,TX,75088.0,,,,,,,,,,,,,,,,,
,,customers.csv,,,315.0,Justina,Jenkins,,justina.jenkins@yahoo.com,8236 Creek St. ,Baldwin,NY,11510.0,,,,,,,,,,,,,,,,,
,,customers.csv,,,316.0,Hortencia,Graham,,hortencia.graham@aol.com,7764 Greenrose Street ,Euless,TX,76039.0,,,,,,,,,,,,,,,,,
,,customers.csv,,,317.0,Christia,Wilkins,,christia.wilkins@msn.com,7062 Willow Court ,Woodside,NY,11377.0,,,,,,,,,,,,,,,,,
,,customers.csv,,,318.0,Eliz,Whitney,,eliz.whitney@msn.com,523 Crescent Court ,Fullerton,CA,92831.0,,,,,,,,,,,,,,,,,
,,customers.csv,,,319.0,Justin,Newton,,justin.newton@hotmail.com,93 Shore Rd. ,Apple Valley,CA,92307.0,,,,,,,,,,,,,,,,,
,,customers.csv,,,320.0,Aron,Wiggins,(442) 497-3353,aron.wiggins@aol.com,6 Bradford St. ,Oceanside,NY,11572.0,,,,,,,,,,,,,,,,,
,,customers.csv,,,321.0,Chere,Hardin,,chere.hardin@yahoo.com,763 Fulton Road ,Brooklyn,NY,11201.0,,,,,,,,,,,,,,,,,
,,customers.csv,,,322.0,Merideth,Preston,,merideth.preston@yahoo.com,794 Rockaway St. ,Poughkeepsie,NY,12601.0,,,,,,,,,,,,,,,,,
,,customers.csv,,,323.0,Jeniffer,Slater,,jeniffer.slater@aol.com,30 Old Orange Lane ,Schenectady,NY,12302.0,,,,,,,,,,,,,,,,,
,,customers.csv,,,324.0,Laureen,Paul,,laureen.paul@yahoo.com,617 Squaw Creek Rd. ,Bellmore,NY,11710.0,,,,,,,,,,,,,,,,,
,,customers.csv,,,325.0,Berna,Moore,,berna.moore@hotmail.com,7230 Lafayette Drive ,Bronx,NY,10451.0,,,,,,,,,,,,,,,,,
,,customers.csv,,,326.0,Shiela,Calderon,,shiela.calderon@msn.com,844 Albany St. ,Rocklin,CA,95677.0,,,,,,,,,,,,,,,,,
,,customers.csv,,,327.0,Sharie,Alvarez,(212) 211-7621,sharie.alvarez@msn.com,987 West Leatherwood Dr. ,New York,NY,10002.0,,,,,,,,,,,,,,,,,
,,customers.csv,,,328.0,Bettie,Glover,,bettie.glover@gmail.com,9083 Addison Dr. ,Euless,TX,76039.0,,,,,,,,,,,,,,,,,
,,customers.csv,,,329.0,Marilyn,Frank,,marilyn.frank@aol.com,8878 Branch Street ,Port Chester,NY,10573.0,,,,,,,,,,,,,,,,,
,,customers.csv,,,330.0,Sheba,Knapp,,sheba.knapp@aol.com,86 Gates Street ,Woodside,NY,11377.0,,,,,,,,,,,,,,,,,
,,customers.csv,,,331.0,Aleta,Mack,,aleta.mack@yahoo.com,8869 W. Edgemont Lane ,Bay Shore,NY,11706.0,,,,,,,,,,,,,,,,,
,,customers.csv,,,332.0,Reena,Higgins,,reena.higgins@gmail.com,900 South Columbia Street ,Canyon Country,CA,91387.0,,,,,,,,,,,,,,,,,
,,customers.csv,,,333.0,Ami,Mcmahon,,ami.mcmahon@aol.com,566 Hilldale Drive ,Sunnyside,NY,11104.0,,,,,,,,,,,,,,,,,
,,customers.csv,,,334.0,Somer,Jordan,,somer.jordan@msn.com,7046 Helen Avenue ,Huntington Station,NY,11746.0,,,,,,,,,,,,,,,,,
,,customers.csv,,,335.0,Scarlet,Reed,,scarlet.reed@hotmail.com,151 S. Myers Court ,Bronx,NY,10451.0,,,,,,,,,,,,,,,,,
,,customers.csv,,,336.0,Trisha,Johnson,(717) 126-8787,trisha.johnson@msn.com,59 Wild Horse St. ,Lancaster,NY,14086.0,,,,,,,,,,,,,,,,,
,,customers.csv,,,337.0,Majorie,Wyatt,,majorie.wyatt@yahoo.com,8507 Miller St. ,South Ozone Park,NY,11420.0,,,,,,,,,,,,,,,,,
,,customers.csv,,,338.0,Abbey,Pugh,,abbey.pugh@gmail.com,26 Market Drive ,Forest Hills,NY,11375.0,,,,,,,,,,,,,,,,,
,,customers.csv,,,339.0,Tamela,Harrell,,tamela.harrell@aol.com,7316 Cypress Rd. ,Central Islip,NY,11722.0,,,,,,,,,,,,,,,,,
,,customers.csv,,,340.0,Yanira,Bradshaw,,yanira.bradshaw@gmail.com,7484 Ann Court ,Smithtown,NY,11787.0,,,,,,,,,,,,,,,,,
,,customers.csv,,,341.0,Delana,Scott,,delana.scott@yahoo.com,7372 Ridgeview St. ,Mount Vernon,NY,10550.0,,,,,,,,,,,,,,,,,
,,customers.csv,,,342.0,Cassondra,Pruitt,,cassondra.pruitt@aol.com,4 Alderwood Circle ,Merrick,NY,11566.0,,,,,,,,,,,,,,,,,
,,customers.csv,,,343.0,Jesica,Fields,,jesica.fields@yahoo.com,318 Country Dr. ,Commack,NY,11725.0,,,,,,,,,,,,,,,,,
,,customers.csv,,,344.0,Herta,Rollins,,herta.rollins@msn.com,287 1st Drive ,Mountain View,CA,94043.0,,,,,,,,,,,,,,,,,
,,customers.csv,,,345.0,Mi,Gray,(229) 813-2130,mi.gray@aol.com,27 Roehampton Dr. ,Albany,NY,12203.0,,,,,,,,,,,,,,,,,
,,customers.csv,,,346.0,Jacalyn,Barnett,,jacalyn.barnett@gmail.com,7537 Swanson Street ,Maspeth,NY,11378.0,,,,,,,,,,,,,,,,,
,,customers.csv,,,347.0,Kanesha,Hudson,(510) 788-7298,kanesha.hudson@gmail.com,8293 Gartner Drive ,Oakland,CA,94603.0,,,,,,,,,,,,,,,,,
,,customers.csv,,,348.0,Darren,Witt,,darren.witt@aol.com,916 Hillcrest Ave. ,Coachella,CA,92236.0,,,,,,,,,,,,,,,,,
,,customers.csv,,,349.0,Mable,Pratt,,mable.pratt@gmail.com,254 SW. Temple Street ,Coachella,CA,92236.0,,,,,,,,,,,,,,,,,
,,customers.csv,,,350.0,Christoper,Mccall,,christoper.mccall@msn.com,72 Summit St. ,Bay Shore,NY,11706.0,,,,,,,,,,,,,,,,,
,,customers.csv,,,351.0,Margorie,Wynn,,margorie.wynn@gmail.com,707 Schoolhouse St. ,Monsey,NY,10952.0,,,,,,,,,,,,,,,,,
,,customers.csv,,,352.0,Josef,Greer,,josef.greer@gmail.com,92 Summer Court ,Jamaica,NY,11432.0,,,,,,,,,,,,,,,,,
,,customers.csv,,,353.0,Tisa,Whitney,,tisa.whitney@yahoo.com,549 Newbridge Dr. ,Monsey,NY,10952.0,,,,,,,,,,,,,,,,,
,,customers.csv,,,354.0,Tonda,Armstrong,,tonda.armstrong@aol.com,19 Forest Rd. ,Sunnyside,NY,11104.0,,,,,,,,,,,,,,,,,
,,customers.csv,,,355.0,Arvilla,Weiss,,arvilla.weiss@msn.com,477 Blue Spring St. ,Bay Shore,NY,11706.0,,,,,,,,,,,,,,,,,
,,customers.csv,,,356.0,Vashti,Rosario,,vashti.rosario@yahoo.com,623 Johnson Circle ,Bronx,NY,10451.0,,,,,,,,,,,,,,,,,
,,customers.csv,,,357.0,Sheri,Cole,(408) 658-2285,sheri.cole@aol.com,479 Chapel Court ,San Jose,CA,95127.0,,,,,,,,,,,,,,,,,
,,customers.csv,,,358.0,Kandace,Giles,,kandace.giles@msn.com,30 NE. Walt Whitman Drive ,Wantagh,NY,11793.0,,,,,,,,,,,,,,,,,
,,customers.csv,,,359.0,Angie,Powers,,angie.powers@aol.com,6 Rockland Dr. ,Pomona,CA,91768.0,,,,,,,,,,,,,,,,,
,,customers.csv,,,360.0,Van,Peters,(281) 658-7772,van.peters@yahoo.com,45 Fifth Dr. ,Houston,TX,77016.0,,,,,,,,,,,,,,,,,
,,customers.csv,,,361.0,Virgina,Berg,,virgina.berg@yahoo.com,804 South Purple Finch Drive ,Valley Stream,NY,11580.0,,,,,,,,,,,,,,,,,
,,customers.csv,,,362.0,Olevia,Noel,,olevia.noel@yahoo.com,39 N. Rosewood Dr. ,Kingston,NY,12401.0,,,,,,,,,,,,,,,,,
,,customers.csv,,,363.0,Kaci,Gallegos,,kaci.gallegos@gmail.com,8573 Halifax St. ,Ballston Spa,NY,12020.0,,,,,,,,,,,,,,,,,
,,customers.csv,,,364.0,Bev,Chang,,bev.chang@yahoo.com,104 Rockville St. ,Ithaca,NY,14850.0,,,,,,,,,,,,,,,,,
,,customers.csv,,,365.0,Rodger,Rojas,,rodger.rojas@yahoo.com,8442 Cooper Ave. ,Bayside,NY,11361.0,,,,,,,,,,,,,,,,,
,,customers.csv,,,366.0,Lavonne,Anderson,,lavonne.anderson@aol.com,9420 Wintergreen Court ,Floral Park,NY,11001.0,,,,,,,,,,,,,,,,,
,,customers.csv,,,367.0,Blanca,Hooper,,blanca.hooper@msn.com,340 Bald Hill St. ,Ozone Park,NY,11417.0,,,,,,,,,,,,,,,,,
,,customers.csv,,,368.0,Alysha,Powers,,alysha.powers@msn.com,39 West Marshall Ave. ,Forest Hills,NY,11375.0,,,,,,,,,,,,,,,,,
,,customers.csv,,,369.0,Mary,Singleton,,mary.singleton@hotmail.com,474 Amerige Ave. ,Woodside,NY,11377.0,,,,,,,,,,,,,,,,,
,,customers.csv,,,370.0,Jina,Cooper,,jina.cooper@aol.com,8947 W. Lexington Rd. ,Howard Beach,NY,11414.0,,,,,,,,,,,,,,,,,
,,customers.csv,,,371.0,Loni,Duncan,,loni.duncan@gmail.com,80 Saxton Lane ,Rosedale,NY,11422.0,,,,,,,,,,,,,,,,,
,,customers.csv,,,372.0,Collene,Roman,,collene.roman@aol.com,30 North Argyle Dr. ,Wappingers Falls,NY,12590.0,,,,,,,,,,,,,,,,,
,,customers.csv,,,373.0,Mariette,Trevino,,mariette.trevino@aol.com,4 Border Court ,Utica,NY,13501.0,,,,,,,,,,,,,,,,,
,,customers.csv,,,374.0,Candelaria,Coffey,,candelaria.coffey@aol.com,45 Newport Lane ,Merrick,NY,11566.0,,,,,,,,,,,,,,,,,
,,customers.csv,,,375.0,Yan,Trevino,,yan.trevino@gmail.com,796 Jefferson Rd. ,Uniondale,NY,11553.0,,,,,,,,,,,,,,,,,
,,customers.csv,,,376.0,Elanor,Patrick,,elanor.patrick@aol.com,51 Howard Ave. ,Victoria,TX,77904.0,,,,,,,,,,,,,,,,,
,,customers.csv,,,377.0,Klara,Mosley,,klara.mosley@gmail.com,518 Devon Court ,Port Chester,NY,10573.0,,,,,,,,,,,,,,,,,
,,customers.csv,,,378.0,Rosalba,O'neal,,rosalba.o'neal@yahoo.com,7517 Pennsylvania St. ,Mount Vernon,NY,10550.0,,,,,,,,,,,,,,,,,
,,customers.csv,,,379.0,Mina,Carrillo,,mina.carrillo@aol.com,8659 Trenton Lane ,Uniondale,NY,11553.0,,,,,,,,,,,,,,,,,
,,customers.csv,,,380.0,Alesia,Horne,,alesia.horne@aol.com,9229 Amherst Lane ,Selden,NY,11784.0,,,,,,,,,,,,,,,,,
,,customers.csv,,,381.0,Kristen,Alvarez,,kristen.alvarez@aol.com,9778 North River St. ,Bronx,NY,10451.0,,,,,,,,,,,,,,,,,
,,customers.csv,,,382.0,Collin,Webster,,collin.webster@aol.com,475 Cottage Rd. ,Howard Beach,NY,11414.0,,,,,,,,,,,,,,,,,
,,customers.csv,,,383.0,Ashlee,Pena,,ashlee.pena@aol.com,966 Highland St. ,Whitestone,NY,11357.0,,,,,,,,,,,,,,,,,
,,customers.csv,,,384.0,Aimee,Merritt,,aimee.merritt@yahoo.com,537 East Meadowbrook St. ,Flushing,NY,11354.0,,,,,,,,,,,,,,,,,
,,customers.csv,,,385.0,Rochelle,Ward,,rochelle.ward@yahoo.com,7855 La Sierra Street ,Glendora,CA,91740.0,,,,,,,,,,,,,,,,,
,,customers.csv,,,386.0,Nelle,Beck,,nelle.beck@aol.com,8998 Wakehurst Drive ,Upland,CA,91784.0,,,,,,,,,,,,,,,,,
,,customers.csv,,,387.0,Kaila,Walters,,kaila.walters@msn.com,57 Gates Drive ,Elmhurst,NY,11373.0,,,,,,,,,,,,,,,,,
,,customers.csv,,,388.0,Aleta,Stone,,aleta.stone@aol.com,8 Elm Dr. ,Whitestone,NY,11357.0,,,,,,,,,,,,,,,,,
,,customers.csv,,,389.0,Leif,Short,,leif.short@gmail.com,962 Carpenter Ave. ,San Angelo,TX,76901.0,,,,,,,,,,,,,,,,,
,,customers.csv,,,390.0,Lorrie,Pollard,,lorrie.pollard@yahoo.com,7834 Shore Ave. ,Ronkonkoma,NY,11779.0,,,,,,,,,,,,,,,,,
,,customers.csv,,,391.0,Vernita,Ball,,vernita.ball@gmail.com,126 Arnold Dr. ,Los Banos,CA,93635.0,,,,,,,,,,,,,,,,,
,,customers.csv,,,392.0,Cyndi,Bush,,cyndi.bush@gmail.com,18 Smoky Hollow Drive ,Elmhurst,NY,11373.0,,,,,,,,,,,,,,,,,
,,customers.csv,,,393.0,Gertrude,Terry,,gertrude.terry@hotmail.com,34 Airport Dr. ,Upland,CA,91784.0,,,,,,,,,,,,,,,,,
,,customers.csv,,,394.0,Virgen,Clemons,,virgen.clemons@gmail.com,354 Cactus Drive ,South El Monte,CA,91733.0,,,,,,,,,,,,,,,,,
,,customers.csv,,,395.0,Fairy,Robinson,,fairy.robinson@msn.com,8837 Joy Ridge St. ,Liverpool,NY,13090.0,,,,,,,,,,,,,,,,,
,,customers.csv,,,396.0,Laverna,Hernandez,,laverna.hernandez@hotmail.com,34 South Longfellow St. ,Niagara Falls,NY,14304.0,,,,,,,,,,,,,,,,,
,,customers.csv,,,397.0,Jeannie,Wilcox,,jeannie.wilcox@yahoo.com,7744 Miles Dr. ,Franklin Square,NY,11010.0,,,,,,,,,,,,,,,,,
,,customers.csv,,,398.0,Suellen,Mercado,,suellen.mercado@yahoo.com,3 Taylor Drive ,Sunnyside,NY,11104.0,,,,,,,,,,,,,,,,,
,,customers.csv,,,399.0,Bart,Hess,,bart.hess@aol.com,799 N. Maiden Street ,Kingston,NY,12401.0,,,,,,,,,,,,,,,,,
,,customers.csv,,,400.0,Alfredo,Dodson,,alfredo.dodson@hotmail.com,8960 Glenholme Dr. ,Depew,NY,14043.0,,,,,,,,,,,,,,,,,
,,customers.csv,,,401.0,Shaunda,Barnett,,shaunda.barnett@gmail.com,9366 San Carlos Lane ,Longview,TX,75604.0,,,,,,,,,,,,,,,,,
,,customers.csv,,,402.0,Kerrie,Morton,,kerrie.morton@hotmail.com,8772 State St. ,Pittsford,NY,14534.0,,,,,,,,,,,,,,,,,
,,customers.csv,,,403.0,Elouise,Fry,,elouise.fry@aol.com,49 Bohemia Street ,Canyon Country,CA,91387.0,,,,,,,,,,,,,,,,,
,,customers.csv,,,404.0,Augustus,Steele,,augustus.steele@aol.com,7474 N. Orchard St. ,Ballston Spa,NY,12020.0,,,,,,,,,,,,,,,,,
,,customers.csv,,,405.0,Greta,Page,,greta.page@hotmail.com,8316 Augusta Drive ,Commack,NY,11725.0,,,,,,,,,,,,,,,,,
,,customers.csv,,,406.0,Kerrie,O'neill,,kerrie.o'neill@gmail.com,69 Wellington Ave. ,Shirley,NY,11967.0,,,,,,,,,,,,,,,,,
,,customers.csv,,,407.0,Dannette,Guerrero,,dannette.guerrero@gmail.com,68 Carriage Street ,San Pablo,CA,94806.0,,,,,,,,,,,,,,,,,
,,customers.csv,,,408.0,Edra,Fitzgerald,,edra.fitzgerald@msn.com,8892 Birchwood St. ,Central Islip,NY,11722.0,,,,,,,,,,,,,,,,,
,,customers.csv,,,409.0,Jerome,Bolton,,jerome.bolton@msn.com,9921 Argyle Street ,Carmel,NY,10512.0,,,,,,,,,,,,,,,,,
,,customers.csv,,,410.0,Conception,Slater,,conception.slater@gmail.com,5 Sunset Street ,Bellmore,NY,11710.0,,,,,,,,,,,,,,,,,
,,customers.csv,,,411.0,Octavia,Case,(212) 171-1335,octavia.case@aol.com,40 Charles Road ,New York,NY,10002.0,,,,,,,,,,,,,,,,,
,,customers.csv,,,412.0,Dexter,Roberts,,dexter.roberts@gmail.com,84 Thatcher Court ,Sunnyside,NY,11104.0,,,,,,,,,,,,,,,,,
,,customers.csv,,,413.0,Ginette,Edwards,,ginette.edwards@hotmail.com,9262 NW. Center Ave. ,Baldwin,NY,11510.0,,,,,,,,,,,,,,,,,
,,customers.csv,,,414.0,Romaine,Haley,,romaine.haley@aol.com,737 Edgefield Drive ,Ithaca,NY,14850.0,,,,,,,,,,,,,,,,,
,,customers.csv,,,415.0,Gwendolyn,Miller,,gwendolyn.miller@msn.com,90 Fordham Ave. ,Harlingen,TX,78552.0,,,,,,,,,,,,,,,,,
,,customers.csv,,,416.0,Luke,Fuller,(516) 363-2253,luke.fuller@hotmail.com,576 Cleveland Lane ,Hempstead,NY,11550.0,,,,,,,,,,,,,,,,,
,,customers.csv,,,417.0,Zoraida,Patton,,zoraida.patton@aol.com,95 Grand Dr. ,Huntington Station,NY,11746.0,,,,,,,,,,,,,,,,,
,,customers.csv,,,418.0,Georgeanna,Webster,(805) 885-8830,georgeanna.webster@msn.com,40 Creekside Circle ,Oxnard,CA,93035.0,,,,,,,,,,,,,,,,,
,,customers.csv,,,419.0,Krystin,Marshall,,krystin.marshall@hotmail.com,10 Old Proctor Lane ,Poughkeepsie,NY,12601.0,,,,,,,,,,,,,,,,,
,,customers.csv,,,420.0,Vince,Schneider,,vince.schneider@hotmail.com,473 Corona Ave. ,Merrick,NY,11566.0,,,,,,,,,,,,,,,,,
,,customers.csv,,,421.0,Iola,Rasmussen,,iola.rasmussen@yahoo.com,283 N. Manor Station Dr. ,Monroe,NY,10950.0,,,,,,,,,,,,,,,,,
,,customers.csv,,,422.0,Valery,Saunders,,valery.saunders@msn.com,42 Marlborough St. ,Victoria,TX,77904.0,,,,,,,,,,,,,,,,,
,,customers.csv,,,423.0,Johna,Powers,,johna.powers@hotmail.com,379 Central Ave. ,Deer Park,NY,11729.0,,,,,,,,,,,,,,,,,
,,customers.csv,,,424.0,Charleen,Hurst,,charleen.hurst@yahoo.com,87 Country Avenue ,Utica,NY,13501.0,,,,,,,,,,,,,,,,,
,,customers.csv,,,425.0,Augustina,Joyner,,augustina.joyner@aol.com,7931 Honey Creek Court ,Mount Vernon,NY,10550.0,,,,,,,,,,,,,,,,,
,,customers.csv,,,426.0,Daisy,Ward,,daisy.ward@msn.com,45 Silver Spear Ave. ,Pomona,CA,91768.0,,,,,,,,,,,,,,,,,
,,customers.csv,,,427.0,Latonya,Dixon,,latonya.dixon@hotmail.com,9399 Evergreen Street ,Garland,TX,75043.0,,,,,,,,,,,,,,,,,
,,customers.csv,,,428.0,Hipolito,Padilla,,hipolito.padilla@hotmail.com,311 E. Rose Avenue ,New Rochelle,NY,10801.0,,,,,,,,,,,,,,,,,
,,customers.csv,,,429.0,Emmett,Casey,,emmett.casey@yahoo.com,893 Logan St. ,Valley Stream,NY,11580.0,,,,,,,,,,,,,,,,,
,,customers.csv,,,430.0,Kandi,Mcneil,,kandi.mcneil@msn.com,402 Border Street ,Massapequa Park,NY,11762.0,,,,,,,,,,,,,,,,,
,,customers.csv,,,431.0,Luciano,Marsh,,luciano.marsh@aol.com,7685 South Willow Drive ,Bellmore,NY,11710.0,,,,,,,,,,,,,,,,,
,,customers.csv,,,432.0,Julius,Holt,,julius.holt@aol.com,386 Lower River Street ,East Meadow,NY,11554.0,,,,,,,,,,,,,,,,,
,,customers.csv,,,433.0,Holly,Nieves,,holly.nieves@aol.com,60 Cleveland St. ,Longview,TX,75604.0,,,,,,,,,,,,,,,,,
,,customers.csv,,,434.0,Douglass,Little,,douglass.little@hotmail.com,294 Harvey Drive ,Duarte,CA,91010.0,,,,,,,,,,,,,,,,,
,,customers.csv,,,435.0,Izola,Hobbs,,izola.hobbs@gmail.com,685 Beacon Dr. ,Woodhaven,NY,11421.0,,,,,,,,,,,,,,,,,
,,customers.csv,,,436.0,Honey,Camacho,,honey.camacho@gmail.com,934 2nd St. ,Bayside,NY,11361.0,,,,,,,,,,,,,,,,,
,,customers.csv,,,437.0,Laureen,Barry,,laureen.barry@yahoo.com,909 Ridge St. ,Orchard Park,NY,14127.0,,,,,,,,,,,,,,,,,
,,customers.csv,,,438.0,Katharine,Herrera,,katharine.herrera@hotmail.com,395 SE. Branch St. ,Queensbury,NY,12804.0,,,,,,,,,,,,,,,,,
,,customers.csv,,,439.0,Sunshine,Rosario,,sunshine.rosario@aol.com,1 Chestnut Lane ,Jamaica,NY,11432.0,,,,,,,,,,,,,,,,,
,,customers.csv,,,440.0,Yevette,Todd,,yevette.todd@aol.com,119 Lakewood Rd. ,Ballston Spa,NY,12020.0,,,,,,,,,,,,,,,,,
,,customers.csv,,,441.0,Dorthea,Walker,,dorthea.walker@aol.com,11 Third St. ,Port Washington,NY,11050.0,,,,,,,,,,,,,,,,,
,,customers.csv,,,442.0,Alane,Munoz,(914) 706-7576,alane.munoz@gmail.com,8 Strawberry Dr. ,Yonkers,NY,10701.0,,,,,,,,,,,,,,,,,
,,customers.csv,,,443.0,Ayana,Keith,(805) 230-2101,ayana.keith@hotmail.com,182 Thorne Road ,Oxnard,CA,93035.0,,,,,,,,,,,,,,,,,
,,customers.csv,,,444.0,Caridad,Compton,,caridad.compton@aol.com,9575 SW. Kingston Court ,San Lorenzo,CA,94580.0,,,,,,,,,,,,,,,,,
,,customers.csv,,,445.0,Earline,Ballard,,earline.ballard@hotmail.com,939 Lyme Road ,Mount Vernon,NY,10550.0,,,,,,,,,,,,,,,,,
,,customers.csv,,,446.0,Nathanael,Bradley,,nathanael.bradley@aol.com,58 Third St. ,Amsterdam,NY,12010.0,,,,,,,,,,,,,,,,,
,,customers.csv,,,447.0,Chasidy,Tran,,chasidy.tran@msn.com,9286 Anderson Street ,Vista,CA,92083.0,,,,,,,,,,,,,,,,,
,,customers.csv,,,448.0,Janella,Bright,(507) 616-2958,janella.bright@aol.com,7317 Tower Dr. ,Rochester,NY,14606.0,,,,,,,,,,,,,,,,,
,,customers.csv,,,449.0,Josie,Schultz,,josie.schultz@hotmail.com,225 Mammoth Street ,Canyon Country,CA,91387.0,,,,,,,,,,,,,,,,,
,,customers.csv,,,450.0,Ellsworth,Michael,,ellsworth.michael@yahoo.com,9982 White St. ,Carmel,NY,10512.0,,,,,,,,,,,,,,,,,
,,customers.csv,,,451.0,Jennette,Wooten,,jennette.wooten@msn.com,8221 Bow Ridge Lane ,Rowlett,TX,75088.0,,,,,,,,,,,,,,,,,
,,customers.csv,,,452.0,Cassandra,Nichols,,cassandra.nichols@yahoo.com,4 Glenwood Circle ,Hicksville,NY,11801.0,,,,,,,,,,,,,,,,,
,,customers.csv,,,453.0,Courtney,Wyatt,,courtney.wyatt@gmail.com,369 Arrowhead St. ,Garden City,NY,11530.0,,,,,,,,,,,,,,,,,
,,customers.csv,,,454.0,Terese,Palmer,,terese.palmer@hotmail.com,8 Sugar Drive ,Bay Shore,NY,11706.0,,,,,,,,,,,,,,,,,
,,customers.csv,,,455.0,Sherita,Cherry,,sherita.cherry@gmail.com,9636 Old Cedarwood Street ,Liverpool,NY,13090.0,,,,,,,,,,,,,,,,,
,,customers.csv,,,456.0,Serina,Hensley,,serina.hensley@yahoo.com,53 Proctor Drive ,Jamaica,NY,11432.0,,,,,,,,,,,,,,,,,
,,customers.csv,,,457.0,Jeni,Farley,,jeni.farley@aol.com,4 Mill Lane ,Richmond Hill,NY,11418.0,,,,,,,,,,,,,,,,,
,,customers.csv,,,458.0,Everett,Vega,,everett.vega@yahoo.com,7859 James Ave. ,Holbrook,NY,11741.0,,,,,,,,,,,,,,,,,
,,customers.csv,,,459.0,Latosha,Dalton,(661) 529-4501,latosha.dalton@yahoo.com,59 E. Wintergreen Ave. ,Bakersfield,CA,93306.0,,,,,,,,,,,,,,,,,
,,customers.csv,,,460.0,Romelia,Myers,,romelia.myers@msn.com,8630 Brook St. ,Garden City,NY,11530.0,,,,,,,,,,,,,,,,,
,,customers.csv,,,461.0,Effie,Jenkins,(631) 477-1277,effie.jenkins@msn.com,75 South Glen Eagles Court ,Brentwood,NY,11717.0,,,,,,,,,,,,,,,,,
,,customers.csv,,,462.0,Efren,Oliver,,efren.oliver@gmail.com,9343 1st Rd. ,Nanuet,NY,10954.0,,,,,,,,,,,,,,,,,
,,customers.csv,,,463.0,Jerlene,Rios,,jerlene.rios@yahoo.com,32 Griffin St. ,Plainview,NY,11803.0,,,,,,,,,,,,,,,,,
,,customers.csv,,,464.0,Bess,Mcbride,,bess.mcbride@yahoo.com,9832 Winchester St. ,Garden City,NY,11530.0,,,,,,,,,,,,,,,,,
,,customers.csv,,,465.0,Birdie,Kramer,(248) 725-2174,birdie.kramer@hotmail.com,311 Newcastle Dr. ,Troy,NY,12180.0,,,,,,,,,,,,,,,,,
,,customers.csv,,,466.0,Collen,Hayes,,collen.hayes@yahoo.com,117 Eagle St. ,Smithtown,NY,11787.0,,,,,,,,,,,,,,,,,
,,customers.csv,,,467.0,Clare,Neal,,clare.neal@msn.com,8922 Shady Ave. ,Mahopac,NY,10541.0,,,,,,,,,,,,,,,,,
,,customers.csv,,,468.0,Jeanett,Herman,,jeanett.herman@hotmail.com,839 East Arch Street ,Lindenhurst,NY,11757.0,,,,,,,,,,,,,,,,,
,,customers.csv,,,469.0,Micki,Rutledge,,micki.rutledge@aol.com,9868 Marvon Street ,Richmond Hill,NY,11418.0,,,,,,,,,,,,,,,,,
,,customers.csv,,,470.0,Loise,Walker,,loise.walker@aol.com,201 Glen Eagles St. ,Shirley,NY,11967.0,,,,,,,,,,,,,,,,,
,,customers.csv,,,471.0,Burma,Summers,,burma.summers@yahoo.com,890 East Elmwood Street ,Freeport,NY,11520.0,,,,,,,,,,,,,,,,,
,,customers.csv,,,472.0,Myron,Ruiz,,myron.ruiz@gmail.com,45 Shadow Brook Lane ,Amityville,NY,11701.0,,,,,,,,,,,,,,,,,
,,customers.csv,,,473.0,Lashawna,Richardson,,lashawna.richardson@hotmail.com,9920 Purple Finch St. ,Baldwin,NY,11510.0,,,,,,,,,,,,,,,,,
,,customers.csv,,,474.0,Lavern,Orr,,lavern.orr@hotmail.com,913 N. Young Street ,Webster,NY,14580.0,,,,,,,,,,,,,,,,,
,,customers.csv,,,475.0,Alec,Peck,,alec.peck@hotmail.com,4 W. Belmont St. ,Victoria,TX,77904.0,,,,,,,,,,,,,,,,,
,,customers.csv,,,476.0,Christopher,Richardson,,christopher.richardson@gmail.com,7846 Windfall Dr. ,Santa Cruz,CA,95060.0,,,,,,,,,,,,,,,,,
,,customers.csv,,,477.0,Arminda,Weber,,arminda.weber@yahoo.com,6 Hill Field St. ,Bellmore,NY,11710.0,,,,,,,,,,,,,,,,,
,,customers.csv,,,478.0,Emmett,Hahn,,emmett.hahn@hotmail.com,7727 6th St. ,Freeport,NY,11520.0,,,,,,,,,,,,,,,,,
,,customers.csv,,,479.0,Gertha,Mejia,,gertha.mejia@yahoo.com,518 Orchard St. ,Flushing,NY,11354.0,,,,,,,,,,,,,,,,,
,,customers.csv,,,480.0,Garland,Weaver,,garland.weaver@gmail.com,7161 Goldfield Court ,Amsterdam,NY,12010.0,,,,,,,,,,,,,,,,,
,,customers.csv,,,481.0,Jayson,Rutledge,,jayson.rutledge@yahoo.com,8672 Coffee St. ,Lake Jackson,TX,77566.0,,,,,,,,,,,,,,,,,
,,customers.csv,,,482.0,Narcisa,Knapp,,narcisa.knapp@aol.com,435 Dogwood Dr. ,Amarillo,TX,79106.0,,,,,,,,,,,,,,,,,
,,customers.csv,,,483.0,Gayla,Sims,,gayla.sims@gmail.com,98 Hall Street ,Lindenhurst,NY,11757.0,,,,,,,,,,,,,,,,,
,,customers.csv,,,484.0,Chelsey,Boyd,,chelsey.boyd@yahoo.com,9569 Birchpond Ave. ,Euless,TX,76039.0,,,,,,,,,,,,,,,,,
,,customers.csv,,,485.0,Catherine,Miles,,catherine.miles@msn.com,7189 Elm Dr. ,East Elmhurst,NY,11369.0,,,,,,,,,,,,,,,,,
,,customers.csv,,,486.0,Valeri,Marshall,,valeri.marshall@hotmail.com,494 East Brewery Dr. ,East Meadow,NY,11554.0,,,,,,,,,,,,,,,,,
,,customers.csv,,,487.0,Grace,Madden,,grace.madden@gmail.com,606 East Rocky River St. ,San Pablo,CA,94806.0,,,,,,,,,,,,,,,,,
,,customers.csv,,,488.0,Joaquin,Hawkins,(657) 557-1746,joaquin.hawkins@aol.com,3 Oklahoma Lane ,Anaheim,CA,92806.0,,,,,,,,,,,,,,,,,
,,customers.csv,,,489.0,Kirstie,Vazquez,,kirstie.vazquez@gmail.com,8006 Rockland Ave. ,Saratoga Springs,NY,12866.0,,,,,,,,,,,,,,,,,
,,customers.csv,,,490.0,Yu,Mcdonald,,yu.mcdonald@aol.com,784 Pheasant Rd. ,Ossining,NY,10562.0,,,,,,,,,,,,,,,,,
,,customers.csv,,,491.0,Celestine,Jacobs,,celestine.jacobs@gmail.com,87 Hanover Rd. ,Massapequa,NY,11758.0,,,,,,,,,,,,,,,,,
,,customers.csv,,,492.0,Justa,Thompson,,justa.thompson@aol.com,43 Manor Ave. ,Corona,NY,11368.0,,,,,,,,,,,,,,,,,
,,customers.csv,,,493.0,Lise,Alvarado,,lise.alvarado@gmail.com,9816 Newcastle Dr. ,Hamburg,NY,14075.0,,,,,,,,,,,,,,,,,
,,customers.csv,,,494.0,Pearl,Fox,,pearl.fox@yahoo.com,9415 Honey Creek Dr. ,Uniondale,NY,11553.0,,,,,,,,,,,,,,,,,
,,customers.csv,,,495.0,Travis,Goodman,,travis.goodman@yahoo.com,65 Rockcrest Dr. ,Los Banos,CA,93635.0,,,,,,,,,,,,,,,,,
,,customers.csv,,,496.0,Shu,Mays,,shu.mays@gmail.com,996 St Margarets Lane ,Astoria,NY,11102.0,,,,,,,,,,,,,,,,,
,,customers.csv,,,497.0,Ezra,Fowler,,ezra.fowler@hotmail.com,16 Pearl St. ,Nanuet,NY,10954.0,,,,,,,,,,,,,,,,,
,,customers.csv,,,498.0,Edda,Young,,edda.young@gmail.com,50 S. Airport Street ,North Tonawanda,NY,14120.0,,,,,,,,,,,,,,,,,
,,customers.csv,,,499.0,Lidia,Ashley,,lidia.ashley@hotmail.com,8436 Meadow St. ,Baldwinsville,NY,13027.0,,,,,,,,,,,,,,,,,
,,customers.csv,,,500.0,Moira,Lester,,moira.lester@msn.com,496 Greystone Court ,Jackson Heights,NY,11372.0,,,,,,,,,,,,,,,,,
,,customers.csv,,,501.0,Tony,Hicks,(657) 260-6783,tony.hicks@gmail.com,226 Carriage Street ,Anaheim,CA,92806.0,,,,,,,,,,,,,,,,,
,,customers.csv,,,502.0,Malinda,Baxter,,malinda.baxter@yahoo.com,7698 Briarwood Ave. ,Whitestone,NY,11357.0,,,,,,,,,,,,,,,,,
,,customers.csv,,,503.0,Marlo,Jefferson,,marlo.jefferson@gmail.com,39 Trenton Rd. ,Niagara Falls,NY,14304.0,,,,,,,,,,,,,,,,,
,,customers.csv,,,504.0,Tiana,Henderson,,tiana.henderson@aol.com,62 Orange St. ,Franklin Square,NY,11010.0,,,,,,,,,,,,,,,,,
,,customers.csv,,,505.0,Wilda,Petersen,,wilda.petersen@aol.com,899 Helen St. ,Jamaica,NY,11432.0,,,,,,,,,,,,,,,,,
,,customers.csv,,,506.0,Irving,Pitts,,irving.pitts@msn.com,346 College Court ,Torrance,CA,90505.0,,,,,,,,,,,,,,,,,
,,customers.csv,,,507.0,Sheree,Pena,,sheree.pena@yahoo.com,822 Virginia Court ,Staten Island,NY,10301.0,,,,,,,,,,,,,,,,,
,,customers.csv,,,508.0,Vance,Taylor,(717) 218-5607,vance.taylor@msn.com,8279 Military Dr. ,Lancaster,NY,14086.0,,,,,,,,,,,,,,,,,
,,customers.csv,,,509.0,Terra,Pickett,,terra.pickett@aol.com,7822 Depot Avenue ,Amsterdam,NY,12010.0,,,,,,,,,,,,,,,,,
,,customers.csv,,,510.0,Faustino,Delacruz,,faustino.delacruz@msn.com,88 West Greenview Street ,South Richmond Hill,NY,11419.0,,,,,,,,,,,,,,,,,
,,customers.csv,,,511.0,Julienne,Moody,(682) 841-4643,julienne.moody@hotmail.com,35 South Oxford Rd. ,Fort Worth,TX,76110.0,,,,,,,,,,,,,,,,,
,,customers.csv,,,512.0,Hee,Greer,,hee.greer@hotmail.com,41 North Garfield Ave. ,Selden,NY,11784.0,,,,,,,,,,,,,,,,,
,,customers.csv,,,513.0,Whitney,Cash,,whitney.cash@gmail.com,8 Surrey Street ,Hamburg,NY,14075.0,,,,,,,,,,,,,,,,,
,,customers.csv,,,514.0,Clarita,Curry,,clarita.curry@hotmail.com,661 Tanglewood Street ,Hollis,NY,11423.0,,,,,,,,,,,,,,,,,
,,customers.csv,,,515.0,Reita,Dickson,,reita.dickson@hotmail.com,7506 Mechanic Dr. ,Scarsdale,NY,10583.0,,,,,,,,,,,,,,,,,
,,customers.csv,,,516.0,Rosa,Kinney,,rosa.kinney@yahoo.com,330 Highland Drive ,Brooklyn,NY,11201.0,,,,,,,,,,,,,,,,,
,,customers.csv,,,517.0,Buford,Gilbert,,buford.gilbert@yahoo.com,9 East Ketch Harbour Street ,Bellmore,NY,11710.0,,,,,,,,,,,,,,,,,
,,customers.csv,,,518.0,Homer,Powers,,homer.powers@msn.com,8207 East El Dorado Ave. ,Palos Verdes Peninsula,CA,90274.0,,,,,,,,,,,,,,,,,
,,customers.csv,,,519.0,Rudolf,Gilliam,,rudolf.gilliam@aol.com,17 Marlborough Circle ,Palos Verdes Peninsula,CA,90274.0,,,,,,,,,,,,,,,,,
,,customers.csv,,,520.0,Andreas,Herman,,andreas.herman@msn.com,456 Rock Creek Street ,Mount Vernon,NY,10550.0,,,,,,,,,,,,,,,,,
,,customers.csv,,,521.0,Max,Charles,,max.charles@gmail.com,695 St Paul Street ,Glen Cove,NY,11542.0,,,,,,,,,,,,,,,,,
,,customers.csv,,,522.0,Tammera,Fischer,(510) 534-8845,tammera.fischer@hotmail.com,405 Olive St. ,Oakland,CA,94603.0,,,,,,,,,,,,,,,,,
,,customers.csv,,,523.0,Joshua,Robertson,,joshua.robertson@gmail.com,81 Campfire Court ,Patchogue,NY,11772.0,,,,,,,,,,,,,,,,,
,,customers.csv,,,524.0,Larraine,Horn,,larraine.horn@msn.com,368 South Summerhouse Dr. ,Utica,NY,13501.0,,,,,,,,,,,,,,,,,
,,customers.csv,,,525.0,Andreas,Mayer,,andreas.mayer@hotmail.com,8577 Galvin Circle ,New Rochelle,NY,10801.0,,,,,,,,,,,,,,,,,
,,customers.csv,,,526.0,Lazaro,Moran,,lazaro.moran@gmail.com,83 E. Buttonwood Street ,Sugar Land,TX,77478.0,,,,,,,,,,,,,,,,,
,,customers.csv,,,527.0,Afton,Juarez,,afton.juarez@gmail.com,8330 Riverview Drive ,Coram,NY,11727.0,,,,,,,,,,,,,,,,,
,,customers.csv,,,528.0,Angele,Schroeder,(845) 804-6312,angele.schroeder@yahoo.com,33 S. Shadow Brook Street ,New City,NY,10956.0,,,,,,,,,,,,,,,,,
,,customers.csv,,,529.0,Ellena,Clements,,ellena.clements@aol.com,7918 Mulberry Street ,Santa Monica,CA,90403.0,,,,,,,,,,,,,,,,,
,,customers.csv,,,530.0,Selene,Austin,,selene.austin@msn.com,9042 Linda Circle ,Duarte,CA,91010.0,,,,,,,,,,,,,,,,,
,,customers.csv,,,531.0,Kimberely,Bowen,(248) 199-2582,kimberely.bowen@hotmail.com,88 Belmont Street ,Troy,NY,12180.0,,,,,,,,,,,,,,,,,
,,customers.csv,,,532.0,Mia,Delgado,,mia.delgado@yahoo.com,850 Wakehurst Drive ,Coachella,CA,92236.0,,,,,,,,,,,,,,,,,
,,customers.csv,,,533.0,Garret,Clay,(361) 687-9477,garret.clay@yahoo.com,9516 College Drive ,Corpus Christi,TX,78418.0,,,,,,,,,,,,,,,,,
,,customers.csv,,,534.0,Alejandro,Haney,,alejandro.haney@msn.com,3 Griffin Street ,Wantagh,NY,11793.0,,,,,,,,,,,,,,,,,
,,customers.csv,,,535.0,Inge,Olsen,(562) 719-5041,inge.olsen@msn.com,295 Iroquois Rd. ,Long Beach,NY,11561.0,,,,,,,,,,,,,,,,,
,,customers.csv,,,536.0,Christiane,Bradford,,christiane.bradford@gmail.com,9043 Woodland Ave. ,Orchard Park,NY,14127.0,,,,,,,,,,,,,,,,,
,,customers.csv,,,537.0,Carter,Bentley,,carter.bentley@yahoo.com,145 North Bridle Ave. ,Carmel,NY,10512.0,,,,,,,,,,,,,,,,,
,,customers.csv,,,538.0,Sherie,Ayala,,sherie.ayala@msn.com,5 Beech Ave. ,South El Monte,CA,91733.0,,,,,,,,,,,,,,,,,
,,customers.csv,,,539.0,Jamika,Acevedo,,jamika.acevedo@yahoo.com,8027 NW. Poplar St. ,Ozone Park,NY,11417.0,,,,,,,,,,,,,,,,,
,,customers.csv,,,540.0,Shery,Randolph,,shery.randolph@hotmail.com,602 Laurel Street ,Ontario,CA,91762.0,,,,,,,,,,,,,,,,,
,,customers.csv,,,541.0,Lanita,Burton,,lanita.burton@msn.com,8980 Aspen Avenue ,Coachella,CA,92236.0,,,,,,,,,,,,,,,,,
,,customers.csv,,,542.0,Timothy,Byers,,timothy.byers@msn.com,8645 Devonshire Lane ,Ronkonkoma,NY,11779.0,,,,,,,,,,,,,,,,,
,,customers.csv,,,543.0,Jasmin,Young,,jasmin.young@gmail.com,337 Beach Street ,Helotes,TX,78023.0,,,,,,,,,,,,,,,,,
,,customers.csv,,,544.0,Catarina,Mendez,,catarina.mendez@hotmail.com,444 Hanover Court ,West Islip,NY,11795.0,,,,,,,,,,,,,,,,,
,,customers.csv,,,545.0,Tajuana,Rollins,,tajuana.rollins@msn.com,724 N. Glen Creek Street ,Oswego,NY,13126.0,,,,,,,,,,,,,,,,,
,,customers.csv,,,546.0,Thad,Castro,(631) 943-1407,thad.castro@msn.com,71 Surrey Ave. ,Brentwood,NY,11717.0,,,,,,,,,,,,,,,,,
,,customers.csv,,,547.0,Tena,Huber,,tena.huber@gmail.com,185 East Littleton St. ,Newburgh,NY,12550.0,,,,,,,,,,,,,,,,,
,,customers.csv,,,548.0,Dori,Alvarez,,dori.alvarez@msn.com,8208 Brandywine St. ,Kingston,NY,12401.0,,,,,,,,,,,,,,,,,
,,customers.csv,,,549.0,Elmo,Arnold,(562) 841-9339,elmo.arnold@aol.com,7616 Lyme Rd. ,Long Beach,NY,11561.0,,,,,,,,,,,,,,,,,
,,customers.csv,,,550.0,Felicidad,Golden,,felicidad.golden@yahoo.com,9712 Coffee Ave. ,Lockport,NY,14094.0,,,,,,,,,,,,,,,,,
,,customers.csv,,,551.0,Jenine,Crane,(682) 183-6555,jenine.crane@msn.com,7381 Alderwood Drive ,Fort Worth,TX,76110.0,,,,,,,,,,,,,,,,,
,,customers.csv,,,552.0,Lea,Key,,lea.key@yahoo.com,7 Ocean St. ,Banning,CA,92220.0,,,,,,,,,,,,,,,,,
,,customers.csv,,,553.0,Rory,Cooper,,rory.cooper@gmail.com,459 West Street ,Rocklin,CA,95677.0,,,,,,,,,,,,,,,,,
,,customers.csv,,,554.0,Hilde,Nieves,,hilde.nieves@gmail.com,9437 Fordham Lane ,Campbell,CA,95008.0,,,,,,,,,,,,,,,,,
,,customers.csv,,,555.0,Marry,Benjamin,,marry.benjamin@yahoo.com,33 Amerige Street ,Forney,TX,75126.0,,,,,,,,,,,,,,,,,
,,customers.csv,,,556.0,Vernell,Goff,,vernell.goff@msn.com,77 Cobblestone St. ,Monroe,NY,10950.0,,,,,,,,,,,,,,,,,
,,customers.csv,,,557.0,Erlene,Cook,,erlene.cook@gmail.com,89 Blue Spring Street ,Mount Vernon,NY,10550.0,,,,,,,,,,,,,,,,,
,,customers.csv,,,558.0,Carroll,Kelly,,carroll.kelly@yahoo.com,346 Grant Circle ,Monroe,NY,10950.0,,,,,,,,,,,,,,,,,
,,customers.csv,,,559.0,Basilia,Thornton,(631) 592-9548,basilia.thornton@hotmail.com,9033 Pine Dr. ,Brentwood,NY,11717.0,,,,,,,,,,,,,,,,,
,,customers.csv,,,560.0,Tricia,Daniels,,tricia.daniels@gmail.com,8628 Crescent Court ,Forney,TX,75126.0,,,,,,,,,,,,,,,,,
,,customers.csv,,,561.0,Kandace,Hughes,,kandace.hughes@hotmail.com,482 Ryan Ave. ,San Lorenzo,CA,94580.0,,,,,,,,,,,,,,,,,
,,customers.csv,,,562.0,Alejandro,Norman,,alejandro.norman@yahoo.com,8918 Marsh Lane ,Upland,CA,91784.0,,,,,,,,,,,,,,,,,
,,customers.csv,,,563.0,Rodney,Odom,,rodney.odom@yahoo.com,7782 North Deerfield Lane ,Richmond Hill,NY,11418.0,,,,,,,,,,,,,,,,,
,,customers.csv,,,564.0,Bettie,Pierce,,bettie.pierce@gmail.com,787 North Vernon Lane ,Farmingdale,NY,11735.0,,,,,,,,,,,,,,,,,
,,customers.csv,,,565.0,Dagny,Owen,,dagny.owen@hotmail.com,8028 Thompson Drive ,San Angelo,TX,76901.0,,,,,,,,,,,,,,,,,
,,customers.csv,,,566.0,Cinthia,Poole,,cinthia.poole@aol.com,7 Central Ave. ,Lake Jackson,TX,77566.0,,,,,,,,,,,,,,,,,
,,customers.csv,,,567.0,Sheila,Travis,,sheila.travis@yahoo.com,9285 Front St. ,Longview,TX,75604.0,,,,,,,,,,,,,,,,,
,,customers.csv,,,568.0,Arcelia,Vinson,,arcelia.vinson@gmail.com,40 Dogwood St. ,West Islip,NY,11795.0,,,,,,,,,,,,,,,,,
,,customers.csv,,,569.0,Lucas,Estes,,lucas.estes@yahoo.com,99 Old Church St. ,Santa Monica,CA,90403.0,,,,,,,,,,,,,,,,,
,,customers.csv,,,570.0,Marissa,Summers,,marissa.summers@msn.com,81 Carpenter St. ,Saint Albans,NY,11412.0,,,,,,,,,,,,,,,,,
,,customers.csv,,,571.0,Kaley,Blanchard,,kaley.blanchard@msn.com,74 Evergreen Court ,Palos Verdes Peninsula,CA,90274.0,,,,,,,,,,,,,,,,,
,,customers.csv,,,572.0,Wm,Pope,,wm.pope@msn.com,212 Marsh Court ,Auburn,NY,13021.0,,,,,,,,,,,,,,,,,
,,customers.csv,,,573.0,Rubye,Mccall,(248) 764-3359,rubye.mccall@hotmail.com,71 Sherwood Dr. ,Troy,NY,12180.0,,,,,,,,,,,,,,,,,
,,customers.csv,,,574.0,Adriene,Rivera,,adriene.rivera@hotmail.com,973 Yukon Avenue ,Encino,CA,91316.0,,,,,,,,,,,,,,,,,
,,customers.csv,,,575.0,Laurence,Christian,,laurence.christian@gmail.com,2 Maple St. ,Jamaica,NY,11432.0,,,,,,,,,,,,,,,,,
,,customers.csv,,,576.0,Shirely,Stanley,(915) 437-6113,shirely.stanley@gmail.com,73 White Avenue ,El Paso,TX,79930.0,,,,,,,,,,,,,,,,,
,,customers.csv,,,577.0,Danille,Mcfarland,,danille.mcfarland@msn.com,14 Tailwater St. ,Rocklin,CA,95677.0,,,,,,,,,,,,,,,,,
,,customers.csv,,,578.0,Salena,Day,,salena.day@msn.com,8067 Park Court ,San Lorenzo,CA,94580.0,,,,,,,,,,,,,,,,,
,,customers.csv,,,579.0,Matilda,Larson,,matilda.larson@hotmail.com,336 Saxon Court ,Harlingen,TX,78552.0,,,,,,,,,,,,,,,,,
,,customers.csv,,,580.0,Mellisa,Kim,(424) 151-6481,mellisa.kim@aol.com,17 Lyme Dr. ,Los Angeles,CA,90008.0,,,,,,,,,,,,,,,,,
,,customers.csv,,,581.0,Vonda,Berger,,vonda.berger@yahoo.com,615 S. Proctor Ave. ,Santa Clara,CA,95050.0,,,,,,,,,,,,,,,,,
,,customers.csv,,,582.0,Soledad,Moses,,soledad.moses@yahoo.com,85 Hickory Ave. ,Jackson Heights,NY,11372.0,,,,,,,,,,,,,,,,,
,,customers.csv,,,583.0,Lashandra,Turner,(562) 327-9469,lashandra.turner@hotmail.com,11 Marlborough Rd. ,Long Beach,NY,11561.0,,,,,,,,,,,,,,,,,
,,customers.csv,,,584.0,Lynne,Anderson,(915) 789-6666,lynne.anderson@msn.com,325 Inverness St. ,El Paso,TX,79930.0,,,,,,,,,,,,,,,,,
,,customers.csv,,,585.0,Chasidy,Webster,,chasidy.webster@msn.com,8296 S. Lookout Lane ,Rocklin,CA,95677.0,,,,,,,,,,,,,,,,,
,,customers.csv,,,586.0,Ulysses,Gaines,,ulysses.gaines@aol.com,22 Gregory Lane ,Monsey,NY,10952.0,,,,,,,,,,,,,,,,,
,,customers.csv,,,587.0,Euna,Lopez,,euna.lopez@gmail.com,7979 South Mountainview Ave. ,Carmel,NY,10512.0,,,,,,,,,,,,,,,,,
,,customers.csv,,,588.0,Cherelle,Key,,cherelle.key@msn.com,7739 Snake Hill Lane ,Valley Stream,NY,11580.0,,,,,,,,,,,,,,,,,
,,customers.csv,,,589.0,Jeffry,Church,,jeffry.church@msn.com,426 Grandrose Ave. ,Pleasanton,CA,94566.0,,,,,,,,,,,,,,,,,
,,customers.csv,,,590.0,Cyndi,Dyer,,cyndi.dyer@msn.com,313 West Argyle Ave. ,Baldwin,NY,11510.0,,,,,,,,,,,,,,,,,
,,customers.csv,,,591.0,Danilo,Holmes,,danilo.holmes@gmail.com,657 Manor Station Dr. ,Hicksville,NY,11801.0,,,,,,,,,,,,,,,,,
,,customers.csv,,,592.0,Joni,Lee,,joni.lee@gmail.com,8573 Proctor Street ,Centereach,NY,11720.0,,,,,,,,,,,,,,,,,
,,customers.csv,,,593.0,Antony,Atkinson,,antony.atkinson@msn.com,680 East Birchwood Lane ,Smithtown,NY,11787.0,,,,,,,,,,,,,,,,,
,,customers.csv,,,594.0,Deanne,Parsons,,deanne.parsons@aol.com,76 Amherst Drive ,Lindenhurst,NY,11757.0,,,,,,,,,,,,,,,,,
,,customers.csv,,,595.0,Frederica,Rojas,,frederica.rojas@yahoo.com,7835 West Jockey Hollow Rd. ,Ithaca,NY,14850.0,,,,,,,,,,,,,,,,,
,,customers.csv,,,596.0,Emelda,Dickerson,,emelda.dickerson@aol.com,7457 6th St. ,Hamburg,NY,14075.0,,,,,,,,,,,,,,,,,
,,customers.csv,,,597.0,Rudolf,Moran,,rudolf.moran@gmail.com,5 Birchwood Rd. ,Maspeth,NY,11378.0,,,,,,,,,,,,,,,,,
,,customers.csv,,,598.0,Benito,Hendrix,,benito.hendrix@gmail.com,676 S. Bowman Lane ,Depew,NY,14043.0,,,,,,,,,,,,,,,,,
,,customers.csv,,,599.0,Jonell,Rivas,,jonell.rivas@msn.com,8415 East High Point St. ,Amarillo,TX,79106.0,,,,,,,,,,,,,,,,,
,,customers.csv,,,600.0,Joi,Reeves,(619) 952-9613,joi.reeves@msn.com,9101 Williams Court ,San Diego,CA,92111.0,,,,,,,,,,,,,,,,,
,,customers.csv,,,601.0,Leland,Mcdowell,,leland.mcdowell@gmail.com,8034 E. Washington Lane ,Encino,CA,91316.0,,,,,,,,,,,,,,,,,
,,customers.csv,,,602.0,Delaine,Estes,,delaine.estes@yahoo.com,8916 Hartford Rd. ,Amarillo,TX,79106.0,,,,,,,,,,,,,,,,,
,,customers.csv,,,603.0,Genevieve,Juarez,,genevieve.juarez@gmail.com,93 Goldfield Drive ,New Hyde Park,NY,11040.0,,,,,,,,,,,,,,,,,
,,customers.csv,,,604.0,Kylee,Dickson,,kylee.dickson@gmail.com,7908 Sherwood Street ,Amityville,NY,11701.0,,,,,,,,,,,,,,,,,
,,customers.csv,,,605.0,Renita,Henry,,renita.henry@msn.com,474 Woodland Ave. ,New Rochelle,NY,10801.0,,,,,,,,,,,,,,,,,
,,customers.csv,,,606.0,Sarah,Kirkland,,sarah.kirkland@aol.com,42 N. Glendale Avenue ,Wappingers Falls,NY,12590.0,,,,,,,,,,,,,,,,,
,,customers.csv,,,607.0,Paul,Lester,,paul.lester@gmail.com,275 Clay St. ,Vista,CA,92083.0,,,,,,,,,,,,,,,,,
,,customers.csv,,,608.0,Taisha,Vang,,taisha.vang@yahoo.com,660 East Foster Lane ,Shirley,NY,11967.0,,,,,,,,,,,,,,,,,
,,customers.csv,,,609.0,Eliana,Reese,,eliana.reese@hotmail.com,7079 NE. Cross Drive ,Woodhaven,NY,11421.0,,,,,,,,,,,,,,,,,
,,customers.csv,,,610.0,Leonore,Dorsey,,leonore.dorsey@yahoo.com,8213 South Branch Avenue ,Jackson Heights,NY,11372.0,,,,,,,,,,,,,,,,,
,,customers.csv,,,611.0,Ashleigh,Frank,,ashleigh.frank@gmail.com,9008 Plymouth Street ,Levittown,NY,11756.0,,,,,,,,,,,,,,,,,
,,customers.csv,,,612.0,Gabriel,Wagner,,gabriel.wagner@msn.com,7921 Manhattan Ave. ,Ballston Spa,NY,12020.0,,,,,,,,,,,,,,,,,
,,customers.csv,,,613.0,Margene,Eaton,,margene.eaton@yahoo.com,43 Sugar Street ,Wantagh,NY,11793.0,,,,,,,,,,,,,,,,,
,,customers.csv,,,614.0,Toshia,Cardenas,,toshia.cardenas@gmail.com,878 Bayberry Street ,Amsterdam,NY,12010.0,,,,,,,,,,,,,,,,,
,,customers.csv,,,615.0,Jamika,Blanchard,,jamika.blanchard@gmail.com,420 Cambridge Street ,Fresh Meadows,NY,11365.0,,,,,,,,,,,,,,,,,
,,customers.csv,,,616.0,Shery,Acosta,,shery.acosta@yahoo.com,17 Canal Ave. ,Saratoga Springs,NY,12866.0,,,,,,,,,,,,,,,,,
,,customers.csv,,,617.0,Jenna,Saunders,,jenna.saunders@aol.com,4 Young St. ,Yorktown Heights,NY,10598.0,,,,,,,,,,,,,,,,,
,,customers.csv,,,618.0,Skye,Pope,,skye.pope@yahoo.com,121 S. Bay Meadows Ave. ,Richmond Hill,NY,11418.0,,,,,,,,,,,,,,,,,
,,customers.csv,,,619.0,Ana,Palmer,(657) 323-8684,ana.palmer@yahoo.com,7 Buckingham St. ,Anaheim,CA,92806.0,,,,,,,,,,,,,,,,,
,,customers.csv,,,620.0,Eric,Hardin,,eric.hardin@gmail.com,39 S. Parker Drive ,Jamaica,NY,11432.0,,,,,,,,,,,,,,,,,
,,customers.csv,,,621.0,Basil,Ballard,,basil.ballard@yahoo.com,7477 Belmont Ave. ,San Lorenzo,CA,94580.0,,,,,,,,,,,,,,,,,
,,customers.csv,,,622.0,Gabriel,Pitts,,gabriel.pitts@gmail.com,8462 Marshall Drive ,Clifton Park,NY,12065.0,,,,,,,,,,,,,,,,,
,,customers.csv,,,623.0,Cayla,Johnson,,cayla.johnson@msn.com,7091 Rockaway Avenue ,Coram,NY,11727.0,,,,,,,,,,,,,,,,,
,,customers.csv,,,624.0,Sharika,Colon,(562) 452-6136,sharika.colon@gmail.com,509 Henry Smith St. ,Long Beach,NY,11561.0,,,,,,,,,,,,,,,,,
,,customers.csv,,,625.0,Donnetta,Henson,,donnetta.henson@hotmail.com,2 Tallwood Drive ,Webster,NY,14580.0,,,,,,,,,,,,,,,,,
,,customers.csv,,,626.0,Leigh,Burke,,leigh.burke@hotmail.com,7651 Creek St. ,Schenectady,NY,12302.0,,,,,,,,,,,,,,,,,
,,customers.csv,,,627.0,Deloris,Larson,,deloris.larson@aol.com,242 Branch Street ,Duarte,CA,91010.0,,,,,,,,,,,,,,,,,
,,customers.csv,,,628.0,Ehtel,Cobb,,ehtel.cobb@hotmail.com,741 Rockville Drive ,Lockport,NY,14094.0,,,,,,,,,,,,,,,,,
,,customers.csv,,,629.0,Evelina,Byrd,(716) 601-7704,evelina.byrd@msn.com,628 S. Church St. ,Buffalo,NY,14215.0,,,,,,,,,,,,,,,,,
,,customers.csv,,,630.0,Zulema,Browning,,zulema.browning@gmail.com,12 NW. Lafayette St. ,Amsterdam,NY,12010.0,,,,,,,,,,,,,,,,,
,,customers.csv,,,631.0,Tressa,Weiss,,tressa.weiss@msn.com,52 Wild Rose Avenue ,Ossining,NY,10562.0,,,,,,,,,,,,,,,,,
,,customers.csv,,,632.0,Yvette,Rogers,,yvette.rogers@aol.com,3 SE. Oklahoma Drive ,Franklin Square,NY,11010.0,,,,,,,,,,,,,,,,,
,,customers.csv,,,633.0,Kiara,Deleon,(657) 378-8011,kiara.deleon@gmail.com,164 Addison Drive ,Anaheim,CA,92806.0,,,,,,,,,,,,,,,,,
,,customers.csv,,,634.0,Taylor,Cole,,taylor.cole@gmail.com,9408 Holly Lane ,Carmel,NY,10512.0,,,,,,,,,,,,,,,,,
,,customers.csv,,,635.0,Myrtie,James,,myrtie.james@yahoo.com,566 North Livingston Ave. ,Merrick,NY,11566.0,,,,,,,,,,,,,,,,,
,,customers.csv,,,636.0,Ashton,Lott,,ashton.lott@hotmail.com,609 Windfall Lane ,Floral Park,NY,11001.0,,,,,,,,,,,,,,,,,
,,customers.csv,,,637.0,Kara,Higgins,,kara.higgins@aol.com,758 Jennings Street ,Ossining,NY,10562.0,,,,,,,,,,,,,,,,,
,,customers.csv,,,638.0,Tomeka,Higgins,,tomeka.higgins@msn.com,591 W. Corona St. ,Poughkeepsie,NY,12601.0,,,,,,,,,,,,,,,,,
,,customers.csv,,,639.0,Ronald,Parsons,,ronald.parsons@msn.com,268 Pin Oak Rd. ,Maspeth,NY,11378.0,,,,,,,,,,,,,,,,,
,,customers.csv,,,640.0,Allison,Nolan,(845) 276-5729,allison.nolan@gmail.com,7421 Victoria St. ,New City,NY,10956.0,,,,,,,,,,,,,,,,,
,,customers.csv,,,641.0,Derrick,Marks,,derrick.marks@yahoo.com,7247 East Prairie Lane ,Glendora,CA,91740.0,,,,,,,,,,,,,,,,,
,,customers.csv,,,642.0,Yang,Roth,,yang.roth@aol.com,234 E. Shub Farm Ave. ,Webster,NY,14580.0,,,,,,,,,,,,,,,,,
,,customers.csv,,,643.0,Melba,Wilkinson,,melba.wilkinson@gmail.com,255 Harvard Dr. ,Floral Park,NY,11001.0,,,,,,,,,,,,,,,,,
,,customers.csv,,,644.0,Valentin,Mclaughlin,,valentin.mclaughlin@hotmail.com,56 Squaw Creek Street ,Lindenhurst,NY,11757.0,,,,,,,,,,,,,,,,,
,,customers.csv,,,645.0,Lewis,Garner,(631) 871-2512,lewis.garner@gmail.com,9550 East Greenrose St. ,Brentwood,NY,11717.0,,,,,,,,,,,,,,,,,
,,customers.csv,,,646.0,Ann,Heath,,ann.heath@msn.com,413 East St. ,South El Monte,CA,91733.0,,,,,,,,,,,,,,,,,
,,customers.csv,,,647.0,Janelle,Maldonado,,janelle.maldonado@gmail.com,34 Mammoth Street ,Richmond Hill,NY,11418.0,,,,,,,,,,,,,,,,,
,,customers.csv,,,648.0,Catrice,Hicks,,catrice.hicks@yahoo.com,403 Inverness Street ,San Pablo,CA,94806.0,,,,,,,,,,,,,,,,,
,,customers.csv,,,649.0,Eli,Contreras,,eli.contreras@hotmail.com,35 Highland Ave. ,Ronkonkoma,NY,11779.0,,,,,,,,,,,,,,,,,
,,customers.csv,,,650.0,Rita,Bailey,,rita.bailey@hotmail.com,69 Glenwood Street ,Ossining,NY,10562.0,,,,,,,,,,,,,,,,,
,,customers.csv,,,651.0,Laure,Pena,,laure.pena@yahoo.com,9849 West Elmwood St. ,Wappingers Falls,NY,12590.0,,,,,,,,,,,,,,,,,
,,customers.csv,,,652.0,Tilda,Melton,(248) 767-4165,tilda.melton@msn.com,237 Elmwood Drive ,Troy,NY,12180.0,,,,,,,,,,,,,,,,,
,,customers.csv,,,653.0,Florencio,Davenport,,florencio.davenport@yahoo.com,8759 Brookside Ave. ,Jamestown,NY,14701.0,,,,,,,,,,,,,,,,,
,,customers.csv,,,654.0,Eun,Harris,(619) 378-2432,eun.harris@gmail.com,623 Jones St. ,San Diego,CA,92111.0,,,,,,,,,,,,,,,,,
,,customers.csv,,,655.0,Marylyn,Browning,,marylyn.browning@msn.com,915 Lakeshore Street ,Scarsdale,NY,10583.0,,,,,,,,,,,,,,,,,
,,customers.csv,,,656.0,Romana,Barnes,,romana.barnes@yahoo.com,9776 Shipley Rd. ,Floral Park,NY,11001.0,,,,,,,,,,,,,,,,,
,,customers.csv,,,657.0,Sam,Lester,,sam.lester@gmail.com,563 South Beacon Lane ,Baldwin,NY,11510.0,,,,,,,,,,,,,,,,,
,,customers.csv,,,658.0,Nicki,Larson,,nicki.larson@yahoo.com,8317 West Leatherwood Dr. ,Monsey,NY,10952.0,,,,,,,,,,,,,,,,,
,,customers.csv,,,659.0,Antonetta,Rocha,,antonetta.rocha@yahoo.com,9858 Newcastle St. ,Port Chester,NY,10573.0,,,,,,,,,,,,,,,,,
,,customers.csv,,,660.0,Shara,Pope,,shara.pope@msn.com,194 Amherst Dr. ,Ridgecrest,CA,93555.0,,,,,,,,,,,,,,,,,
,,customers.csv,,,661.0,Trena,Hudson,,trena.hudson@hotmail.com,135 Grand Ave. ,Monroe,NY,10950.0,,,,,,,,,,,,,,,,,
,,customers.csv,,,662.0,Loraine,Sykes,,loraine.sykes@yahoo.com,9239 Windsor Ave. ,Scarsdale,NY,10583.0,,,,,,,,,,,,,,,,,
,,customers.csv,,,663.0,Alissa,Hood,,alissa.hood@gmail.com,8032 Maple Drive ,New Windsor,NY,12553.0,,,,,,,,,,,,,,,,,
,,customers.csv,,,664.0,Augustus,Schmidt,,augustus.schmidt@msn.com,624 Jones Dr. ,Corona,NY,11368.0,,,,,,,,,,,,,,,,,
,,customers.csv,,,665.0,Stacie,Sims,(510) 194-5117,stacie.sims@hotmail.com,47 Orange Ave. ,Oakland,CA,94603.0,,,,,,,,,,,,,,,,,
,,customers.csv,,,666.0,Brittni,Green,,brittni.green@msn.com,842 El Dorado Lane ,Floral Park,NY,11001.0,,,,,,,,,,,,,,,,,
,,customers.csv,,,667.0,Etsuko,Garrison,,etsuko.garrison@yahoo.com,1 Arrowhead Street ,Richmond Hill,NY,11418.0,,,,,,,,,,,,,,,,,
,,customers.csv,,,668.0,Calandra,Stanton,,calandra.stanton@aol.com,36 Livingston Dr. ,Lake Jackson,TX,77566.0,,,,,,,,,,,,,,,,,
,,customers.csv,,,669.0,Willis,Randolph,,willis.randolph@yahoo.com,332 Constitution St. ,Harlingen,TX,78552.0,,,,,,,,,,,,,,,,,
,,customers.csv,,,670.0,Shawnda,Glover,,shawnda.glover@gmail.com,138 Belmont Ave. ,Liverpool,NY,13090.0,,,,,,,,,,,,,,,,,
,,customers.csv,,,671.0,Jennette,Baker,,jennette.baker@gmail.com,798 Marvon St. ,Banning,CA,92220.0,,,,,,,,,,,,,,,,,
,,customers.csv,,,672.0,Elma,Molina,,elma.molina@msn.com,8565 Devon Ave. ,New Rochelle,NY,10801.0,,,,,,,,,,,,,,,,,
,,customers.csv,,,673.0,Adam,Henderson,,adam.henderson@hotmail.com,167 James St. ,Los Banos,CA,93635.0,,,,,,,,,,,,,,,,,
,,customers.csv,,,674.0,Ira,Moore,,ira.moore@gmail.com,1 Pineknoll Court ,Saratoga Springs,NY,12866.0,,,,,,,,,,,,,,,,,
,,customers.csv,,,675.0,Kermit,Bowman,(915) 996-5952,kermit.bowman@gmail.com,3 Airport Street ,El Paso,TX,79930.0,,,,,,,,,,,,,,,,,
,,customers.csv,,,676.0,Gayle,Wilkinson,,gayle.wilkinson@yahoo.com,4 Riverside Ave. ,Lindenhurst,NY,11757.0,,,,,,,,,,,,,,,,,
,,customers.csv,,,677.0,Launa,Hull,,launa.hull@yahoo.com,936 Grove Street ,Helotes,TX,78023.0,,,,,,,,,,,,,,,,,
,,customers.csv,,,678.0,Myron,Johns,,myron.johns@msn.com,5 N. Woodsman Rd. ,Whitestone,NY,11357.0,,,,,,,,,,,,,,,,,
,,customers.csv,,,679.0,Tuan,Wolfe,,tuan.wolfe@aol.com,7641 Oak Meadow Dr. ,West Babylon,NY,11704.0,,,,,,,,,,,,,,,,,
,,customers.csv,,,680.0,Mathilda,Pennington,(845) 407-9524,mathilda.pennington@gmail.com,14 S. Argyle Ave. ,New City,NY,10956.0,,,,,,,,,,,,,,,,,
,,customers.csv,,,681.0,Reatha,Perez,,reatha.perez@aol.com,9917 1st St. ,Holbrook,NY,11741.0,,,,,,,,,,,,,,,,,
,,customers.csv,,,682.0,Arnita,Thomas,,arnita.thomas@gmail.com,154 2nd St. ,Orchard Park,NY,14127.0,,,,,,,,,,,,,,,,,
,,customers.csv,,,683.0,Amparo,Burks,,amparo.burks@aol.com,7781 Augusta St. ,Merrick,NY,11566.0,,,,,,,,,,,,,,,,,
,,customers.csv,,,684.0,Jenny,Bell,,jenny.bell@hotmail.com,38 Crescent St. ,Niagara Falls,NY,14304.0,,,,,,,,,,,,,,,,,
,,customers.csv,,,685.0,Laverne,Craft,,laverne.craft@aol.com,829 N. Pierce Street ,Forest Hills,NY,11375.0,,,,,,,,,,,,,,,,,
,,customers.csv,,,686.0,Darcel,Harmon,,darcel.harmon@msn.com,966 Hickory Street ,Santa Clara,CA,95050.0,,,,,,,,,,,,,,,,,
,,customers.csv,,,687.0,Cecilia,Camacho,,cecilia.camacho@yahoo.com,682 Mountainview Rd. ,Desoto,TX,75115.0,,,,,,,,,,,,,,,,,
,,customers.csv,,,688.0,Pearlie,Cochran,,pearlie.cochran@msn.com,23 Homewood Rd. ,Campbell,CA,95008.0,,,,,,,,,,,,,,,,,
,,customers.csv,,,689.0,Deirdre,Ryan,,deirdre.ryan@yahoo.com,83 Jefferson Lane ,Utica,NY,13501.0,,,,,,,,,,,,,,,,,
,,customers.csv,,,690.0,Yevette,Elliott,,yevette.elliott@aol.com,182 Euclid Street ,Jackson Heights,NY,11372.0,,,,,,,,,,,,,,,,,
,,customers.csv,,,691.0,Ladawn,Downs,(281) 165-2090,ladawn.downs@yahoo.com,7452 S. Airport Court ,Houston,TX,77016.0,,,,,,,,,,,,,,,,,
,,customers.csv,,,692.0,Dorothea,Chang,,dorothea.chang@gmail.com,75 Oak Ave. ,Astoria,NY,11102.0,,,,,,,,,,,,,,,,,
,,customers.csv,,,693.0,Merlin,Foreman,(516) 150-1321,merlin.foreman@msn.com,8198 North Rockaway St. ,Hempstead,NY,11550.0,,,,,,,,,,,,,,,,,
,,customers.csv,,,694.0,Lanie,Dunn,,lanie.dunn@gmail.com,7583 Pilgrim Ave. ,North Tonawanda,NY,14120.0,,,,,,,,,,,,,,,,,
,,customers.csv,,,695.0,Christoper,Gould,,christoper.gould@aol.com,8718 South Constitution St. ,Shirley,NY,11967.0,,,,,,,,,,,,,,,,,
,,customers.csv,,,696.0,Norine,Huffman,,norine.huffman@aol.com,363 Dunbar Drive ,Encino,CA,91316.0,,,,,,,,,,,,,,,,,
,,customers.csv,,,697.0,Alane,Mccarty,(619) 377-8586,alane.mccarty@hotmail.com,8254 Hilldale Street ,San Diego,CA,92111.0,,,,,,,,,,,,,,,,,
,,customers.csv,,,698.0,Charleen,Joyner,,charleen.joyner@aol.com,735 N. John Dr. ,Corona,NY,11368.0,,,,,,,,,,,,,,,,,
,,customers.csv,,,699.0,Zella,Fernandez,,zella.fernandez@yahoo.com,8 Marshall Dr. ,Rockville Centre,NY,11570.0,,,,,,,,,,,,,,,,,
,,customers.csv,,,700.0,Collene,Knox,(361) 760-1523,collene.knox@msn.com,7 North Branch Lane ,Corpus Christi,TX,78418.0,,,,,,,,,,,,,,,,,
,,customers.csv,,,701.0,Alysia,Nicholson,(805) 493-7311,alysia.nicholson@hotmail.com,868 Trusel St. ,Oxnard,CA,93035.0,,,,,,,,,,,,,,,,,
,,customers.csv,,,702.0,Sharie,Whitaker,,sharie.whitaker@hotmail.com,7 Bayport Lane ,Merrick,NY,11566.0,,,,,,,,,,,,,,,,,
,,customers.csv,,,703.0,Diana,Cobb,,diana.cobb@hotmail.com,558 Vale St. ,Fullerton,CA,92831.0,,,,,,,,,,,,,,,,,
,,customers.csv,,,704.0,Morton,Barron,(661) 386-4884,morton.barron@msn.com,542 Circle Rd. ,Bakersfield,CA,93306.0,,,,,,,,,,,,,,,,,
,,customers.csv,,,705.0,Camille,Harvey,,camille.harvey@hotmail.com,859 Beaver Ridge Ave. ,Huntington,NY,11743.0,,,,,,,,,,,,,,,,,
,,customers.csv,,,706.0,Lolita,O'neill,,lolita.o'neill@aol.com,36 Prairie Dr. ,Massapequa Park,NY,11762.0,,,,,,,,,,,,,,,,,
,,customers.csv,,,707.0,Terese,Briggs,,terese.briggs@msn.com,16 N. Oak Valley St. ,Woodside,NY,11377.0,,,,,,,,,,,,,,,,,
,,customers.csv,,,708.0,Majorie,Glover,,majorie.glover@msn.com,4 Garden Ave. ,Apple Valley,CA,92307.0,,,,,,,,,,,,,,,,,
,,customers.csv,,,709.0,Vinnie,Chan,,vinnie.chan@aol.com,8750 Surrey St. ,Forest Hills,NY,11375.0,,,,,,,,,,,,,,,,,
,,customers.csv,,,710.0,Ezra,Silva,,ezra.silva@msn.com,8629 Catherine Rd. ,New Windsor,NY,12553.0,,,,,,,,,,,,,,,,,
,,customers.csv,,,711.0,Jovita,Bishop,,jovita.bishop@aol.com,8123 Wild Horse St. ,Staten Island,NY,10301.0,,,,,,,,,,,,,,,,,
,,customers.csv,,,712.0,Kecia,Olsen,,kecia.olsen@msn.com,8389 Central St. ,Santa Cruz,CA,95060.0,,,,,,,,,,,,,,,,,
,,customers.csv,,,713.0,Ilona,Spears,,ilona.spears@gmail.com,984 Canterbury Lane ,Port Jefferson Station,NY,11776.0,,,,,,,,,,,,,,,,,
,,customers.csv,,,714.0,Senaida,Thompson,,senaida.thompson@msn.com,578 Golf Drive ,Bronx,NY,10451.0,,,,,,,,,,,,,,,,,
,,customers.csv,,,715.0,Larae,Carney,,larae.carney@msn.com,9322 Glen Ridge Dr. ,Sunnyside,NY,11104.0,,,,,,,,,,,,,,,,,
,,customers.csv,,,716.0,Sebrina,Hart,,sebrina.hart@yahoo.com,7679 Pacific St. ,Coram,NY,11727.0,,,,,,,,,,,,,,,,,
,,customers.csv,,,717.0,Kristofer,Craig,,kristofer.craig@yahoo.com,6 Delaware Lane ,Plainview,NY,11803.0,,,,,,,,,,,,,,,,,
,,customers.csv,,,718.0,Luciana,Mcgee,,luciana.mcgee@msn.com,8002 Cross St. ,Selden,NY,11784.0,,,,,,,,,,,,,,,,,
,,customers.csv,,,719.0,Nicki,Fry,,nicki.fry@hotmail.com,950 Snake Hill Lane ,Endicott,NY,13760.0,,,,,,,,,,,,,,,,,
,,customers.csv,,,720.0,Devin,Shaffer,(507) 557-2191,devin.shaffer@gmail.com,382 Third Ave. ,Rochester,NY,14606.0,,,,,,,,,,,,,,,,,
,,customers.csv,,,721.0,Erlinda,Osborne,,erlinda.osborne@yahoo.com,148 Elm St. ,West Islip,NY,11795.0,,,,,,,,,,,,,,,,,
,,customers.csv,,,722.0,Camila,Carroll,(210) 436-8676,camila.carroll@yahoo.com,72 Shub Farm Avenue ,San Antonio,TX,78213.0,,,,,,,,,,,,,,,,,
,,customers.csv,,,723.0,Vicki,Wiggins,,vicki.wiggins@hotmail.com,71 Broad Ave. ,Wappingers Falls,NY,12590.0,,,,,,,,,,,,,,,,,
,,customers.csv,,,724.0,Lois,Steele,,lois.steele@yahoo.com,7501 South Marlborough Street ,Ossining,NY,10562.0,,,,,,,,,,,,,,,,,
,,customers.csv,,,725.0,Carola,Mcpherson,,carola.mcpherson@hotmail.com,578 Shirley Dr. ,Rego Park,NY,11374.0,,,,,,,,,,,,,,,,,
,,customers.csv,,,726.0,Rochell,Cantrell,,rochell.cantrell@yahoo.com,437 Water Dr. ,Port Jefferson Station,NY,11776.0,,,,,,,,,,,,,,,,,
,,customers.csv,,,727.0,Kasha,Sullivan,,kasha.sullivan@hotmail.com,48 Foster Rd. ,Scarsdale,NY,10583.0,,,,,,,,,,,,,,,,,
,,customers.csv,,,728.0,Viva,Dawson,,viva.dawson@yahoo.com,446 Princess Ave. ,Orchard Park,NY,14127.0,,,,,,,,,,,,,,,,,
,,customers.csv,,,729.0,Hue,Dalton,,hue.dalton@hotmail.com,7940 Oakwood Street ,Apple Valley,CA,92307.0,,,,,,,,,,,,,,,,,
,,customers.csv,,,730.0,Andria,Rivers,,andria.rivers@aol.com,183 Ohio Ave. ,Amarillo,TX,79106.0,,,,,,,,,,,,,,,,,
,,customers.csv,,,731.0,Hilary,Savage,(805) 753-6881,hilary.savage@yahoo.com,696 Howard Court ,Oxnard,CA,93035.0,,,,,,,,,,,,,,,,,
,,customers.csv,,,732.0,Lavona,Austin,,lavona.austin@yahoo.com,926 South Euclid St. ,Utica,NY,13501.0,,,,,,,,,,,,,,,,,
,,customers.csv,,,733.0,Doreatha,Ford,,doreatha.ford@yahoo.com,9413 Ryan Ave. ,Huntington,NY,11743.0,,,,,,,,,,,,,,,,,
,,customers.csv,,,734.0,Alina,Mcleod,,alina.mcleod@msn.com,20 Winchester Street ,Patchogue,NY,11772.0,,,,,,,,,,,,,,,,,
,,customers.csv,,,735.0,Aide,Franco,,aide.franco@msn.com,8017 Lake Forest St. ,Atwater,CA,95301.0,,,,,,,,,,,,,,,,,
,,customers.csv,,,736.0,Genny,Hensley,,genny.hensley@yahoo.com,8849 Marconi Ave. ,Redondo Beach,CA,90278.0,,,,,,,,,,,,,,,,,
,,customers.csv,,,737.0,Melita,Dominguez,,melita.dominguez@msn.com,9903 Santa Clara Lane ,Auburn,NY,13021.0,,,,,,,,,,,,,,,,,
,,customers.csv,,,738.0,Fannie,Jenkins,(805) 774-5696,fannie.jenkins@msn.com,7858 E. Pawnee Dr. ,Oxnard,CA,93035.0,,,,,,,,,,,,,,,,,
,,customers.csv,,,739.0,Bobbi,Banks,,bobbi.banks@yahoo.com,396 Wagon Rd. ,Bayside,NY,11361.0,,,,,,,,,,,,,,,,,
,,customers.csv,,,740.0,Gwenn,Melton,,gwenn.melton@yahoo.com,9545 Wakehurst Drive ,Centereach,NY,11720.0,,,,,,,,,,,,,,,,,
,,customers.csv,,,741.0,Laci,Castro,,laci.castro@hotmail.com,130 Birchpond Street ,Saint Albans,NY,11412.0,,,,,,,,,,,,,,,,,
,,customers.csv,,,742.0,Evelina,Manning,,evelina.manning@aol.com,7515 Spring St. ,Mount Vernon,NY,10550.0,,,,,,,,,,,,,,,,,
,,customers.csv,,,743.0,Tania,Swanson,,tania.swanson@yahoo.com,8646 Glen Eagles Ave. ,Longview,TX,75604.0,,,,,,,,,,,,,,,,,
,,customers.csv,,,744.0,Laurel,Schultz,,laurel.schultz@hotmail.com,812 E. 1st Lane ,Mount Vernon,NY,10550.0,,,,,,,,,,,,,,,,,
,,customers.csv,,,745.0,Carolyne,Conley,,carolyne.conley@gmail.com,431 Lees Creek Drive ,Floral Park,NY,11001.0,,,,,,,,,,,,,,,,,
,,customers.csv,,,746.0,Eldridge,Greer,,eldridge.greer@aol.com,131 E. Madison St. ,Central Islip,NY,11722.0,,,,,,,,,,,,,,,,,
,,customers.csv,,,747.0,Margret,Barnett,,margret.barnett@gmail.com,7509 Depot Rd. ,Forney,TX,75126.0,,,,,,,,,,,,,,,,,
,,customers.csv,,,748.0,Oliva,Blackwell,,oliva.blackwell@hotmail.com,54 Ramblewood St. ,Elmhurst,NY,11373.0,,,,,,,,,,,,,,,,,
,,customers.csv,,,749.0,Oralia,Farley,,oralia.farley@hotmail.com,747B E. Coffee Street ,Upland,CA,91784.0,,,,,,,,,,,,,,,,,
,,customers.csv,,,750.0,Romaine,Salazar,,romaine.salazar@yahoo.com,7700 Wentworth Rd. ,Monsey,NY,10952.0,,,,,,,,,,,,,,,,,
,,customers.csv,,,751.0,Hermila,Mckay,,hermila.mckay@yahoo.com,23 Garfield Dr. ,Coachella,CA,92236.0,,,,,,,,,,,,,,,,,
,,customers.csv,,,752.0,Lloyd,Miranda,,lloyd.miranda@hotmail.com,9098 Jennings St. ,Encino,CA,91316.0,,,,,,,,,,,,,,,,,
,,customers.csv,,,753.0,Mandi,Gibbs,,mandi.gibbs@gmail.com,80 Sycamore Drive ,East Elmhurst,NY,11369.0,,,,,,,,,,,,,,,,,
,,customers.csv,,,754.0,Hue,May,,hue.may@aol.com,19 S. Lawrence Dr. ,Valley Stream,NY,11580.0,,,,,,,,,,,,,,,,,
,,customers.csv,,,755.0,Tomika,Wilder,,tomika.wilder@aol.com,142 South Ocean St. ,New Hyde Park,NY,11040.0,,,,,,,,,,,,,,,,,
,,customers.csv,,,756.0,Graig,Roth,,graig.roth@aol.com,7516 Wrangler Street ,West Babylon,NY,11704.0,,,,,,,,,,,,,,,,,
,,customers.csv,,,757.0,Lamar,Greer,,lamar.greer@gmail.com,7909 Golden Star Ave. ,Levittown,NY,11756.0,,,,,,,,,,,,,,,,,
,,customers.csv,,,758.0,Raymonde,Garcia,,raymonde.garcia@aol.com,55 NE. North St. ,Queensbury,NY,12804.0,,,,,,,,,,,,,,,,,
,,customers.csv,,,759.0,Cira,Downs,(510) 788-4456,cira.downs@gmail.com,672 Sussex Ave. ,Oakland,CA,94603.0,,,,,,,,,,,,,,,,,
,,customers.csv,,,760.0,Marisa,Chambers,,marisa.chambers@msn.com,15 E. Rock Creek Ave. ,Amityville,NY,11701.0,,,,,,,,,,,,,,,,,
,,customers.csv,,,761.0,Rod,Hatfield,,rod.hatfield@hotmail.com,7090 Bridge Dr. ,Ronkonkoma,NY,11779.0,,,,,,,,,,,,,,,,,
,,customers.csv,,,762.0,Quyen,Houston,,quyen.houston@gmail.com,7758 Homewood Dr. ,Central Islip,NY,11722.0,,,,,,,,,,,,,,,,,
,,customers.csv,,,763.0,Han,Schneider,,han.schneider@gmail.com,40 Holly Street ,Elmhurst,NY,11373.0,,,,,,,,,,,,,,,,,
,,customers.csv,,,764.0,Terrell,Mathis,,terrell.mathis@aol.com,9320 Center Ave. ,Selden,NY,11784.0,,,,,,,,,,,,,,,,,
,,customers.csv,,,765.0,Spring,Hayes,,spring.hayes@hotmail.com,8591 Wentworth St. ,Ossining,NY,10562.0,,,,,,,,,,,,,,,,,
,,customers.csv,,,766.0,Lecia,Hancock,,lecia.hancock@hotmail.com,9167 Pineknoll St. ,Schenectady,NY,12302.0,,,,,,,,,,,,,,,,,
,,customers.csv,,,767.0,Twana,Arnold,(657) 988-1904,twana.arnold@msn.com,47 North Fairground Lane ,Anaheim,CA,92806.0,,,,,,,,,,,,,,,,,
,,customers.csv,,,768.0,Yvone,Yates,,yvone.yates@gmail.com,9269 Blue Spring Ave. ,San Pablo,CA,94806.0,,,,,,,,,,,,,,,,,
,,customers.csv,,,769.0,Agatha,Melton,,agatha.melton@yahoo.com,89 East Illinois Street ,Springfield Gardens,NY,11413.0,,,,,,,,,,,,,,,,,
,,customers.csv,,,770.0,Lavonda,Stephenson,,lavonda.stephenson@gmail.com,37 Birchwood Dr. ,Bay Shore,NY,11706.0,,,,,,,,,,,,,,,,,
,,customers.csv,,,771.0,Agnes,Sims,(716) 780-9901,agnes.sims@aol.com,170 Queen Lane ,Buffalo,NY,14215.0,,,,,,,,,,,,,,,,,
,,customers.csv,,,772.0,Latricia,Lindsey,,latricia.lindsey@hotmail.com,288 Campfire Dr. ,Yorktown Heights,NY,10598.0,,,,,,,,,,,,,,,,,
,,customers.csv,,,773.0,Yolando,Wade,,yolando.wade@hotmail.com,310 Wilson Ave. ,Massapequa,NY,11758.0,,,,,,,,,,,,,,,,,
,,customers.csv,,,774.0,Nenita,Mooney,,nenita.mooney@hotmail.com,10 W. Bishop Street ,Lawndale,CA,90260.0,,,,,,,,,,,,,,,,,
,,customers.csv,,,775.0,Kermit,Hyde,,kermit.hyde@hotmail.com,87 SE. Carson St. ,Patchogue,NY,11772.0,,,,,,,,,,,,,,,,,
,,customers.csv,,,776.0,Angelique,Merrill,,angelique.merrill@gmail.com,8490 West High Noon Ave. ,South El Monte,CA,91733.0,,,,,,,,,,,,,,,,,
,,customers.csv,,,777.0,Ilda,Roberson,,ilda.roberson@aol.com,8853 Lake St. ,Kingston,NY,12401.0,,,,,,,,,,,,,,,,,
,,customers.csv,,,778.0,Corrinne,Garrison,,corrinne.garrison@yahoo.com,81 East Glenwood Ave. ,Victoria,TX,77904.0,,,,,,,,,,,,,,,,,
,,customers.csv,,,779.0,Major,Merrill,,major.merrill@aol.com,78 Thatcher Court ,Astoria,NY,11102.0,,,,,,,,,,,,,,,,,
,,customers.csv,,,780.0,Ouida,Gregory,,ouida.gregory@aol.com,7984 8th Street ,Merrick,NY,11566.0,,,,,,,,,,,,,,,,,
,,customers.csv,,,781.0,Tajuana,Riddle,,tajuana.riddle@hotmail.com,24 St Margarets Ave. ,Bayside,NY,11361.0,,,,,,,,,,,,,,,,,
,,customers.csv,,,782.0,Ricki,Bullock,,ricki.bullock@hotmail.com,79 Pennington Rd. ,Woodside,NY,11377.0,,,,,,,,,,,,,,,,,
,,customers.csv,,,783.0,Celestine,Kent,(717) 890-4260,celestine.kent@aol.com,697 Fordham Street ,Lancaster,NY,14086.0,,,,,,,,,,,,,,,,,
,,customers.csv,,,784.0,Debbra,Jacobson,,debbra.jacobson@yahoo.com,8316 West Bedford Ave. ,Ballston Spa,NY,12020.0,,,,,,,,,,,,,,,,,
,,customers.csv,,,785.0,Kandis,Mills,,kandis.mills@hotmail.com,64 Beechwood Drive ,Hamburg,NY,14075.0,,,,,,,,,,,,,,,,,
,,customers.csv,,,786.0,Wallace,Lane,,wallace.lane@aol.com,901 Liberty St. ,South Richmond Hill,NY,11419.0,,,,,,,,,,,,,,,,,
,,customers.csv,,,787.0,Malisa,Mitchell,,malisa.mitchell@msn.com,87 Ridgewood Court ,Mount Vernon,NY,10550.0,,,,,,,,,,,,,,,,,
,,customers.csv,,,788.0,Lilliam,Nolan,,lilliam.nolan@msn.com,8976 Berkshire Court ,Copperas Cove,TX,76522.0,,,,,,,,,,,,,,,,,
,,customers.csv,,,789.0,Tad,Gardner,,tad.gardner@hotmail.com,9745 E. Wilson St. ,Niagara Falls,NY,14304.0,,,,,,,,,,,,,,,,,
,,customers.csv,,,790.0,Petronila,Gallegos,,petronila.gallegos@gmail.com,8053 Aspen St. ,Howard Beach,NY,11414.0,,,,,,,,,,,,,,,,,
,,customers.csv,,,791.0,Yun,Nelson,,yun.nelson@hotmail.com,529 Durham Street ,Ballston Spa,NY,12020.0,,,,,,,,,,,,,,,,,
,,customers.csv,,,792.0,Edgar,Horn,,edgar.horn@aol.com,7270 W. Cherry Hill Lane ,West Babylon,NY,11704.0,,,,,,,,,,,,,,,,,
,,customers.csv,,,793.0,Chantay,Maynard,,chantay.maynard@gmail.com,7483 1st Ave. ,Elmhurst,NY,11373.0,,,,,,,,,,,,,,,,,
,,customers.csv,,,794.0,Donette,Mccarthy,,donette.mccarthy@yahoo.com,500 NW. Maiden Dr. ,Redondo Beach,CA,90278.0,,,,,,,,,,,,,,,,,
,,customers.csv,,,795.0,Mariam,Miranda,,mariam.miranda@aol.com,18 East Washington Avenue ,Franklin Square,NY,11010.0,,,,,,,,,,,,,,,,,
,,customers.csv,,,796.0,Rosalie,Coffey,,rosalie.coffey@gmail.com,789 Amerige Dr. ,Upland,CA,91784.0,,,,,,,,,,,,,,,,,
,,customers.csv,,,797.0,Cathey,Lamb,,cathey.lamb@msn.com,9621 Ryan Drive ,Bayside,NY,11361.0,,,,,,,,,,,,,,,,,
,,customers.csv,,,798.0,Alyse,Jacobson,,alyse.jacobson@yahoo.com,10 West Devon Lane ,Massapequa Park,NY,11762.0,,,,,,,,,,,,,,,,,
,,customers.csv,,,799.0,India,Barron,,india.barron@msn.com,834 W. Pleasant Rd. ,Huntington,NY,11743.0,,,,,,,,,,,,,,,,,
,,customers.csv,,,800.0,Cris,Dunn,,cris.dunn@yahoo.com,1 Pawnee Street ,Pittsford,NY,14534.0,,,,,,,,,,,,,,,,,
,,customers.csv,,,801.0,Ophelia,Rodgers,,ophelia.rodgers@gmail.com,133 Joy Ridge Drive ,Hopewell Junction,NY,12533.0,,,,,,,,,,,,,,,,,
,,customers.csv,,,802.0,Barrett,Sanders,,barrett.sanders@aol.com,32 Hawthorne St. ,Longview,TX,75604.0,,,,,,,,,,,,,,,,,
,,customers.csv,,,803.0,Bernardina,Cooper,,bernardina.cooper@msn.com,223 Glen Creek Ave. ,Whitestone,NY,11357.0,,,,,,,,,,,,,,,,,
,,customers.csv,,,804.0,Douglas,Richards,,douglas.richards@hotmail.com,221 Arcadia Lane ,Valley Stream,NY,11580.0,,,,,,,,,,,,,,,,,
,,customers.csv,,,805.0,Phillis,Fowler,,phillis.fowler@aol.com,8976 N. Hall Street ,Clifton Park,NY,12065.0,,,,,,,,,,,,,,,,,
,,customers.csv,,,806.0,Reyes,Merritt,,reyes.merritt@yahoo.com,48 Lexington Rd. ,Staten Island,NY,10301.0,,,,,,,,,,,,,,,,,
,,customers.csv,,,807.0,Nathalie,Knowles,,nathalie.knowles@aol.com,4 Cactus Street ,West Islip,NY,11795.0,,,,,,,,,,,,,,,,,
,,customers.csv,,,808.0,Vallie,Dixon,,vallie.dixon@yahoo.com,85 E. Ann Drive ,Rowlett,TX,75088.0,,,,,,,,,,,,,,,,,
,,customers.csv,,,809.0,Elnora,Simpson,,elnora.simpson@yahoo.com,7157 Shore Ave. ,Bellmore,NY,11710.0,,,,,,,,,,,,,,,,,
,,customers.csv,,,810.0,Ivelisse,Nixon,(281) 941-4933,ivelisse.nixon@aol.com,782 Boston Ave. ,Houston,TX,77016.0,,,,,,,,,,,,,,,,,
,,customers.csv,,,811.0,Shanti,Johnston,,shanti.johnston@gmail.com,722 Alderwood Drive ,Staten Island,NY,10301.0,,,,,,,,,,,,,,,,,
,,customers.csv,,,812.0,Martha,Burgess,,martha.burgess@msn.com,9631 St Margarets Lane ,Woodhaven,NY,11421.0,,,,,,,,,,,,,,,,,
,,customers.csv,,,813.0,Neville,Mcclain,,neville.mcclain@yahoo.com,781 Buttonwood Ave. ,West Hempstead,NY,11552.0,,,,,,,,,,,,,,,,,
,,customers.csv,,,814.0,Ghislaine,Compton,,ghislaine.compton@aol.com,8930 Princess St. ,Lindenhurst,NY,11757.0,,,,,,,,,,,,,,,,,
,,customers.csv,,,815.0,Leanna,Manning,,leanna.manning@yahoo.com,39 E. Stillwater Ave. ,Hicksville,NY,11801.0,,,,,,,,,,,,,,,,,
,,customers.csv,,,816.0,Marshall,Johnson,,marshall.johnson@yahoo.com,44 Greenview St. ,Vista,CA,92083.0,,,,,,,,,,,,,,,,,
,,customers.csv,,,817.0,Zelda,Pratt,(717) 428-4018,zelda.pratt@gmail.com,74 Trusel Drive ,Lancaster,NY,14086.0,,,,,,,,,,,,,,,,,
,,customers.csv,,,818.0,Joel,Wynn,(619) 210-6032,joel.wynn@aol.com,7 North Oak Ave. ,San Diego,CA,92111.0,,,,,,,,,,,,,,,,,
,,customers.csv,,,819.0,Yahaira,Robertson,,yahaira.robertson@yahoo.com,142 Roehampton Dr. ,Endicott,NY,13760.0,,,,,,,,,,,,,,,,,
,,customers.csv,,,820.0,Sandy,Mills,,sandy.mills@gmail.com,333 Olive Ave. ,Schenectady,NY,12302.0,,,,,,,,,,,,,,,,,
,,customers.csv,,,821.0,Cassidy,Clark,,cassidy.clark@hotmail.com,9879 Old Kingston Road ,Astoria,NY,11102.0,,,,,,,,,,,,,,,,,
,,customers.csv,,,822.0,Kristy,Watkins,,kristy.watkins@gmail.com,977 South Brook Ave. ,Howard Beach,NY,11414.0,,,,,,,,,,,,,,,,,
,,customers.csv,,,823.0,Tina,Bush,,tina.bush@aol.com,8038 Bellevue Street ,Maspeth,NY,11378.0,,,,,,,,,,,,,,,,,
,,customers.csv,,,824.0,Veronika,Rollins,,veronika.rollins@yahoo.com,94 Arnold Ave. ,Webster,NY,14580.0,,,,,,,,,,,,,,,,,
,,customers.csv,,,825.0,Kristel,Byrd,,kristel.byrd@hotmail.com,9967 Piper Street ,Hicksville,NY,11801.0,,,,,,,,,,,,,,,,,
,,customers.csv,,,826.0,Shay,Stephenson,,shay.stephenson@aol.com,9569 4th Lane ,Smithtown,NY,11787.0,,,,,,,,,,,,,,,,,
,,customers.csv,,,827.0,George,Pickett,,george.pickett@msn.com,691 Rocky River St. ,Sunnyside,NY,11104.0,,,,,,,,,,,,,,,,,
,,customers.csv,,,828.0,Renato,Morton,,renato.morton@msn.com,8526 Sherwood Street ,Mount Vernon,NY,10550.0,,,,,,,,,,,,,,,,,
,,customers.csv,,,829.0,Marcy,Rodriguez,,marcy.rodriguez@gmail.com,97 Trusel Drive ,Lockport,NY,14094.0,,,,,,,,,,,,,,,,,
,,customers.csv,,,830.0,Edmund,Gaines,,edmund.gaines@gmail.com,8643 Gartner St. ,Copperas Cove,TX,76522.0,,,,,,,,,,,,,,,,,
,,customers.csv,,,831.0,Lory,Berg,,lory.berg@aol.com,64 Vine Drive ,Oswego,NY,13126.0,,,,,,,,,,,,,,,,,
,,customers.csv,,,832.0,Pamala,Fowler,,pamala.fowler@gmail.com,399 Leatherwood St. ,Ballston Spa,NY,12020.0,,,,,,,,,,,,,,,,,
,,customers.csv,,,833.0,Leone,Emerson,,leone.emerson@msn.com,460 Smith Store Ave. ,Whitestone,NY,11357.0,,,,,,,,,,,,,,,,,
,,customers.csv,,,834.0,Brain,Skinner,,brain.skinner@hotmail.com,8676 Ketch Harbour Ave. ,Euless,TX,76039.0,,,,,,,,,,,,,,,,,
,,customers.csv,,,835.0,Roseanne,Maynard,,roseanne.maynard@yahoo.com,219 Old Paris Hill Dr. ,Euless,TX,76039.0,,,,,,,,,,,,,,,,,
,,customers.csv,,,836.0,Corinna,Adams,,corinna.adams@msn.com,38 Trenton Court ,Rosedale,NY,11422.0,,,,,,,,,,,,,,,,,
,,customers.csv,,,837.0,Kellye,Campbell,,kellye.campbell@gmail.com,75 Marsh St. ,Baldwinsville,NY,13027.0,,,,,,,,,,,,,,,,,
,,customers.csv,,,838.0,Erna,Sloan,,erna.sloan@aol.com,9449 Fifth Avenue ,Howard Beach,NY,11414.0,,,,,,,,,,,,,,,,,
,,customers.csv,,,839.0,Carolann,Russell,,carolann.russell@hotmail.com,9308 Selby Ave. ,Glen Cove,NY,11542.0,,,,,,,,,,,,,,,,,
,,customers.csv,,,840.0,Gilbert,Calhoun,,gilbert.calhoun@msn.com,7339 Summer Drive ,East Elmhurst,NY,11369.0,,,,,,,,,,,,,,,,,
,,customers.csv,,,841.0,Manie,Maxwell,,manie.maxwell@gmail.com,85 Brickell Ave. ,Ronkonkoma,NY,11779.0,,,,,,,,,,,,,,,,,
,,customers.csv,,,842.0,Giselle,Robles,,giselle.robles@hotmail.com,9747 N. El Dorado Dr. ,San Angelo,TX,76901.0,,,,,,,,,,,,,,,,,
,,customers.csv,,,843.0,Tessie,Farmer,,tessie.farmer@msn.com,870 Cottage Ave. ,Plattsburgh,NY,12901.0,,,,,,,,,,,,,,,,,
,,customers.csv,,,844.0,Felica,Munoz,,felica.munoz@aol.com,24 West Rockwell Dr. ,South Ozone Park,NY,11420.0,,,,,,,,,,,,,,,,,
,,customers.csv,,,845.0,Kathyrn,Bush,,kathyrn.bush@gmail.com,90 Devon St. ,Bronx,NY,10451.0,,,,,,,,,,,,,,,,,
,,customers.csv,,,846.0,Sylvester,Chan,,sylvester.chan@hotmail.com,659 Arcadia Street ,Rocklin,CA,95677.0,,,,,,,,,,,,,,,,,
,,customers.csv,,,847.0,Lizette,Ellison,,lizette.ellison@hotmail.com,865 Sunbeam Street ,Port Washington,NY,11050.0,,,,,,,,,,,,,,,,,
,,customers.csv,,,848.0,Ernestina,Skinner,,ernestina.skinner@hotmail.com,52 Spring Drive ,Elmhurst,NY,11373.0,,,,,,,,,,,,,,,,,
,,customers.csv,,,849.0,Phyllis,Hill,,phyllis.hill@yahoo.com,576 Devon Ave. ,Syosset,NY,11791.0,,,,,,,,,,,,,,,,,
,,customers.csv,,,850.0,Stephanie,Browning,,stephanie.browning@yahoo.com,9156 Lantern St. ,Rowlett,TX,75088.0,,,,,,,,,,,,,,,,,
,,customers.csv,,,851.0,Arlena,Buckner,,arlena.buckner@hotmail.com,629 Locust Ave. ,New Hyde Park,NY,11040.0,,,,,,,,,,,,,,,,,
,,customers.csv,,,852.0,Lezlie,Thompson,,lezlie.thompson@yahoo.com,73 Vernon St. ,Freeport,NY,11520.0,,,,,,,,,,,,,,,,,
,,customers.csv,,,853.0,Brittney,Rojas,,brittney.rojas@aol.com,2 E. Overlook Ave. ,Kingston,NY,12401.0,,,,,,,,,,,,,,,,,
,,customers.csv,,,854.0,Phylis,Adkins,(212) 325-9145,phylis.adkins@msn.com,7781 James Ave. ,New York,NY,10002.0,,,,,,,,,,,,,,,,,
,,customers.csv,,,855.0,Lean,Stark,,lean.stark@msn.com,215 Old Pumpkin Hill St. ,Upland,CA,91784.0,,,,,,,,,,,,,,,,,
,,customers.csv,,,856.0,Lara,Guy,,lara.guy@aol.com,9809 E. Walnut Drive ,Ronkonkoma,NY,11779.0,,,,,,,,,,,,,,,,,
,,customers.csv,,,857.0,Inga,Koch,,inga.koch@msn.com,8445 South New Court ,New Windsor,NY,12553.0,,,,,,,,,,,,,,,,,
,,customers.csv,,,858.0,Klara,Kim,,klara.kim@gmail.com,9660 Sherman Lane ,Rome,NY,13440.0,,,,,,,,,,,,,,,,,
,,customers.csv,,,859.0,Julianne,Shannon,,julianne.shannon@hotmail.com,28 Applegate Street ,Sugar Land,TX,77478.0,,,,,,,,,,,,,,,,,
,,customers.csv,,,860.0,Loni,Mullen,,loni.mullen@msn.com,55 Thompson Avenue ,South Ozone Park,NY,11420.0,,,,,,,,,,,,,,,,,
,,customers.csv,,,861.0,Olympia,Figueroa,,olympia.figueroa@hotmail.com,587 Surrey St. ,Hopewell Junction,NY,12533.0,,,,,,,,,,,,,,,,,
,,customers.csv,,,862.0,Mellie,Puckett,,mellie.puckett@yahoo.com,64 Van Dyke St. ,Fresh Meadows,NY,11365.0,,,,,,,,,,,,,,,,,
,,customers.csv,,,863.0,Shonta,Preston,,shonta.preston@msn.com,74 Division St. ,Utica,NY,13501.0,,,,,,,,,,,,,,,,,
,,customers.csv,,,864.0,Lore,Sykes,(716) 382-5169,lore.sykes@aol.com,7050 Beach Drive ,Buffalo,NY,14215.0,,,,,,,,,,,,,,,,,
,,customers.csv,,,865.0,Julia,Joyner,,julia.joyner@msn.com,2 Valley View Dr. ,Astoria,NY,11102.0,,,,,,,,,,,,,,,,,
,,customers.csv,,,866.0,Lynwood,Jackson,,lynwood.jackson@aol.com,9449 Linda Street ,Longview,TX,75604.0,,,,,,,,,,,,,,,,,
,,customers.csv,,,867.0,Rosalva,Hamilton,,rosalva.hamilton@aol.com,9883 Cedar Dr. ,Campbell,CA,95008.0,,,,,,,,,,,,,,,,,
,,customers.csv,,,868.0,Domingo,Casey,(408) 761-9212,domingo.casey@msn.com,8665 Cypress Street ,San Jose,CA,95127.0,,,,,,,,,,,,,,,,,
,,customers.csv,,,869.0,Rodrigo,Durham,,rodrigo.durham@aol.com,82 Old Church Road ,Richmond Hill,NY,11418.0,,,,,,,,,,,,,,,,,
,,customers.csv,,,870.0,Dwain,Carlson,,dwain.carlson@gmail.com,951 North Trusel Ave. ,Smithtown,NY,11787.0,,,,,,,,,,,,,,,,,
,,customers.csv,,,871.0,Erlinda,Humphrey,,erlinda.humphrey@hotmail.com,532 South Victoria St. ,New Windsor,NY,12553.0,,,,,,,,,,,,,,,,,
,,customers.csv,,,872.0,Silas,Tate,(361) 219-2149,silas.tate@yahoo.com,9754 53rd Court ,Corpus Christi,TX,78418.0,,,,,,,,,,,,,,,,,
,,customers.csv,,,873.0,Patience,Clayton,,patience.clayton@hotmail.com,68 Chestnut Dr. ,Niagara Falls,NY,14304.0,,,,,,,,,,,,,,,,,
,,customers.csv,,,874.0,Mila,Good,,mila.good@yahoo.com,812 East Longbranch Ave. ,Plattsburgh,NY,12901.0,,,,,,,,,,,,,,,,,
,,customers.csv,,,875.0,Tanesha,Sawyer,,tanesha.sawyer@aol.com,9B Kingston Lane ,Rosedale,NY,11422.0,,,,,,,,,,,,,,,,,
,,customers.csv,,,876.0,Onita,Macdonald,,onita.macdonald@yahoo.com,94 Wood St. ,Glen Cove,NY,11542.0,,,,,,,,,,,,,,,,,
,,customers.csv,,,877.0,Janine,Manning,,janine.manning@gmail.com,9118B Campfire St. ,Howard Beach,NY,11414.0,,,,,,,,,,,,,,,,,
,,customers.csv,,,878.0,Melodie,Melton,,melodie.melton@yahoo.com,12 S. 8th Road ,Smithtown,NY,11787.0,,,,,,,,,,,,,,,,,
,,customers.csv,,,879.0,Ethelyn,Ray,,ethelyn.ray@yahoo.com,80 South Sutor Lane ,Garden City,NY,11530.0,,,,,,,,,,,,,,,,,
,,customers.csv,,,880.0,Phebe,Turner,,phebe.turner@aol.com,4 West York Street ,Sunnyside,NY,11104.0,,,,,,,,,,,,,,,,,
,,customers.csv,,,881.0,Chloe,Patel,,chloe.patel@yahoo.com,407 Homewood Street ,Santa Monica,CA,90403.0,,,,,,,,,,,,,,,,,
,,customers.csv,,,882.0,Hilda,Harvey,,hilda.harvey@gmail.com,9808 W. Cleveland Ave. ,Ballston Spa,NY,12020.0,,,,,,,,,,,,,,,,,
,,customers.csv,,,883.0,Gilberte,Duke,(915) 903-7860,gilberte.duke@gmail.com,12 Birchwood Dr. ,El Paso,TX,79930.0,,,,,,,,,,,,,,,,,
,,customers.csv,,,884.0,Willian,Hardin,,willian.hardin@msn.com,836 West Street ,Oswego,NY,13126.0,,,,,,,,,,,,,,,,,
,,customers.csv,,,885.0,Janna,Hayden,,janna.hayden@msn.com,32 Hilldale Street ,Longview,TX,75604.0,,,,,,,,,,,,,,,,,
,,customers.csv,,,886.0,Letisha,May,,letisha.may@yahoo.com,9965 Princeton Lane ,North Tonawanda,NY,14120.0,,,,,,,,,,,,,,,,,
,,customers.csv,,,887.0,Graig,Cannon,,graig.cannon@gmail.com,36 Oklahoma Ave. ,Syosset,NY,11791.0,,,,,,,,,,,,,,,,,
,,customers.csv,,,888.0,Coleen,Navarro,,coleen.navarro@aol.com,990 Broad Rd. ,Webster,NY,14580.0,,,,,,,,,,,,,,,,,
,,customers.csv,,,889.0,Lucilla,Williams,,lucilla.williams@hotmail.com,42 Cedar Street ,San Carlos,CA,94070.0,,,,,,,,,,,,,,,,,
,,customers.csv,,,890.0,Rosanne,George,,rosanne.george@yahoo.com,38 Pleasant St. ,Ossining,NY,10562.0,,,,,,,,,,,,,,,,,
,,customers.csv,,,891.0,Ashlie,Parrish,,ashlie.parrish@hotmail.com,48 Mill Drive ,Monsey,NY,10952.0,,,,,,,,,,,,,,,,,
,,customers.csv,,,892.0,Alissa,Craft,,alissa.craft@hotmail.com,249 Maple Street ,Ossining,NY,10562.0,,,,,,,,,,,,,,,,,
,,customers.csv,,,893.0,Letty,Cobb,,letty.cobb@msn.com,8652 Wellington Street ,Depew,NY,14043.0,,,,,,,,,,,,,,,,,
,,customers.csv,,,894.0,Nathaniel,Richard,,nathaniel.richard@gmail.com,3 Nicolls Lane ,New Windsor,NY,12553.0,,,,,,,,,,,,,,,,,
,,customers.csv,,,895.0,Elaina,Key,,elaina.key@msn.com,1 Main St. ,Plainview,NY,11803.0,,,,,,,,,,,,,,,,,
,,customers.csv,,,896.0,Stefani,Gamble,(845) 724-2996,stefani.gamble@aol.com,9119 W. Victoria St. ,New City,NY,10956.0,,,,,,,,,,,,,,,,,
,,customers.csv,,,897.0,Bettyann,Acosta,(717) 746-6658,bettyann.acosta@gmail.com,7949 Chapel St. ,Lancaster,NY,14086.0,,,,,,,,,,,,,,,,,
,,customers.csv,,,898.0,Crysta,Velez,(281) 529-3469,crysta.velez@yahoo.com,64 South Front Street ,Houston,TX,77016.0,,,,,,,,,,,,,,,,,
,,customers.csv,,,899.0,Carisa,Carpenter,,carisa.carpenter@hotmail.com,551 Belmont Lane ,Victoria,TX,77904.0,,,,,,,,,,,,,,,,,
,,customers.csv,,,900.0,Jule,Davenport,,jule.davenport@aol.com,19 River St. ,San Carlos,CA,94070.0,,,,,,,,,,,,,,,,,
,,customers.csv,,,901.0,Lonna,Franks,,lonna.franks@yahoo.com,667 Brickyard Street ,Ontario,CA,91762.0,,,,,,,,,,,,,,,,,
,,customers.csv,,,902.0,Elease,Dejesus,,elease.dejesus@gmail.com,7800 Magnolia Street ,Oswego,NY,13126.0,,,,,,,,,,,,,,,,,
,,customers.csv,,,903.0,Maira,Long,,maira.long@msn.com,7587 Bear Hill Street ,Hicksville,NY,11801.0,,,,,,,,,,,,,,,,,
,,customers.csv,,,904.0,Jana,Thomas,(408) 624-8137,jana.thomas@yahoo.com,283 E. Spring Dr. ,San Jose,CA,95127.0,,,,,,,,,,,,,,,,,
,,customers.csv,,,905.0,Hae,Ramirez,,hae.ramirez@hotmail.com,9367 Lake Street ,Baldwinsville,NY,13027.0,,,,,,,,,,,,,,,,,
,,customers.csv,,,906.0,Erik,Leblanc,,erik.leblanc@aol.com,7 East Nut Swamp Street ,Sugar Land,TX,77478.0,,,,,,,,,,,,,,,,,
,,customers.csv,,,907.0,Daina,Sampson,,daina.sampson@msn.com,556 Wellington St. ,Longview,TX,75604.0,,,,,,,,,,,,,,,,,
,,customers.csv,,,908.0,Delmar,Wise,,delmar.wise@yahoo.com,8355 Kingston Avenue ,Lockport,NY,14094.0,,,,,,,,,,,,,,,,,
,,customers.csv,,,909.0,Alita,Salinas,,alita.salinas@hotmail.com,8550 Bear Hill Ave. ,Uniondale,NY,11553.0,,,,,,,,,,,,,,,,,
,,customers.csv,,,910.0,Elenore,William,,elenore.william@msn.com,23 Rockland St. ,Mcallen,TX,78501.0,,,,,,,,,,,,,,,,,
,,customers.csv,,,911.0,Nikita,Roy,,nikita.roy@aol.com,9703 N. Snake Hill St. ,Pittsford,NY,14534.0,,,,,,,,,,,,,,,,,
,,customers.csv,,,912.0,Inocencia,Key,,inocencia.key@hotmail.com,36 Wild Rose Ave. ,Massapequa Park,NY,11762.0,,,,,,,,,,,,,,,,,
,,customers.csv,,,913.0,Liliana,Kerr,,liliana.kerr@yahoo.com,3 Cherry Drive ,Desoto,TX,75115.0,,,,,,,,,,,,,,,,,
,,customers.csv,,,914.0,Hortencia,O'neil,,hortencia.o'neil@hotmail.com,1 Gulf Rd. ,Rockville Centre,NY,11570.0,,,,,,,,,,,,,,,,,
,,customers.csv,,,915.0,Beryl,Bennett,(916) 422-6956,beryl.bennett@aol.com,9563 Edgemont St. ,Sacramento,CA,95820.0,,,,,,,,,,,,,,,,,
,,customers.csv,,,916.0,Alishia,Elliott,,alishia.elliott@aol.com,8905 Courtland Ave. ,Mount Vernon,NY,10550.0,,,,,,,,,,,,,,,,,
,,customers.csv,,,917.0,Vernia,Madden,(248) 206-3697,vernia.madden@aol.com,5 Iroquois Street ,Troy,NY,12180.0,,,,,,,,,,,,,,,,,
,,customers.csv,,,918.0,Kristel,Bullock,,kristel.bullock@yahoo.com,7292 Armstrong Drive ,Smithtown,NY,11787.0,,,,,,,,,,,,,,,,,
,,customers.csv,,,919.0,Ruthanne,Hoover,,ruthanne.hoover@aol.com,835 Paris Hill Road ,Torrance,CA,90505.0,,,,,,,,,,,,,,,,,
,,customers.csv,,,920.0,James,Robles,,james.robles@aol.com,9 Chapel Lane ,North Tonawanda,NY,14120.0,,,,,,,,,,,,,,,,,
,,customers.csv,,,921.0,Evelin,Vargas,,evelin.vargas@msn.com,7049 Pin Oak Ave. ,Webster,NY,14580.0,,,,,,,,,,,,,,,,,
,,customers.csv,,,922.0,Elvia,Cardenas,,elvia.cardenas@hotmail.com,8 Paris Hill St. ,Massapequa,NY,11758.0,,,,,,,,,,,,,,,,,
,,customers.csv,,,923.0,Randee,Pitts,,randee.pitts@msn.com,7371B Essex Street ,Canyon Country,CA,91387.0,,,,,,,,,,,,,,,,,
,,customers.csv,,,924.0,Lea,Irwin,,lea.irwin@gmail.com,845 Adams Lane ,New Windsor,NY,12553.0,,,,,,,,,,,,,,,,,
,,customers.csv,,,925.0,Bryce,Monroe,,bryce.monroe@aol.com,52 Cooper Lane ,Kingston,NY,12401.0,,,,,,,,,,,,,,,,,
,,customers.csv,,,926.0,Katina,Mcintosh,(661) 464-1523,katina.mcintosh@yahoo.com,263 Swanson Dr. ,Bakersfield,CA,93306.0,,,,,,,,,,,,,,,,,
,,customers.csv,,,927.0,Guillermo,Hart,(212) 652-7198,guillermo.hart@hotmail.com,81 Indian Summer Drive ,New York,NY,10002.0,,,,,,,,,,,,,,,,,
,,customers.csv,,,928.0,Joann,Barber,,joann.barber@gmail.com,8945 Courtland Street ,Santa Monica,CA,90403.0,,,,,,,,,,,,,,,,,
,,customers.csv,,,929.0,Thurman,Ellis,,thurman.ellis@gmail.com,20 Augusta Road ,Pleasanton,CA,94566.0,,,,,,,,,,,,,,,,,
,,customers.csv,,,930.0,Delana,Wagner,,delana.wagner@aol.com,8499 Mill Pond Road ,Clifton Park,NY,12065.0,,,,,,,,,,,,,,,,,
,,customers.csv,,,931.0,Porter,Bass,,porter.bass@hotmail.com,370 North Alderwood Dr. ,San Angelo,TX,76901.0,,,,,,,,,,,,,,,,,
,,customers.csv,,,932.0,Yvonne,Bean,,yvonne.bean@yahoo.com,20 W. Marsh Ave. ,Wappingers Falls,NY,12590.0,,,,,,,,,,,,,,,,,
,,customers.csv,,,933.0,Lurline,Rivers,,lurline.rivers@msn.com,69 Pine Street ,Howard Beach,NY,11414.0,,,,,,,,,,,,,,,,,
,,customers.csv,,,934.0,Ocie,Slater,,ocie.slater@msn.com,7799 W. Bohemia Dr. ,Hamburg,NY,14075.0,,,,,,,,,,,,,,,,,
,,customers.csv,,,935.0,Genevie,Miles,,genevie.miles@aol.com,45 West Sulphur Springs Ave. ,Monroe,NY,10950.0,,,,,,,,,,,,,,,,,
,,customers.csv,,,936.0,Sherilyn,Wilcox,,sherilyn.wilcox@gmail.com,905 North Buckingham Lane ,Ossining,NY,10562.0,,,,,,,,,,,,,,,,,
,,customers.csv,,,937.0,Aida,Koch,,aida.koch@gmail.com,9778 3rd Drive ,West Hempstead,NY,11552.0,,,,,,,,,,,,,,,,,
,,customers.csv,,,938.0,Emory,O'connor,(507) 606-2192,emory.o'connor@gmail.com,34 Foxrun Street ,Rochester,NY,14606.0,,,,,,,,,,,,,,,,,
,,customers.csv,,,939.0,Maximina,Hutchinson,(361) 164-3098,maximina.hutchinson@hotmail.com,53 Stillwater Avenue ,Corpus Christi,TX,78418.0,,,,,,,,,,,,,,,,,
,,customers.csv,,,940.0,Marina,Hinton,,marina.hinton@yahoo.com,7440 North Oxford St. ,Encino,CA,91316.0,,,,,,,,,,,,,,,,,
,,customers.csv,,,941.0,Danyell,Dickerson,,danyell.dickerson@msn.com,8306 Fieldstone Dr. ,Central Islip,NY,11722.0,,,,,,,,,,,,,,,,,
,,customers.csv,,,942.0,Davis,Long,(717) 653-1755,davis.long@msn.com,929 Elmwood Dr. ,Lancaster,NY,14086.0,,,,,,,,,,,,,,,,,
,,customers.csv,,,943.0,Lynn,Mcmahon,,lynn.mcmahon@msn.com,9 Surrey St. ,Scarsdale,NY,10583.0,,,,,,,,,,,,,,,,,
,,customers.csv,,,944.0,Tonja,Henderson,,tonja.henderson@aol.com,82 Alton St. ,Scarsdale,NY,10583.0,,,,,,,,,,,,,,,,,
,,customers.csv,,,945.0,Krissy,Ochoa,,krissy.ochoa@msn.com,80 Queen Ave. ,Port Washington,NY,11050.0,,,,,,,,,,,,,,,,,
,,customers.csv,,,946.0,Angella,Bridges,,angella.bridges@yahoo.com,8708 Sycamore St. ,Pittsford,NY,14534.0,,,,,,,,,,,,,,,,,
,,customers.csv,,,947.0,Angele,Castro,,angele.castro@yahoo.com,15 Acacia Drive ,Palos Verdes Peninsula,CA,90274.0,,,,,,,,,,,,,,,,,
,,customers.csv,,,948.0,Siobhan,Lang,,siobhan.lang@gmail.com,3 Monroe Lane ,Levittown,NY,11756.0,,,,,,,,,,,,,,,,,
,,customers.csv,,,949.0,Venessa,Frost,,venessa.frost@msn.com,621 West School Rd. ,Scarsdale,NY,10583.0,,,,,,,,,,,,,,,,,
,,customers.csv,,,950.0,Verna,Solis,(507) 115-1633,verna.solis@yahoo.com,7 Lincoln Lane ,Rochester,NY,14606.0,,,,,,,,,,,,,,,,,
,,customers.csv,,,951.0,Steve,Bender,,steve.bender@gmail.com,908 N. Pennington Dr. ,Scarsdale,NY,10583.0,,,,,,,,,,,,,,,,,
,,customers.csv,,,952.0,Aileen,Marquez,,aileen.marquez@msn.com,8899 Newbridge Street ,Torrance,CA,90505.0,,,,,,,,,,,,,,,,,
,,customers.csv,,,953.0,Kattie,Stevenson,,kattie.stevenson@aol.com,52 Carson Street ,Helotes,TX,78023.0,,,,,,,,,,,,,,,,,
,,customers.csv,,,954.0,Hassan,Nash,,hassan.nash@yahoo.com,8105 University Lane ,Hicksville,NY,11801.0,,,,,,,,,,,,,,,,,
,,customers.csv,,,955.0,Delfina,Gilliam,,delfina.gilliam@hotmail.com,9463 Bayberry Rd. ,West Babylon,NY,11704.0,,,,,,,,,,,,,,,,,
,,customers.csv,,,956.0,Venus,Hewitt,,venus.hewitt@msn.com,9835 Old Cemetery Lane ,Farmingdale,NY,11735.0,,,,,,,,,,,,,,,,,
,,customers.csv,,,957.0,Stephen,Vega,(657) 288-3778,stephen.vega@msn.com,5 Briarwood St. ,Anaheim,CA,92806.0,,,,,,,,,,,,,,,,,
,,customers.csv,,,958.0,Ciera,Koch,,ciera.koch@gmail.com,881 Lawrence Drive ,Euless,TX,76039.0,,,,,,,,,,,,,,,,,
,,customers.csv,,,959.0,Christel,Barber,(916) 679-3547,christel.barber@hotmail.com,320 Briarwood Lane ,Sacramento,CA,95820.0,,,,,,,,,,,,,,,,,
,,customers.csv,,,960.0,Arline,Lawson,(516) 792-3395,arline.lawson@gmail.com,48 Whitemarsh Lane ,Hempstead,NY,11550.0,,,,,,,,,,,,,,,,,
,,customers.csv,,,961.0,Iva,Wilcox,,iva.wilcox@aol.com,452 South Mayflower Drive ,Kingston,NY,12401.0,,,,,,,,,,,,,,,,,
,,customers.csv,,,962.0,Maple,Griffin,,maple.griffin@gmail.com,20 Glendale Drive ,Copperas Cove,TX,76522.0,,,,,,,,,,,,,,,,,
,,customers.csv,,,963.0,Anisha,Lang,,anisha.lang@aol.com,265 Peachtree St. ,Rome,NY,13440.0,,,,,,,,,,,,,,,,,
,,customers.csv,,,964.0,Brent,Calderon,(361) 981-8725,brent.calderon@aol.com,3 Thomas St. ,Corpus Christi,TX,78418.0,,,,,,,,,,,,,,,,,
,,customers.csv,,,965.0,Margit,Osborn,,margit.osborn@yahoo.com,909 Gulf Drive ,Plainview,NY,11803.0,,,,,,,,,,,,,,,,,
,,customers.csv,,,966.0,Novella,Patel,,novella.patel@gmail.com,500 Livingston Street ,Glen Cove,NY,11542.0,,,,,,,,,,,,,,,,,
,,customers.csv,,,967.0,Laurette,Hebert,,laurette.hebert@msn.com,18 South Constitution Court ,Canandaigua,NY,14424.0,,,,,,,,,,,,,,,,,
,,customers.csv,,,968.0,Jonna,Brown,,jonna.brown@aol.com,1 Spring Drive ,Mahopac,NY,10541.0,,,,,,,,,,,,,,,,,
,,customers.csv,,,969.0,Jennell,Solis,(507) 421-7354,jennell.solis@hotmail.com,194 2nd Rd. ,Rochester,NY,14606.0,,,,,,,,,,,,,,,,,
,,customers.csv,,,970.0,Ruth,Horton,,ruth.horton@gmail.com,488 Mulberry Ave. ,Hollis,NY,11423.0,,,,,,,,,,,,,,,,,
,,customers.csv,,,971.0,Samual,Warner,(631) 151-4988,samual.warner@gmail.com,8735 Thatcher Dr. ,Brentwood,NY,11717.0,,,,,,,,,,,,,,,,,
,,customers.csv,,,972.0,Damian,Mills,(562) 924-3079,damian.mills@yahoo.com,7747 Elm Dr. ,Long Beach,NY,11561.0,,,,,,,,,,,,,,,,,
,,customers.csv,,,973.0,Margaretta,Clayton,,margaretta.clayton@yahoo.com,524 San Pablo Ave. ,Ridgecrest,CA,93555.0,,,,,,,,,,,,,,,,,
,,customers.csv,,,974.0,Marcell,Barrett,,marcell.barrett@gmail.com,266 Elm Drive ,Astoria,NY,11102.0,,,,,,,,,,,,,,,,,
,,customers.csv,,,975.0,Annis,Sanchez,(424) 352-6275,annis.sanchez@aol.com,4 Edgewater Road ,Los Angeles,CA,90008.0,,,,,,,,,,,,,,,,,
,,customers.csv,,,976.0,Ayanna,Cherry,,ayanna.cherry@yahoo.com,8829 Galvin Rd. ,Smithtown,NY,11787.0,,,,,,,,,,,,,,,,,
,,customers.csv,,,977.0,Barton,Cox,,barton.cox@yahoo.com,8220 Creekside Street ,Amityville,NY,11701.0,,,,,,,,,,,,,,,,,
,,customers.csv,,,978.0,Diana,Reyes,,diana.reyes@msn.com,7415 Annadale St. ,Bronx,NY,10451.0,,,,,,,,,,,,,,,,,
,,customers.csv,,,979.0,Ingeborg,Ellison,,ingeborg.ellison@yahoo.com,360 Trusel St. ,Ithaca,NY,14850.0,,,,,,,,,,,,,,,,,
,,customers.csv,,,980.0,Carter,Booth,,carter.booth@msn.com,82 Beech Drive ,Port Chester,NY,10573.0,,,,,,,,,,,,,,,,,
,,customers.csv,,,981.0,Christel,Cardenas,(562) 342-8083,christel.cardenas@aol.com,428 S. Swanson Drive ,Long Beach,NY,11561.0,,,,,,,,,,,,,,,,,
,,customers.csv,,,982.0,Orval,Hunter,,orval.hunter@aol.com,35 Wagon Drive ,San Angelo,TX,76901.0,,,,,,,,,,,,,,,,,
,,customers.csv,,,983.0,Marguerite,Berger,,marguerite.berger@aol.com,875 Arch Lane ,Fullerton,CA,92831.0,,,,,,,,,,,,,,,,,
,,customers.csv,,,984.0,Ivette,Warren,,ivette.warren@gmail.com,8408 Thomas Street ,Franklin Square,NY,11010.0,,,,,,,,,,,,,,,,,
,,customers.csv,,,985.0,Milagros,Weber,,milagros.weber@hotmail.com,7591 Glendale Ave. ,Harlingen,TX,78552.0,,,,,,,,,,,,,,,,,
,,customers.csv,,,986.0,Marcel,Lindsay,,marcel.lindsay@hotmail.com,249 Peninsula St. ,Ossining,NY,10562.0,,,,,,,,,,,,,,,,,
,,customers.csv,,,987.0,Louis,Powell,,louis.powell@aol.com,368 Sugar Rd. ,Staten Island,NY,10301.0,,,,,,,,,,,,,,,,,
,,customers.csv,,,988.0,Vanda,Holmes,,vanda.holmes@aol.com,9835 Wild Rose Drive ,Syosset,NY,11791.0,,,,,,,,,,,,,,,,,
,,customers.csv,,,989.0,Loreen,Byers,,loreen.byers@yahoo.com,83 S. Rockledge Circle ,South Ozone Park,NY,11420.0,,,,,,,,,,,,,,,,,
,,customers.csv,,,990.0,Casimira,Chapman,,casimira.chapman@yahoo.com,67 Snake Hill St. ,Monroe,NY,10950.0,,,,,,,,,,,,,,,,,
,,customers.csv,,,991.0,Brigida,Larson,,brigida.larson@hotmail.com,8789 Sycamore Lane ,Canyon Country,CA,91387.0,,,,,,,,,,,,,,,,,
,,customers.csv,,,992.0,Chere,Alston,,chere.alston@gmail.com,16 Lower River Street ,Patchogue,NY,11772.0,,,,,,,,,,,,,,,,,
,,customers.csv,,,993.0,Giovanna,Jefferson,,giovanna.jefferson@gmail.com,9394 Riverside St. ,Ridgecrest,CA,93555.0,,,,,,,,,,,,,,,,,
,,customers.csv,,,994.0,Demarcus,Reese,,demarcus.reese@gmail.com,8087 Armstrong Dr. ,Yorktown Heights,NY,10598.0,,,,,,,,,,,,,,,,,
,,customers.csv,,,995.0,Amina,Salazar,,amina.salazar@aol.com,944 Wellington Street ,Canandaigua,NY,14424.0,,,,,,,,,,,,,,,,,
,,customers.csv,,,996.0,Serafina,Clemons,,serafina.clemons@gmail.com,851 Brown Ave. ,Shirley,NY,11967.0,,,,,,,,,,,,,,,,,
,,customers.csv,,,997.0,Trinidad,Mcclain,,trinidad.mcclain@msn.com,98 Tunnel Drive ,Baldwin,NY,11510.0,,,,,,,,,,,,,,,,,
,,customers.csv,,,998.0,Heather,Chaney,,heather.chaney@yahoo.com,4 Morris Dr. ,Jamestown,NY,14701.0,,,,,,,,,,,,,,,,,
,,customers.csv,,,999.0,Latoya,Johns,,latoya.johns@hotmail.com,7914 W. Woodsman St. ,Ballston Spa,NY,12020.0,,,,,,,,,,,,,,,,,
,,customers.csv,,,1000.0,Shiloh,Reeves,,shiloh.reeves@msn.com,818 Kirkland Lane ,West Babylon,NY,11704.0,,,,,,,,,,,,,,,,,
,,customers.csv,,,1001.0,Lee,Roman,(631) 913-6967,lee.roman@gmail.com,4 Canal Ave. ,Brentwood,NY,11717.0,,,,,,,,,,,,,,,,,
,,customers.csv,,,1002.0,Cami,Williamson,,cami.williamson@hotmail.com,9511A Windsor Drive ,Massapequa,NY,11758.0,,,,,,,,,,,,,,,,,
,,customers.csv,,,1003.0,Sharell,Ross,,sharell.ross@msn.com,7830 Devonshire Ave. ,Vista,CA,92083.0,,,,,,,,,,,,,,,,,
,,customers.csv,,,1004.0,Jerald,Blackwell,,jerald.blackwell@hotmail.com,8364 South Wakehurst Ave. ,East Elmhurst,NY,11369.0,,,,,,,,,,,,,,,,,
,,customers.csv,,,1005.0,Ruthanne,Franco,,ruthanne.franco@yahoo.com,61 Applegate St. ,Astoria,NY,11102.0,,,,,,,,,,,,,,,,,
,,customers.csv,,,1006.0,Marjory,Leonard,,marjory.leonard@msn.com,800 Greystone Lane ,Apple Valley,CA,92307.0,,,,,,,,,,,,,,,,,
,,customers.csv,,,1007.0,Jimmy,Russell,,jimmy.russell@hotmail.com,33 Iroquois Ave. ,Howard Beach,NY,11414.0,,,,,,,,,,,,,,,,,
,,customers.csv,,,1008.0,Berneice,Pollard,,berneice.pollard@hotmail.com,607 Bohemia Street ,Forney,TX,75126.0,,,,,,,,,,,,,,,,,
,,customers.csv,,,1009.0,Deangelo,Cooley,,deangelo.cooley@aol.com,3 NE. Edgewood Rd. ,Rosedale,NY,11422.0,,,,,,,,,,,,,,,,,
,,customers.csv,,,1010.0,Katia,Henry,,katia.henry@msn.com,69 E. Columbia Ave. ,Bethpage,NY,11714.0,,,,,,,,,,,,,,,,,
,,customers.csv,,,1011.0,Sebrina,Gross,,sebrina.gross@yahoo.com,993 Glendale Drive ,Garland,TX,75043.0,,,,,,,,,,,,,,,,,
,,customers.csv,,,1012.0,Josephine,Dale,,josephine.dale@aol.com,8214 West Drive ,Baldwinsville,NY,13027.0,,,,,,,,,,,,,,,,,
,,customers.csv,,,1013.0,Alma,Peck,,alma.peck@aol.com,298 South Bay Meadows Drive ,Corona,NY,11368.0,,,,,,,,,,,,,,,,,
,,customers.csv,,,1014.0,Ling,Newman,,ling.newman@msn.com,832 Spring Road ,South Richmond Hill,NY,11419.0,,,,,,,,,,,,,,,,,
,,customers.csv,,,1015.0,Nichelle,Rosario,,nichelle.rosario@hotmail.com,709 Dunbar Ave. ,Garden City,NY,11530.0,,,,,,,,,,,,,,,,,
,,customers.csv,,,1016.0,Shenna,Benton,(212) 578-2912,shenna.benton@msn.com,57 Shadow Brook Road ,New York,NY,10002.0,,,,,,,,,,,,,,,,,
,,customers.csv,,,1017.0,Philip,Bryan,(510) 533-4262,philip.bryan@hotmail.com,914 Devonshire Court ,Oakland,CA,94603.0,,,,,,,,,,,,,,,,,
,,customers.csv,,,1018.0,Carita,Salinas,,carita.salinas@yahoo.com,90 Griffin Street ,Maspeth,NY,11378.0,,,,,,,,,,,,,,,,,
,,customers.csv,,,1019.0,Janie,Herrera,,janie.herrera@gmail.com,652 Westport Street ,Elmhurst,NY,11373.0,,,,,,,,,,,,,,,,,
,,customers.csv,,,1020.0,Lorraine,Marks,,lorraine.marks@msn.com,160 North Pearl Street ,San Carlos,CA,94070.0,,,,,,,,,,,,,,,,,
,,customers.csv,,,1021.0,Nicolas,Carlson,,nicolas.carlson@yahoo.com,7899 Spruce Street ,Saint Albans,NY,11412.0,,,,,,,,,,,,,,,,,
,,customers.csv,,,1022.0,Hye,Mercer,,hye.mercer@gmail.com,9681 Redwood St. ,Mahopac,NY,10541.0,,,,,,,,,,,,,,,,,
,,customers.csv,,,1023.0,Adena,Blake,,adena.blake@hotmail.com,684 Westport Drive ,Ballston Spa,NY,12020.0,,,,,,,,,,,,,,,,,
,,customers.csv,,,1024.0,Coleman,Boyd,(915) 607-6336,coleman.boyd@yahoo.com,9740 Bay Meadows Drive ,El Paso,TX,79930.0,,,,,,,,,,,,,,,,,
,,customers.csv,,,1025.0,Daphine,Willis,,daphine.willis@msn.com,152 Shady St. ,Farmingdale,NY,11735.0,,,,,,,,,,,,,,,,,
,,customers.csv,,,1026.0,Jenine,Dawson,,jenine.dawson@msn.com,17 Park Street ,Endicott,NY,13760.0,,,,,,,,,,,,,,,,,
,,customers.csv,,,1027.0,Shanita,Wiley,,shanita.wiley@yahoo.com,121 Bridge Lane ,Saint Albans,NY,11412.0,,,,,,,,,,,,,,,,,
,,customers.csv,,,1028.0,Shanna,Bonner,,shanna.bonner@msn.com,386 Lafayette Road ,Canandaigua,NY,14424.0,,,,,,,,,,,,,,,,,
,,customers.csv,,,1029.0,Ping,Quinn,,ping.quinn@gmail.com,9051 Hanover Dr. ,Rowlett,TX,75088.0,,,,,,,,,,,,,,,,,
,,customers.csv,,,1030.0,Saran,Moses,,saran.moses@yahoo.com,94 Hall Dr. ,Brooklyn,NY,11201.0,,,,,,,,,,,,,,,,,
,,customers.csv,,,1031.0,Tonja,Bean,,tonja.bean@aol.com,9 Middle River St. ,Fairport,NY,14450.0,,,,,,,,,,,,,,,,,
,,customers.csv,,,1032.0,Vernon,Knowles,,vernon.knowles@yahoo.com,5 Olive Lane ,Huntington Station,NY,11746.0,,,,,,,,,,,,,,,,,
,,customers.csv,,,1033.0,Jeannette,Skinner,,jeannette.skinner@yahoo.com,8886 High Point Drive ,Forest Hills,NY,11375.0,,,,,,,,,,,,,,,,,
,,customers.csv,,,1034.0,Rico,Salas,,rico.salas@msn.com,8041 Walt Whitman St. ,Centereach,NY,11720.0,,,,,,,,,,,,,,,,,
,,customers.csv,,,1035.0,Tangela,Hurley,,tangela.hurley@msn.com,49 North Cross St. ,Campbell,CA,95008.0,,,,,,,,,,,,,,,,,
,,customers.csv,,,1036.0,Randee,Lester,,randee.lester@gmail.com,81 Bear Hill Street ,Centereach,NY,11720.0,,,,,,,,,,,,,,,,,
,,customers.csv,,,1037.0,Ashanti,Hammond,,ashanti.hammond@msn.com,9202 W. Lyme Ave. ,Nanuet,NY,10954.0,,,,,,,,,,,,,,,,,
,,customers.csv,,,1038.0,Garry,Juarez,,garry.juarez@hotmail.com,670 Nut Swamp Drive ,Forest Hills,NY,11375.0,,,,,,,,,,,,,,,,,
,,customers.csv,,,1039.0,Bee,Baker,,bee.baker@aol.com,307 E. Magnolia St. ,Liverpool,NY,13090.0,,,,,,,,,,,,,,,,,
,,customers.csv,,,1040.0,Shantae,Hammond,,shantae.hammond@hotmail.com,526 Harvard Drive ,Victoria,TX,77904.0,,,,,,,,,,,,,,,,,
,,customers.csv,,,1041.0,Bettye,Espinoza,,bettye.espinoza@yahoo.com,76 Rockwell Street ,Oswego,NY,13126.0,,,,,,,,,,,,,,,,,
,,customers.csv,,,1042.0,Larissa,Hays,,larissa.hays@aol.com,66 2nd Drive ,Elmont,NY,11003.0,,,,,,,,,,,,,,,,,
,,customers.csv,,,1043.0,Diane,Jones,,diane.jones@gmail.com,859 Prince St. ,Fresh Meadows,NY,11365.0,,,,,,,,,,,,,,,,,
,,customers.csv,,,1044.0,Zenia,Bruce,,zenia.bruce@aol.com,349 James Road ,Rosedale,NY,11422.0,,,,,,,,,,,,,,,,,
,,customers.csv,,,1045.0,Pasquale,Hogan,,pasquale.hogan@aol.com,403 Bank St. ,Vista,CA,92083.0,,,,,,,,,,,,,,,,,
,,customers.csv,,,1046.0,Dane,Mcdaniel,,dane.mcdaniel@hotmail.com,891 Court Ave. ,Canandaigua,NY,14424.0,,,,,,,,,,,,,,,,,
,,customers.csv,,,1047.0,Jamaal,Baker,,jamaal.baker@hotmail.com,186 Big Rock Cove Ave. ,Elmhurst,NY,11373.0,,,,,,,,,,,,,,,,,
,,customers.csv,,,1048.0,Ji,Burt,,ji.burt@hotmail.com,40 S. Roberts Street ,Apple Valley,CA,92307.0,,,,,,,,,,,,,,,,,
,,customers.csv,,,1049.0,Marcelino,Mcbride,,marcelino.mcbride@hotmail.com,29 Oxford Ave. ,Clifton Park,NY,12065.0,,,,,,,,,,,,,,,,,
,,customers.csv,,,1050.0,Rozella,Fitzgerald,,rozella.fitzgerald@yahoo.com,7795 Myers Ave. ,Shirley,NY,11967.0,,,,,,,,,,,,,,,,,
,,customers.csv,,,1051.0,Tonisha,Fowler,,tonisha.fowler@msn.com,9270 Valley View Lane ,Huntington Station,NY,11746.0,,,,,,,,,,,,,,,,,
,,customers.csv,,,1052.0,Zora,Ford,(916) 192-3196,zora.ford@gmail.com,7416 La Sierra Dr. ,Sacramento,CA,95820.0,,,,,,,,,,,,,,,,,
,,customers.csv,,,1053.0,Parthenia,Figueroa,,parthenia.figueroa@msn.com,550 Theatre Dr. ,Mahopac,NY,10541.0,,,,,,,,,,,,,,,,,
,,customers.csv,,,1054.0,Arielle,Levine,,arielle.levine@yahoo.com,7100 High Ridge St. ,Garland,TX,75043.0,,,,,,,,,,,,,,,,,
,,customers.csv,,,1055.0,Hildegarde,Christensen,,hildegarde.christensen@hotmail.com,488 East Mill Pond Ave. ,Maspeth,NY,11378.0,,,,,,,,,,,,,,,,,
,,customers.csv,,,1056.0,Rebbecca,Espinoza,,rebbecca.espinoza@hotmail.com,8266 Valley Farms Road ,Mount Vernon,NY,10550.0,,,,,,,,,,,,,,,,,
,,customers.csv,,,1057.0,Conchita,Boone,,conchita.boone@gmail.com,814 Birchpond Lane ,Mount Vernon,NY,10550.0,,,,,,,,,,,,,,,,,
,,customers.csv,,,1058.0,Aisha,Woods,,aisha.woods@gmail.com,9292 Bear Hill Ave. ,Webster,NY,14580.0,,,,,,,,,,,,,,,,,
,,customers.csv,,,1059.0,Season,Harvey,,season.harvey@yahoo.com,388 Arnold Court ,East Northport,NY,11731.0,,,,,,,,,,,,,,,,,
,,customers.csv,,,1060.0,Tommie,Cooley,(717) 634-4113,tommie.cooley@yahoo.com,92 Hickory St. ,Lancaster,NY,14086.0,,,,,,,,,,,,,,,,,
,,customers.csv,,,1061.0,Alanna,Barry,,alanna.barry@yahoo.com,33 Laurel Avenue ,Euless,TX,76039.0,,,,,,,,,,,,,,,,,
,,customers.csv,,,1062.0,Jerri,Guthrie,,jerri.guthrie@msn.com,95 Sugar Dr. ,Carmel,NY,10512.0,,,,,,,,,,,,,,,,,
,,customers.csv,,,1063.0,Tammy,Austin,,tammy.austin@yahoo.com,182 Stillwater Ave. ,Lake Jackson,TX,77566.0,,,,,,,,,,,,,,,,,
,,customers.csv,,,1064.0,Patsy,Russo,,patsy.russo@gmail.com,8438 Fairway Avenue ,Rowlett,TX,75088.0,,,,,,,,,,,,,,,,,
,,customers.csv,,,1065.0,Desiree,Branch,,desiree.branch@msn.com,67 Bayport Drive ,San Lorenzo,CA,94580.0,,,,,,,,,,,,,,,,,
,,customers.csv,,,1066.0,Raeann,Duncan,(657) 256-2008,raeann.duncan@aol.com,126 Edgewood St. ,Anaheim,CA,92806.0,,,,,,,,,,,,,,,,,
,,customers.csv,,,1067.0,Lillia,Gillespie,,lillia.gillespie@hotmail.com,382 Cardinal Dr. ,Rego Park,NY,11374.0,,,,,,,,,,,,,,,,,
,,customers.csv,,,1068.0,Doris,Kaufman,,doris.kaufman@gmail.com,69 Fairground Dr. ,Duarte,CA,91010.0,,,,,,,,,,,,,,,,,
,,customers.csv,,,1069.0,Rodolfo,Buck,,rodolfo.buck@gmail.com,8359 Brewery Street ,Shirley,NY,11967.0,,,,,,,,,,,,,,,,,
,,customers.csv,,,1070.0,Olimpia,Mays,,olimpia.mays@aol.com,42 Nichols Lane ,Oakland Gardens,NY,11364.0,,,,,,,,,,,,,,,,,
,,customers.csv,,,1071.0,Shemeka,Lyons,,shemeka.lyons@msn.com,97 South Jockey Hollow St. ,Pomona,CA,91768.0,,,,,,,,,,,,,,,,,
,,customers.csv,,,1072.0,Maryalice,Henry,,maryalice.henry@msn.com,85 Prince Street ,Richardson,TX,75080.0,,,,,,,,,,,,,,,,,
,,customers.csv,,,1073.0,Leeanne,Cross,,leeanne.cross@yahoo.com,424 Newcastle Road ,Bayside,NY,11361.0,,,,,,,,,,,,,,,,,
,,customers.csv,,,1074.0,Lanelle,Guerra,,lanelle.guerra@yahoo.com,989 Wrangler St. ,Floral Park,NY,11001.0,,,,,,,,,,,,,,,,,
,,customers.csv,,,1075.0,Dann,Huff,,dann.huff@gmail.com,475 S. Rockville St. ,Huntington Station,NY,11746.0,,,,,,,,,,,,,,,,,
,,customers.csv,,,1076.0,Sherise,Mercer,,sherise.mercer@gmail.com,9401 Catherine Dr. ,Vista,CA,92083.0,,,,,,,,,,,,,,,,,
,,customers.csv,,,1077.0,Heather,Perry,,heather.perry@gmail.com,982 Durham Street ,Sunnyside,NY,11104.0,,,,,,,,,,,,,,,,,
,,customers.csv,,,1078.0,Theresia,Barron,,theresia.barron@aol.com,951 Wild Rose Street ,Forest Hills,NY,11375.0,,,,,,,,,,,,,,,,,
,,customers.csv,,,1079.0,Cindi,Ellis,,cindi.ellis@yahoo.com,6 Cypress Lane ,Floral Park,NY,11001.0,,,,,,,,,,,,,,,,,
,,customers.csv,,,1080.0,Mirella,Duffy,,mirella.duffy@yahoo.com,43 University Ave. ,Longview,TX,75604.0,,,,,,,,,,,,,,,,,
,,customers.csv,,,1081.0,Carson,Macias,,carson.macias@gmail.com,7 Pennington St. ,New Rochelle,NY,10801.0,,,,,,,,,,,,,,,,,
,,customers.csv,,,1082.0,Divina,Madden,(562) 264-3998,divina.madden@gmail.com,7314 Armstrong St. ,Long Beach,NY,11561.0,,,,,,,,,,,,,,,,,
,,customers.csv,,,1083.0,Cher,Alston,,cher.alston@msn.com,38 Wild Horse Road ,Wantagh,NY,11793.0,,,,,,,,,,,,,,,,,
,,customers.csv,,,1084.0,Regine,Odom,,regine.odom@msn.com,684 N. Mayfield Ave. ,Franklin Square,NY,11010.0,,,,,,,,,,,,,,,,,
,,customers.csv,,,1085.0,Adam,Thornton,,adam.thornton@hotmail.com,755 East Henry Lane ,Central Islip,NY,11722.0,,,,,,,,,,,,,,,,,
,,customers.csv,,,1086.0,Cori,Schwartz,,cori.schwartz@msn.com,43 Lancaster Lane ,Jamaica,NY,11432.0,,,,,,,,,,,,,,,,,
,,customers.csv,,,1087.0,Willow,Gardner,,willow.gardner@gmail.com,57 S. Lakewood Dr. ,Pleasanton,CA,94566.0,,,,,,,,,,,,,,,,,
,,customers.csv,,,1088.0,Jane,Henderson,,jane.henderson@hotmail.com,46 Carson Drive ,Apple Valley,CA,92307.0,,,,,,,,,,,,,,,,,
,,customers.csv,,,1089.0,Chere,Mcfadden,,chere.mcfadden@yahoo.com,695 San Pablo Drive ,Orchard Park,NY,14127.0,,,,,,,,,,,,,,,,,
,,customers.csv,,,1090.0,Ira,Erickson,,ira.erickson@aol.com,6 Lake Forest St. ,Port Jefferson Station,NY,11776.0,,,,,,,,,,,,,,,,,
,,customers.csv,,,1091.0,Risa,Gallagher,,risa.gallagher@yahoo.com,8281 Edgefield Drive ,Rocklin,CA,95677.0,,,,,,,,,,,,,,,,,
,,customers.csv,,,1092.0,Lavinia,Cotton,,lavinia.cotton@yahoo.com,7485 Bridle Street ,East Northport,NY,11731.0,,,,,,,,,,,,,,,,,
,,customers.csv,,,1093.0,Alejandrina,Hodges,,alejandrina.hodges@msn.com,7598 Shadow Brook St. ,Deer Park,NY,11729.0,,,,,,,,,,,,,,,,,
,,customers.csv,,,1094.0,Keitha,Black,,keitha.black@yahoo.com,7670 Hilldale Ave. ,Lindenhurst,NY,11757.0,,,,,,,,,,,,,,,,,
,,customers.csv,,,1095.0,Corene,Swanson,,corene.swanson@aol.com,597 Lakeshore Lane ,Rego Park,NY,11374.0,,,,,,,,,,,,,,,,,
,,customers.csv,,,1096.0,Tonda,Webb,,tonda.webb@yahoo.com,53 SW. Edgemont Rd. ,Baldwinsville,NY,13027.0,,,,,,,,,,,,,,,,,
,,customers.csv,,,1097.0,Collen,Dennis,,collen.dennis@gmail.com,284 E. Mill Street ,San Pablo,CA,94806.0,,,,,,,,,,,,,,,,,
,,customers.csv,,,1098.0,Treasa,Dickerson,,treasa.dickerson@hotmail.com,70 W. Creekside Road ,Rockville Centre,NY,11570.0,,,,,,,,,,,,,,,,,
,,customers.csv,,,1099.0,Jewell,Reyes,,jewell.reyes@hotmail.com,8711 Glen Creek Drive ,Jackson Heights,NY,11372.0,,,,,,,,,,,,,,,,,
,,customers.csv,,,1100.0,Penny,Acevedo,,penny.acevedo@yahoo.com,318 Mulberry Drive ,Ballston Spa,NY,12020.0,,,,,,,,,,,,,,,,,
,,customers.csv,,,1101.0,Louise,Flowers,,louise.flowers@yahoo.com,28 N. Gregory Court ,Depew,NY,14043.0,,,,,,,,,,,,,,,,,
,,customers.csv,,,1102.0,Henrietta,Wagner,(682) 143-2224,henrietta.wagner@hotmail.com,54 Brickyard St. ,Fort Worth,TX,76110.0,,,,,,,,,,,,,,,,,
,,customers.csv,,,1103.0,Ardelia,Cooley,,ardelia.cooley@aol.com,59 Henry Smith St. ,Canyon Country,CA,91387.0,,,,,,,,,,,,,,,,,
,,customers.csv,,,1104.0,Khalilah,Robertson,,khalilah.robertson@aol.com,22 Longbranch Rd. ,Spring Valley,NY,10977.0,,,,,,,,,,,,,,,,,
,,customers.csv,,,1105.0,Armando,Black,,armando.black@gmail.com,8611 N. Poor House St. ,Richardson,TX,75080.0,,,,,,,,,,,,,,,,,
,,customers.csv,,,1106.0,Jerri,Henry,,jerri.henry@msn.com,141 N. Purple Finch Avenue ,Spring Valley,NY,10977.0,,,,,,,,,,,,,,,,,
,,customers.csv,,,1107.0,Lynda,Newman,,lynda.newman@msn.com,44 SW. Thomas Ave. ,Saratoga Springs,NY,12866.0,,,,,,,,,,,,,,,,,
,,customers.csv,,,1108.0,Bao,Wade,,bao.wade@gmail.com,7587 Church St. ,Desoto,TX,75115.0,,,,,,,,,,,,,,,,,
,,customers.csv,,,1109.0,Gussie,Harding,,gussie.harding@gmail.com,41 Edgefield Avenue ,Deer Park,NY,11729.0,,,,,,,,,,,,,,,,,
,,customers.csv,,,1110.0,Shirely,Cantrell,,shirely.cantrell@aol.com,6 Kent Street ,West Hempstead,NY,11552.0,,,,,,,,,,,,,,,,,
,,customers.csv,,,1111.0,Caroline,Jenkins,,caroline.jenkins@msn.com,86 River Lane ,Richardson,TX,75080.0,,,,,,,,,,,,,,,,,
,,customers.csv,,,1112.0,Hollis,Rasmussen,,hollis.rasmussen@yahoo.com,8949 S. Gates Road ,Massapequa,NY,11758.0,,,,,,,,,,,,,,,,,
,,customers.csv,,,1113.0,Kendra,Harrington,,kendra.harrington@yahoo.com,768 Cooper Street ,Jamestown,NY,14701.0,,,,,,,,,,,,,,,,,
,,customers.csv,,,1114.0,Douglass,Blankenship,(229) 891-2087,douglass.blankenship@hotmail.com,409 W. Rock Maple Lane ,Albany,NY,12203.0,,,,,,,,,,,,,,,,,
,,customers.csv,,,1115.0,Lina,Meadows,,lina.meadows@aol.com,7020 Ashley Rd. ,Glen Cove,NY,11542.0,,,,,,,,,,,,,,,,,
,,customers.csv,,,1116.0,Patria,Harper,,patria.harper@msn.com,90 Arlington St. ,Astoria,NY,11102.0,,,,,,,,,,,,,,,,,
,,customers.csv,,,1117.0,Jeffrey,Hill,,jeffrey.hill@gmail.com,2 Shub Farm St. ,Rosedale,NY,11422.0,,,,,,,,,,,,,,,,,
,,customers.csv,,,1118.0,Ja,Dillard,,ja.dillard@yahoo.com,25 Orchard St. ,Canyon Country,CA,91387.0,,,,,,,,,,,,,,,,,
,,customers.csv,,,1119.0,Tora,Dunlap,,tora.dunlap@hotmail.com,9903 North Halifax Ave. ,Monsey,NY,10952.0,,,,,,,,,,,,,,,,,
,,customers.csv,,,1120.0,Karole,Alvarez,,karole.alvarez@gmail.com,69 Woodland St. ,East Northport,NY,11731.0,,,,,,,,,,,,,,,,,
,,customers.csv,,,1121.0,Shasta,Combs,,shasta.combs@yahoo.com,726 James Dr. ,Yorktown Heights,NY,10598.0,,,,,,,,,,,,,,,,,
,,customers.csv,,,1122.0,Cicely,Deleon,,cicely.deleon@yahoo.com,751 Newbridge Ave. ,Massapequa Park,NY,11762.0,,,,,,,,,,,,,,,,,
,,customers.csv,,,1123.0,Raphael,O'neil,,raphael.o'neil@aol.com,762 East Lantern Dr. ,Fairport,NY,14450.0,,,,,,,,,,,,,,,,,
,,customers.csv,,,1124.0,Hubert,Reilly,,hubert.reilly@hotmail.com,9004 N. Lake Rd. ,Amityville,NY,11701.0,,,,,,,,,,,,,,,,,
,,customers.csv,,,1125.0,Caleb,England,,caleb.england@gmail.com,649 Marvon St. ,Pleasanton,CA,94566.0,,,,,,,,,,,,,,,,,
,,customers.csv,,,1126.0,Elmira,Levy,,elmira.levy@gmail.com,6 Columbia Dr. ,Spring Valley,NY,10977.0,,,,,,,,,,,,,,,,,
,,customers.csv,,,1127.0,Waldo,Hart,,waldo.hart@yahoo.com,9782 Pineknoll Lane ,Queensbury,NY,12804.0,,,,,,,,,,,,,,,,,
,,customers.csv,,,1128.0,Bea,Kane,,bea.kane@aol.com,398 Green Lake Ave. ,Mahopac,NY,10541.0,,,,,,,,,,,,,,,,,
,,customers.csv,,,1129.0,Gilberto,Sanders,,gilberto.sanders@hotmail.com,186 Roehampton Ave. ,Woodside,NY,11377.0,,,,,,,,,,,,,,,,,
,,customers.csv,,,1130.0,Benny,Bender,,benny.bender@aol.com,520 W. Hamilton St. ,Elmont,NY,11003.0,,,,,,,,,,,,,,,,,
,,customers.csv,,,1131.0,Desmond,Rose,,desmond.rose@hotmail.com,9956 Lexington Rd. ,Mount Vernon,NY,10550.0,,,,,,,,,,,,,,,,,
,,customers.csv,,,1132.0,Parthenia,Holman,,parthenia.holman@gmail.com,17 Orange Court ,Ithaca,NY,14850.0,,,,,,,,,,,,,,,,,
,,customers.csv,,,1133.0,Dung,King,,dung.king@aol.com,523 Prairie St. ,West Islip,NY,11795.0,,,,,,,,,,,,,,,,,
,,customers.csv,,,1134.0,Sherril,Alvarado,,sherril.alvarado@hotmail.com,9434 Cypress Court ,Desoto,TX,75115.0,,,,,,,,,,,,,,,,,
,,customers.csv,,,1135.0,Alisia,Albert,,alisia.albert@gmail.com,9490 Coffee St. ,Garland,TX,75043.0,,,,,,,,,,,,,,,,,
,,customers.csv,,,1136.0,Kallie,Best,(507) 997-4112,kallie.best@aol.com,9842 Fairview St. ,Rochester,NY,14606.0,,,,,,,,,,,,,,,,,
,,customers.csv,,,1137.0,Dottie,Roberts,,dottie.roberts@aol.com,8252 Theatre St. ,Port Washington,NY,11050.0,,,,,,,,,,,,,,,,,
,,customers.csv,,,1138.0,Hubert,Stone,,hubert.stone@hotmail.com,203 Penn St. ,Ridgecrest,CA,93555.0,,,,,,,,,,,,,,,,,
,,customers.csv,,,1139.0,Gabriella,Jones,,gabriella.jones@hotmail.com,9100 Gates Ave. ,Mount Vernon,NY,10550.0,,,,,,,,,,,,,,,,,
,,customers.csv,,,1140.0,Penney,Hall,,penney.hall@msn.com,8306 Jockey Hollow Street ,Liverpool,NY,13090.0,,,,,,,,,,,,,,,,,
,,customers.csv,,,1141.0,Mallie,Osborn,,mallie.osborn@gmail.com,9022 Bridgeton St. ,Newburgh,NY,12550.0,,,,,,,,,,,,,,,,,
,,customers.csv,,,1142.0,Britteny,Schroeder,,britteny.schroeder@aol.com,855 Bohemia Dr. ,Pittsford,NY,14534.0,,,,,,,,,,,,,,,,,
,,customers.csv,,,1143.0,Sommer,Hopkins,,sommer.hopkins@gmail.com,827 Laurel Ave. ,Tonawanda,NY,14150.0,,,,,,,,,,,,,,,,,
,,customers.csv,,,1144.0,Jewel,Sparks,,jewel.sparks@aol.com,12 Vine Road ,Oakland Gardens,NY,11364.0,,,,,,,,,,,,,,,,,
,,customers.csv,,,1145.0,Deandrea,Vega,(914) 818-7312,deandrea.vega@gmail.com,613 Mill Pond St. ,Yonkers,NY,10701.0,,,,,,,,,,,,,,,,,
,,customers.csv,,,1146.0,Charlsie,Carson,,charlsie.carson@hotmail.com,3 South Grant Avenue ,Saint Albans,NY,11412.0,,,,,,,,,,,,,,,,,
,,customers.csv,,,1147.0,Kandace,Ayers,,kandace.ayers@gmail.com,9005 Lookout Lane ,Santa Monica,CA,90403.0,,,,,,,,,,,,,,,,,
,,customers.csv,,,1148.0,Lenore,Valdez,,lenore.valdez@msn.com,829 Birchpond Street ,Spring Valley,NY,10977.0,,,,,,,,,,,,,,,,,
,,customers.csv,,,1149.0,Drucilla,Gilliam,,drucilla.gilliam@hotmail.com,8257 E. Westminster Ave. ,Santa Clara,CA,95050.0,,,,,,,,,,,,,,,,,
,,customers.csv,,,1150.0,Keturah,Reid,(361) 394-2024,keturah.reid@yahoo.com,747 SE. Beech Ave. ,Corpus Christi,TX,78418.0,,,,,,,,,,,,,,,,,
,,customers.csv,,,1151.0,Herminia,Reyes,,herminia.reyes@gmail.com,782 Stonybrook Street ,Centereach,NY,11720.0,,,,,,,,,,,,,,,,,
,,customers.csv,,,1152.0,Tuyet,Rosa,,tuyet.rosa@aol.com,9038 Golden Star Street ,South El Monte,CA,91733.0,,,,,,,,,,,,,,,,,
,,customers.csv,,,1153.0,Ara,Vazquez,,ara.vazquez@msn.com,343 2nd Court ,San Carlos,CA,94070.0,,,,,,,,,,,,,,,,,
,,customers.csv,,,1154.0,Barry,Albert,,barry.albert@gmail.com,13 Grand St. ,Auburn,NY,13021.0,,,,,,,,,,,,,,,,,
,,customers.csv,,,1155.0,Verdell,Joyner,,verdell.joyner@aol.com,9191 Sierra St. ,Far Rockaway,NY,11691.0,,,,,,,,,,,,,,,,,
,,customers.csv,,,1156.0,Han,Wade,,han.wade@hotmail.com,587 Sulphur Springs St. ,Howard Beach,NY,11414.0,,,,,,,,,,,,,,,,,
,,customers.csv,,,1157.0,Anton,Barton,(716) 472-3707,anton.barton@msn.com,7284 East Indian Spring Rd. ,Buffalo,NY,14215.0,,,,,,,,,,,,,,,,,
,,customers.csv,,,1158.0,Vito,Pickett,,vito.pickett@hotmail.com,93 High Point Street ,Canandaigua,NY,14424.0,,,,,,,,,,,,,,,,,
,,customers.csv,,,1159.0,Charlene,Norris,,charlene.norris@msn.com,972 South Sierra Drive ,Syosset,NY,11791.0,,,,,,,,,,,,,,,,,
,,customers.csv,,,1160.0,Efren,Whitfield,,efren.whitfield@gmail.com,139 Union Rd. ,Euless,TX,76039.0,,,,,,,,,,,,,,,,,
,,customers.csv,,,1161.0,Santa,Larson,,santa.larson@gmail.com,5 Bellevue Dr. ,Valley Stream,NY,11580.0,,,,,,,,,,,,,,,,,
,,customers.csv,,,1162.0,Carmelina,Sellers,,carmelina.sellers@hotmail.com,12 Race St. ,Ithaca,NY,14850.0,,,,,,,,,,,,,,,,,
,,customers.csv,,,1163.0,Carmela,Hays,,carmela.hays@aol.com,149 Pennington Ave. ,Lawndale,CA,90260.0,,,,,,,,,,,,,,,,,
,,customers.csv,,,1164.0,Patrina,Tanner,,patrina.tanner@gmail.com,7136 Selby Road ,Scarsdale,NY,10583.0,,,,,,,,,,,,,,,,,
,,customers.csv,,,1165.0,Rikki,Morrow,(682) 936-1482,rikki.morrow@hotmail.com,7096 Plumb Branch Road ,Fort Worth,TX,76110.0,,,,,,,,,,,,,,,,,
,,customers.csv,,,1166.0,Junita,Reese,,junita.reese@gmail.com,8773 North Walt Whitman Court ,Bay Shore,NY,11706.0,,,,,,,,,,,,,,,,,
,,customers.csv,,,1167.0,Ryan,Carter,,ryan.carter@yahoo.com,8684 Studebaker Road ,Nanuet,NY,10954.0,,,,,,,,,,,,,,,,,
,,customers.csv,,,1168.0,Almeta,Benjamin,,almeta.benjamin@aol.com,8456 Oakwood St. ,Sunnyside,NY,11104.0,,,,,,,,,,,,,,,,,
,,customers.csv,,,1169.0,Beatris,Joyner,,beatris.joyner@gmail.com,7463 Gonzales Rd. ,Spring Valley,NY,10977.0,,,,,,,,,,,,,,,,,
,,customers.csv,,,1170.0,Mechelle,Chan,,mechelle.chan@gmail.com,458 Overlook Street ,Richmond Hill,NY,11418.0,,,,,,,,,,,,,,,,,
,,customers.csv,,,1171.0,Earlean,Pena,,earlean.pena@yahoo.com,7698 Fulton St. ,Rome,NY,13440.0,,,,,,,,,,,,,,,,,
,,customers.csv,,,1172.0,Katherin,Clark,,katherin.clark@yahoo.com,996 Iroquois Street ,Pittsford,NY,14534.0,,,,,,,,,,,,,,,,,
,,customers.csv,,,1173.0,Chanel,May,,chanel.may@msn.com,806 Saxton Court ,Garden City,NY,11530.0,,,,,,,,,,,,,,,,,
,,customers.csv,,,1174.0,Aaron,Knapp,(914) 402-4335,aaron.knapp@yahoo.com,807 Grandrose Ave. ,Yonkers,NY,10701.0,,,,,,,,,,,,,,,,,
,,customers.csv,,,1175.0,Sindy,Anderson,,sindy.anderson@gmail.com,543 Halifax Ave. ,Pomona,CA,91768.0,,,,,,,,,,,,,,,,,
,,customers.csv,,,1176.0,Sheree,Blanchard,,sheree.blanchard@gmail.com,41 Glenwood Ave. ,Queensbury,NY,12804.0,,,,,,,,,,,,,,,,,
,,customers.csv,,,1177.0,Charlesetta,Soto,,charlesetta.soto@yahoo.com,25 South Colonial Drive ,Poughkeepsie,NY,12601.0,,,,,,,,,,,,,,,,,
,,customers.csv,,,1178.0,Wendie,Nash,(805) 389-2549,wendie.nash@hotmail.com,9 South Road ,Oxnard,CA,93035.0,,,,,,,,,,,,,,,,,
,,customers.csv,,,1179.0,Vernetta,Banks,,vernetta.banks@aol.com,7633 Albany St. ,Brooklyn,NY,11201.0,,,,,,,,,,,,,,,,,
,,customers.csv,,,1180.0,Myrtle,Gardner,,myrtle.gardner@aol.com,303 Creekside Street ,Farmingdale,NY,11735.0,,,,,,,,,,,,,,,,,
,,customers.csv,,,1181.0,Agustina,Lawrence,,agustina.lawrence@yahoo.com,9347 Delaware Ave. ,Brooklyn,NY,11201.0,,,,,,,,,,,,,,,,,
,,customers.csv,,,1182.0,Trinidad,Chapman,,trinidad.chapman@aol.com,7371 Glen Eagles Street ,Ronkonkoma,NY,11779.0,,,,,,,,,,,,,,,,,
,,customers.csv,,,1183.0,Kim,Clark,,kim.clark@msn.com,19 Liberty St. ,Merrick,NY,11566.0,,,,,,,,,,,,,,,,,
,,customers.csv,,,1184.0,Annabelle,Hebert,,annabelle.hebert@aol.com,9745 Nicolls Lane ,Spring Valley,NY,10977.0,,,,,,,,,,,,,,,,,
,,customers.csv,,,1185.0,Corine,Stuart,,corine.stuart@msn.com,5 Penn Street ,Clifton Park,NY,12065.0,,,,,,,,,,,,,,,,,
,,customers.csv,,,1186.0,Kiesha,Bond,,kiesha.bond@aol.com,29 Marvon St. ,San Carlos,CA,94070.0,,,,,,,,,,,,,,,,,
,,customers.csv,,,1187.0,Kenyetta,Mason,,kenyetta.mason@msn.com,98 Poplar Ave. ,Flushing,NY,11354.0,,,,,,,,,,,,,,,,,
,,customers.csv,,,1188.0,Marcene,Curtis,(914) 361-6045,marcene.curtis@msn.com,7699 Illinois Lane ,Yonkers,NY,10701.0,,,,,,,,,,,,,,,,,
,,customers.csv,,,1189.0,Sheila,Goodman,,sheila.goodman@msn.com,9586 Chestnut St. ,Uniondale,NY,11553.0,,,,,,,,,,,,,,,,,
,,customers.csv,,,1190.0,Romeo,Steele,,romeo.steele@msn.com,162 Crescent Lane ,Port Jefferson Station,NY,11776.0,,,,,,,,,,,,,,,,,
,,customers.csv,,,1191.0,Tam,Fisher,(507) 351-9375,tam.fisher@aol.com,8000 Woodsman Lane ,Rochester,NY,14606.0,,,,,,,,,,,,,,,,,
,,customers.csv,,,1192.0,Gena,Owens,,gena.owens@gmail.com,43 Buckingham St. ,Desoto,TX,75115.0,,,,,,,,,,,,,,,,,
,,customers.csv,,,1193.0,Phebe,Soto,,phebe.soto@hotmail.com,9239 Leatherwood Rd. ,South Ozone Park,NY,11420.0,,,,,,,,,,,,,,,,,
,,customers.csv,,,1194.0,Leticia,Snyder,,leticia.snyder@yahoo.com,173 Lyme Dr. ,Pittsford,NY,14534.0,,,,,,,,,,,,,,,,,
,,customers.csv,,,1195.0,Chantell,Bridges,(716) 941-6072,chantell.bridges@yahoo.com,8478 N. Wrangler Dr. ,Buffalo,NY,14215.0,,,,,,,,,,,,,,,,,
,,customers.csv,,,1196.0,Ileana,Holt,,ileana.holt@msn.com,817 Adams St. ,Patchogue,NY,11772.0,,,,,,,,,,,,,,,,,
,,customers.csv,,,1197.0,Nakisha,Clay,,nakisha.clay@gmail.com,8996 Beechwood Ave. ,Port Washington,NY,11050.0,,,,,,,,,,,,,,,,,
,,customers.csv,,,1198.0,Cheryll,Snyder,,cheryll.snyder@yahoo.com,77 E. Liberty St. ,Brooklyn,NY,11201.0,,,,,,,,,,,,,,,,,
,,customers.csv,,,1199.0,Consuela,Collier,,consuela.collier@msn.com,338 S. Holly Avenue ,North Tonawanda,NY,14120.0,,,,,,,,,,,,,,,,,
,,customers.csv,,,1200.0,Aubrey,Durham,,aubrey.durham@aol.com,14 Foster Ave. ,Port Washington,NY,11050.0,,,,,,,,,,,,,,,,,
,,customers.csv,,,1201.0,Nita,Guy,,nita.guy@hotmail.com,75 Academy Street ,Port Chester,NY,10573.0,,,,,,,,,,,,,,,,,
,,customers.csv,,,1202.0,Carmina,Emerson,,carmina.emerson@hotmail.com,7137 Monroe Road ,Banning,CA,92220.0,,,,,,,,,,,,,,,,,
,,customers.csv,,,1203.0,Georgeann,Rojas,,georgeann.rojas@msn.com,691 Devon Ave. ,Desoto,TX,75115.0,,,,,,,,,,,,,,,,,
,,customers.csv,,,1204.0,Leslie,Higgins,,leslie.higgins@hotmail.com,805 Logan Ave. ,Saratoga Springs,NY,12866.0,,,,,,,,,,,,,,,,,
,,customers.csv,,,1205.0,Emmaline,Huber,,emmaline.huber@gmail.com,7975 Harrison Rd. ,Mount Vernon,NY,10550.0,,,,,,,,,,,,,,,,,
,,customers.csv,,,1206.0,Mercy,Brown,,mercy.brown@msn.com,8207 Central Street ,Hollis,NY,11423.0,,,,,,,,,,,,,,,,,
,,customers.csv,,,1207.0,Jenell,Crosby,(631) 544-4772,jenell.crosby@hotmail.com,507 Fulton Street ,Brentwood,NY,11717.0,,,,,,,,,,,,,,,,,
,,customers.csv,,,1208.0,Leila,Barr,,leila.barr@yahoo.com,120 Fremont Rd. ,Carmel,NY,10512.0,,,,,,,,,,,,,,,,,
,,customers.csv,,,1209.0,Deandrea,Cox,,deandrea.cox@msn.com,617 Sycamore Street ,Huntington,NY,11743.0,,,,,,,,,,,,,,,,,
,,customers.csv,,,1210.0,Shawnna,Frank,,shawnna.frank@hotmail.com,17 NW. Cottage Lane ,Woodside,NY,11377.0,,,,,,,,,,,,,,,,,
,,customers.csv,,,1211.0,Brenton,Whitaker,,brenton.whitaker@gmail.com,25 Elmwood Rd. ,Niagara Falls,NY,14304.0,,,,,,,,,,,,,,,,,
,,customers.csv,,,1212.0,Jaqueline,Cummings,,jaqueline.cummings@hotmail.com,478 Wrangler St. ,Huntington Station,NY,11746.0,,,,,,,,,,,,,,,,,
,,customers.csv,,,1213.0,Yang,Giles,,yang.giles@gmail.com,25 Bridle Lane ,San Angelo,TX,76901.0,,,,,,,,,,,,,,,,,
,,customers.csv,,,1214.0,Brigid,Sharp,,brigid.sharp@hotmail.com,495 Sleepy Hollow Court ,Santa Clara,CA,95050.0,,,,,,,,,,,,,,,,,
,,customers.csv,,,1215.0,Karl,Stephens,,karl.stephens@gmail.com,208 Thatcher Rd. ,Rockville Centre,NY,11570.0,,,,,,,,,,,,,,,,,
,,customers.csv,,,1216.0,Elvina,Gates,,elvina.gates@hotmail.com,112 Smith St. ,Pleasanton,CA,94566.0,,,,,,,,,,,,,,,,,
,,customers.csv,,,1217.0,Carlie,Terrell,(914) 517-8036,carlie.terrell@yahoo.com,7437 Snake Hill Road ,Yonkers,NY,10701.0,,,,,,,,,,,,,,,,,
,,customers.csv,,,1218.0,Donovan,Cantrell,(510) 624-3824,donovan.cantrell@msn.com,601 Winchester Dr. ,Oakland,CA,94603.0,,,,,,,,,,,,,,,,,
,,customers.csv,,,1219.0,Alden,Atkinson,,alden.atkinson@gmail.com,46 Valley St. ,Shirley,NY,11967.0,,,,,,,,,,,,,,,,,
,,customers.csv,,,1220.0,Carissa,Cross,,carissa.cross@yahoo.com,9335 West Main Dr. ,Huntington Station,NY,11746.0,,,,,,,,,,,,,,,,,
,,customers.csv,,,1221.0,Joy,Underwood,,joy.underwood@gmail.com,7297 Armstrong Dr. ,Apple Valley,CA,92307.0,,,,,,,,,,,,,,,,,
,,customers.csv,,,1222.0,Geraldine,O'donnell,,geraldine.o'donnell@hotmail.com,8241 Lookout Rd. ,Flushing,NY,11354.0,,,,,,,,,,,,,,,,,
,,customers.csv,,,1223.0,Bronwyn,Vargas,,bronwyn.vargas@msn.com,35 James Street ,New Windsor,NY,12553.0,,,,,,,,,,,,,,,,,
,,customers.csv,,,1224.0,Abram,Copeland,,abram.copeland@gmail.com,9782 Indian Spring Lane ,Harlingen,TX,78552.0,,,,,,,,,,,,,,,,,
,,customers.csv,,,1225.0,Mellisa,Griffin,,mellisa.griffin@msn.com,49 Alton Circle ,Los Banos,CA,93635.0,,,,,,,,,,,,,,,,,
,,customers.csv,,,1226.0,Qiana,Jackson,,qiana.jackson@gmail.com,56 Galvin Street ,East Northport,NY,11731.0,,,,,,,,,,,,,,,,,
,,customers.csv,,,1227.0,Magali,Dixon,(248) 279-5331,magali.dixon@msn.com,815 Del Monte Court ,Troy,NY,12180.0,,,,,,,,,,,,,,,,,
,,customers.csv,,,1228.0,Zulema,Clemons,(510) 565-8496,zulema.clemons@aol.com,75 W. Howard St. ,Oakland,CA,94603.0,,,,,,,,,,,,,,,,,
,,customers.csv,,,1229.0,Carina,Lynch,,carina.lynch@gmail.com,64 Jennings Road ,Wappingers Falls,NY,12590.0,,,,,,,,,,,,,,,,,
,,customers.csv,,,1230.0,Jesus,Burch,,jesus.burch@hotmail.com,7024 Squaw Creek Street ,Desoto,TX,75115.0,,,,,,,,,,,,,,,,,
,,customers.csv,,,1231.0,Selene,Vega,,selene.vega@gmail.com,11 Sierra St. ,Campbell,CA,95008.0,,,,,,,,,,,,,,,,,
,,customers.csv,,,1232.0,Jong,Guthrie,,jong.guthrie@hotmail.com,889 Leatherwood Drive ,Bethpage,NY,11714.0,,,,,,,,,,,,,,,,,
,,customers.csv,,,1233.0,Lise,Hebert,,lise.hebert@gmail.com,140 East Broad Lane ,Vista,CA,92083.0,,,,,,,,,,,,,,,,,
,,customers.csv,,,1234.0,Joshua,Berg,,joshua.berg@hotmail.com,16 East St. ,Ossining,NY,10562.0,,,,,,,,,,,,,,,,,
,,customers.csv,,,1235.0,Georgina,Gonzales,,georgina.gonzales@yahoo.com,307 Chapel St. ,Endicott,NY,13760.0,,,,,,,,,,,,,,,,,
,,customers.csv,,,1236.0,Rudolph,Velez,,rudolph.velez@yahoo.com,9397 Pleasant Drive ,Mount Vernon,NY,10550.0,,,,,,,,,,,,,,,,,
,,customers.csv,,,1237.0,Luke,Kramer,,luke.kramer@hotmail.com,7955 Delaware Drive ,Bethpage,NY,11714.0,,,,,,,,,,,,,,,,,
,,customers.csv,,,1238.0,Edgar,Quinn,,edgar.quinn@aol.com,556 Dogwood Ave. ,Harlingen,TX,78552.0,,,,,,,,,,,,,,,,,
,,customers.csv,,,1239.0,Tara,Maynard,,tara.maynard@hotmail.com,9375 Fordham Street ,Lindenhurst,NY,11757.0,,,,,,,,,,,,,,,,,
,,customers.csv,,,1240.0,Bella,Perez,,bella.perez@msn.com,43 Green Lake Street ,Duarte,CA,91010.0,,,,,,,,,,,,,,,,,
,,customers.csv,,,1241.0,Nathaniel,Davidson,,nathaniel.davidson@hotmail.com,7476 Henry Smith Street ,Rome,NY,13440.0,,,,,,,,,,,,,,,,,
,,customers.csv,,,1242.0,Chauncey,Donaldson,,chauncey.donaldson@aol.com,7412 Golf Ave. ,Franklin Square,NY,11010.0,,,,,,,,,,,,,,,,,
,,customers.csv,,,1243.0,Heide,Reed,,heide.reed@yahoo.com,9174 Coffee Drive ,Floral Park,NY,11001.0,,,,,,,,,,,,,,,,,
,,customers.csv,,,1244.0,Trang,Hardin,,trang.hardin@yahoo.com,9255 Myers Drive ,Depew,NY,14043.0,,,,,,,,,,,,,,,,,
,,customers.csv,,,1245.0,Gabriela,Warren,(562) 986-2247,gabriela.warren@aol.com,9947 Brewery Ave. ,Long Beach,NY,11561.0,,,,,,,,,,,,,,,,,
,,customers.csv,,,1246.0,Dale,Rasmussen,,dale.rasmussen@aol.com,8590 Adams Street ,Kingston,NY,12401.0,,,,,,,,,,,,,,,,,
,,customers.csv,,,1247.0,Tammie,Cherry,,tammie.cherry@hotmail.com,791 Wakehurst Dr. ,Massapequa,NY,11758.0,,,,,,,,,,,,,,,,,
,,customers.csv,,,1248.0,Bethany,Herring,,bethany.herring@yahoo.com,7563 High Point Street ,Port Jefferson Station,NY,11776.0,,,,,,,,,,,,,,,,,
,,customers.csv,,,1249.0,Barbra,Dickerson,,barbra.dickerson@gmail.com,8424 E. Rockcrest Dr. ,Ridgecrest,CA,93555.0,,,,,,,,,,,,,,,,,
,,customers.csv,,,1250.0,Neoma,Daugherty,,neoma.daugherty@gmail.com,80 Spring Street ,Mount Vernon,NY,10550.0,,,,,,,,,,,,,,,,,
,,customers.csv,,,1251.0,Nanette,Roman,,nanette.roman@yahoo.com,8254 North Riverview Street ,Glendora,CA,91740.0,,,,,,,,,,,,,,,,,
,,customers.csv,,,1252.0,Adriene,Rollins,,adriene.rollins@msn.com,55 Cambridge Street ,Plainview,NY,11803.0,,,,,,,,,,,,,,,,,
,,customers.csv,,,1253.0,Susannah,Fields,,susannah.fields@hotmail.com,17 Railroad Street ,Far Rockaway,NY,11691.0,,,,,,,,,,,,,,,,,
,,customers.csv,,,1254.0,Dung,Reid,,dung.reid@msn.com,468 West Washington Ave. ,Canyon Country,CA,91387.0,,,,,,,,,,,,,,,,,
,,customers.csv,,,1255.0,Ben,Stone,,ben.stone@gmail.com,8855 University St. ,Ithaca,NY,14850.0,,,,,,,,,,,,,,,,,
,,customers.csv,,,1256.0,Nubia,Anderson,,nubia.anderson@aol.com,584 NW. Hilldale Drive ,Ronkonkoma,NY,11779.0,,,,,,,,,,,,,,,,,
,,customers.csv,,,1257.0,Rosamaria,Meyer,,rosamaria.meyer@yahoo.com,446 Elizabeth St. ,Webster,NY,14580.0,,,,,,,,,,,,,,,,,
,,customers.csv,,,1258.0,Todd,Waters,,todd.waters@yahoo.com,92 Cedar Swamp Street ,Bay Shore,NY,11706.0,,,,,,,,,,,,,,,,,
,,customers.csv,,,1259.0,Kimbery,Nieves,,kimbery.nieves@msn.com,768 Roehampton St. ,San Carlos,CA,94070.0,,,,,,,,,,,,,,,,,
,,customers.csv,,,1260.0,Phuong,Wolf,,phuong.wolf@yahoo.com,7765 N. Annadale Dr. ,Schenectady,NY,12302.0,,,,,,,,,,,,,,,,,
,,customers.csv,,,1261.0,Adelaida,Hancock,,adelaida.hancock@aol.com,669 S. Gartner Street ,San Pablo,CA,94806.0,,,,,,,,,,,,,,,,,
,,customers.csv,,,1262.0,Brianne,Hays,,brianne.hays@gmail.com,88 Tailwater Ave. ,San Pablo,CA,94806.0,,,,,,,,,,,,,,,,,
,,customers.csv,,,1263.0,Rufina,Chandler,,rufina.chandler@aol.com,7985 Alderwood Street ,New Hyde Park,NY,11040.0,,,,,,,,,,,,,,,,,
,,customers.csv,,,1264.0,Devin,Velazquez,(631) 254-8497,devin.velazquez@aol.com,61 Redwood St. ,Brentwood,NY,11717.0,,,,,,,,,,,,,,,,,
,,customers.csv,,,1265.0,Bonita,Marshall,,bonita.marshall@msn.com,48 Bald Hill Drive ,Endicott,NY,13760.0,,,,,,,,,,,,,,,,,
,,customers.csv,,,1266.0,Myrl,Gay,,myrl.gay@hotmail.com,8708 Taylor Lane ,Garland,TX,75043.0,,,,,,,,,,,,,,,,,
,,customers.csv,,,1267.0,Earline,Gordon,,earline.gordon@gmail.com,81 Railroad Drive ,Ronkonkoma,NY,11779.0,,,,,,,,,,,,,,,,,
,,customers.csv,,,1268.0,Sung,Chambers,,sung.chambers@gmail.com,369 N. Virginia Street ,Kingston,NY,12401.0,,,,,,,,,,,,,,,,,
,,customers.csv,,,1269.0,Gustavo,Gamble,,gustavo.gamble@msn.com,8054 W. Meadowbrook Street ,Port Washington,NY,11050.0,,,,,,,,,,,,,,,,,
,,customers.csv,,,1270.0,Ciera,Webb,,ciera.webb@yahoo.com,958 Anderson Ave. ,Orchard Park,NY,14127.0,,,,,,,,,,,,,,,,,
,,customers.csv,,,1271.0,Roy,Chan,,roy.chan@hotmail.com,7578 Middle River St. ,Pomona,CA,91768.0,,,,,,,,,,,,,,,,,
,,customers.csv,,,1272.0,Houston,Vasquez,,houston.vasquez@msn.com,845 Aspen Street ,Fullerton,CA,92831.0,,,,,,,,,,,,,,,,,
,,customers.csv,,,1273.0,Cheree,Hale,,cheree.hale@yahoo.com,95 Lyme Avenue ,Oswego,NY,13126.0,,,,,,,,,,,,,,,,,
,,customers.csv,,,1274.0,Odette,Moses,,odette.moses@gmail.com,899 Overlook Lane ,Newburgh,NY,12550.0,,,,,,,,,,,,,,,,,
,,customers.csv,,,1275.0,Lenita,Bonner,,lenita.bonner@aol.com,7286 Swanson Drive ,Los Banos,CA,93635.0,,,,,,,,,,,,,,,,,
,,customers.csv,,,1276.0,Shona,Mcmillan,,shona.mcmillan@msn.com,57 West Maple Dr. ,Apple Valley,CA,92307.0,,,,,,,,,,,,,,,,,
,,customers.csv,,,1277.0,Piedad,Irwin,,piedad.irwin@hotmail.com,581 Garden St. ,Coram,NY,11727.0,,,,,,,,,,,,,,,,,
,,customers.csv,,,1278.0,Loan,Graham,,loan.graham@yahoo.com,57 Glen Eagles St. ,Jackson Heights,NY,11372.0,,,,,,,,,,,,,,,,,
,,customers.csv,,,1279.0,Stan,Saunders,,stan.saunders@yahoo.com,407 Essex Dr. ,Canandaigua,NY,14424.0,,,,,,,,,,,,,,,,,
,,customers.csv,,,1280.0,Jackeline,Colon,,jackeline.colon@msn.com,9916 Cedarwood Drive ,Wappingers Falls,NY,12590.0,,,,,,,,,,,,,,,,,
,,customers.csv,,,1281.0,Marlen,Dawson,,marlen.dawson@msn.com,67 Oak Valley Street ,Woodside,NY,11377.0,,,,,,,,,,,,,,,,,
,,customers.csv,,,1282.0,Alexis,Mack,(845) 707-6088,alexis.mack@aol.com,7767 Sutor Ave. ,New City,NY,10956.0,,,,,,,,,,,,,,,,,
,,customers.csv,,,1283.0,Mica,Barry,,mica.barry@yahoo.com,3 SE. Sugar St. ,Hopewell Junction,NY,12533.0,,,,,,,,,,,,,,,,,
,,customers.csv,,,1284.0,Shanice,Spears,,shanice.spears@msn.com,5 Piper Ave. ,Brooklyn,NY,11201.0,,,,,,,,,,,,,,,,,
,,customers.csv,,,1285.0,Garth,Huff,,garth.huff@yahoo.com,794 East University St. ,Glendora,CA,91740.0,,,,,,,,,,,,,,,,,
,,customers.csv,,,1286.0,Dione,Pratt,,dione.pratt@msn.com,864 Winding Way St. ,Pleasanton,CA,94566.0,,,,,,,,,,,,,,,,,
,,customers.csv,,,1287.0,Victor,Pittman,,victor.pittman@aol.com,9294 Devon Dr. ,Astoria,NY,11102.0,,,,,,,,,,,,,,,,,
,,customers.csv,,,1288.0,Allie,Conley,,allie.conley@msn.com,96 High Point Road ,Lawndale,CA,90260.0,,,,,,,,,,,,,,,,,
,,customers.csv,,,1289.0,Shanelle,Anderson,,shanelle.anderson@yahoo.com,646 Surrey Street ,Bethpage,NY,11714.0,,,,,,,,,,,,,,,,,
,,customers.csv,,,1290.0,Minnie,Compton,,minnie.compton@gmail.com,185 Hudson Street ,South Richmond Hill,NY,11419.0,,,,,,,,,,,,,,,,,
,,customers.csv,,,1291.0,Shiloh,Bates,,shiloh.bates@msn.com,15 Wellington Dr. ,Monsey,NY,10952.0,,,,,,,,,,,,,,,,,
,,customers.csv,,,1292.0,Lakenya,Oliver,,lakenya.oliver@yahoo.com,82 Bayport Court ,San Lorenzo,CA,94580.0,,,,,,,,,,,,,,,,,
,,customers.csv,,,1293.0,Sally,Kinney,,sally.kinney@msn.com,7565 High Dr. ,Floral Park,NY,11001.0,,,,,,,,,,,,,,,,,
,,customers.csv,,,1294.0,Edith,Davenport,,edith.davenport@gmail.com,685 Alton Road ,Ontario,CA,91762.0,,,,,,,,,,,,,,,,,
,,customers.csv,,,1295.0,Alline,Beasley,,alline.beasley@yahoo.com,8704 NE. Olive Ave. ,North Tonawanda,NY,14120.0,,,,,,,,,,,,,,,,,
,,customers.csv,,,1296.0,Travis,Whitley,,travis.whitley@aol.com,60 Euclid Ave. ,Saint Albans,NY,11412.0,,,,,,,,,,,,,,,,,
,,customers.csv,,,1297.0,Vanessa,West,,vanessa.west@gmail.com,34 Prairie Lane ,New Rochelle,NY,10801.0,,,,,,,,,,,,,,,,,
,,customers.csv,,,1298.0,Trudy,Riddle,,trudy.riddle@aol.com,8943 Johnson Street ,Schenectady,NY,12302.0,,,,,,,,,,,,,,,,,
,,customers.csv,,,1299.0,Shauna,Edwards,,shauna.edwards@msn.com,8 Dogwood Ave. ,Yorktown Heights,NY,10598.0,,,,,,,,,,,,,,,,,
,,customers.csv,,,1300.0,Clorinda,Donovan,,clorinda.donovan@msn.com,9690 E. Morris Ave. ,Jamestown,NY,14701.0,,,,,,,,,,,,,,,,,
,,customers.csv,,,1301.0,Raven,Curtis,,raven.curtis@aol.com,18 Summit Lane ,Lawndale,CA,90260.0,,,,,,,,,,,,,,,,,
,,customers.csv,,,1302.0,Verda,Gilbert,,verda.gilbert@gmail.com,54 Hillcrest Drive ,East Northport,NY,11731.0,,,,,,,,,,,,,,,,,
,,customers.csv,,,1303.0,Renay,Atkins,,renay.atkins@aol.com,7146 Leeton Ridge Ave. ,Woodside,NY,11377.0,,,,,,,,,,,,,,,,,
,,customers.csv,,,1304.0,Tama,Berg,,tama.berg@hotmail.com,3 Cardinal Avenue ,Hollis,NY,11423.0,,,,,,,,,,,,,,,,,
,,customers.csv,,,1305.0,Dalia,Carson,(507) 186-2004,dalia.carson@aol.com,7175 Galvin St. ,Rochester,NY,14606.0,,,,,,,,,,,,,,,,,
,,customers.csv,,,1306.0,America,Swanson,,america.swanson@msn.com,83 South Arlington Lane ,Webster,NY,14580.0,,,,,,,,,,,,,,,,,
,,customers.csv,,,1307.0,Cinda,Rocha,,cinda.rocha@hotmail.com,926 North Oklahoma Dr. ,Los Banos,CA,93635.0,,,,,,,,,,,,,,,,,
,,customers.csv,,,1308.0,Shea,Howell,,shea.howell@msn.com,67 Arch Rd. ,South El Monte,CA,91733.0,,,,,,,,,,,,,,,,,
,,customers.csv,,,1309.0,Kimberli,Cline,,kimberli.cline@yahoo.com,7115 Stonybrook Court ,Centereach,NY,11720.0,,,,,,,,,,,,,,,,,
,,customers.csv,,,1310.0,Emanuel,Mckee,,emanuel.mckee@yahoo.com,9411 Lake Dr. ,Schenectady,NY,12302.0,,,,,,,,,,,,,,,,,
,,customers.csv,,,1311.0,Whitley,Cannon,,whitley.cannon@msn.com,614 High Point Lane ,Coram,NY,11727.0,,,,,,,,,,,,,,,,,
,,customers.csv,,,1312.0,Tereasa,Bird,,tereasa.bird@aol.com,7526 Vine Drive ,Ronkonkoma,NY,11779.0,,,,,,,,,,,,,,,,,
,,customers.csv,,,1313.0,Dante,Grimes,,dante.grimes@yahoo.com,23 Shore St. ,Duarte,CA,91010.0,,,,,,,,,,,,,,,,,
,,customers.csv,,,1314.0,Joeann,Garrison,,joeann.garrison@yahoo.com,1 Harrison St. ,Ontario,CA,91762.0,,,,,,,,,,,,,,,,,
,,customers.csv,,,1315.0,Omega,Johnston,,omega.johnston@gmail.com,9935 Tarkiln Hill St. ,Canyon Country,CA,91387.0,,,,,,,,,,,,,,,,,
,,customers.csv,,,1316.0,Conrad,Mueller,,conrad.mueller@yahoo.com,3 Myrtle St. ,Massapequa,NY,11758.0,,,,,,,,,,,,,,,,,
,,customers.csv,,,1317.0,Glady,Wells,,glady.wells@gmail.com,627 Ramblewood Ave. ,Syosset,NY,11791.0,,,,,,,,,,,,,,,,,
,,customers.csv,,,1318.0,Tisha,Petty,(210) 851-3122,tisha.petty@msn.com,9083 Lake View Ave. ,San Antonio,TX,78213.0,,,,,,,,,,,,,,,,,
,,customers.csv,,,1319.0,Claris,Santiago,,claris.santiago@msn.com,763 Mountainview Dr. ,Newburgh,NY,12550.0,,,,,,,,,,,,,,,,,
,,customers.csv,,,1320.0,Obdulia,Barber,,obdulia.barber@gmail.com,878 Lexington Rd. ,Newburgh,NY,12550.0,,,,,,,,,,,,,,,,,
,,customers.csv,,,1321.0,Shantel,Gregory,,shantel.gregory@yahoo.com,7722 Second Lane ,West Islip,NY,11795.0,,,,,,,,,,,,,,,,,
,,customers.csv,,,1322.0,Ai,Forbes,,ai.forbes@yahoo.com,254 Central St. ,Franklin Square,NY,11010.0,,,,,,,,,,,,,,,,,
,,customers.csv,,,1323.0,Ebony,Cotton,,ebony.cotton@yahoo.com,8979 Miller St. ,West Babylon,NY,11704.0,,,,,,,,,,,,,,,,,
,,customers.csv,,,1324.0,Arla,Ellis,,arla.ellis@yahoo.com,127 Crescent Ave. ,Utica,NY,13501.0,,,,,,,,,,,,,,,,,
,,customers.csv,,,1325.0,Magdalena,Sherman,,magdalena.sherman@gmail.com,176 Sunbeam St. ,Oswego,NY,13126.0,,,,,,,,,,,,,,,,,
,,customers.csv,,,1326.0,Tarra,Guerrero,,tarra.guerrero@aol.com,10 Baker St. ,Auburn,NY,13021.0,,,,,,,,,,,,,,,,,
,,customers.csv,,,1327.0,Consuela,Romero,,consuela.romero@hotmail.com,54 Elm Court ,Monroe,NY,10950.0,,,,,,,,,,,,,,,,,
,,customers.csv,,,1328.0,Cindie,Franklin,,cindie.franklin@yahoo.com,7249 Franklin St. ,Lawndale,CA,90260.0,,,,,,,,,,,,,,,,,
,,customers.csv,,,1329.0,Sharyn,Brewer,,sharyn.brewer@aol.com,70 Columbia Ave. ,Hollis,NY,11423.0,,,,,,,,,,,,,,,,,
,,customers.csv,,,1330.0,Karren,Stevenson,,karren.stevenson@aol.com,155 Old York St. ,San Carlos,CA,94070.0,,,,,,,,,,,,,,,,,
,,customers.csv,,,1331.0,Divina,Reeves,,divina.reeves@hotmail.com,767 Bradford Dr. ,Newburgh,NY,12550.0,,,,,,,,,,,,,,,,,
,,customers.csv,,,1332.0,Novella,Ross,,novella.ross@gmail.com,9418 Acacia Drive ,Glendora,CA,91740.0,,,,,,,,,,,,,,,,,
,,customers.csv,,,1333.0,Omega,Huff,,omega.huff@aol.com,63 Devon St. ,Santa Monica,CA,90403.0,,,,,,,,,,,,,,,,,
,,customers.csv,,,1334.0,Ashleigh,Finch,,ashleigh.finch@yahoo.com,82 Hudson Court ,Newburgh,NY,12550.0,,,,,,,,,,,,,,,,,
,,customers.csv,,,1335.0,Corina,Lynch,,corina.lynch@msn.com,44 Sunbeam Dr. ,Rosedale,NY,11422.0,,,,,,,,,,,,,,,,,
,,customers.csv,,,1336.0,Joe,Melton,,joe.melton@gmail.com,8998 Hartford Street ,New Windsor,NY,12553.0,,,,,,,,,,,,,,,,,
,,customers.csv,,,1337.0,Bernetta,Summers,,bernetta.summers@aol.com,1 Young Ave. ,Longview,TX,75604.0,,,,,,,,,,,,,,,,,
,,customers.csv,,,1338.0,Inez,Snider,,inez.snider@gmail.com,837 Catherine Lane ,Ronkonkoma,NY,11779.0,,,,,,,,,,,,,,,,,
,,customers.csv,,,1339.0,Neida,King,(442) 778-1121,neida.king@aol.com,137 Bohemia St. ,Oceanside,NY,11572.0,,,,,,,,,,,,,,,,,
,,customers.csv,,,1340.0,Tona,Velasquez,,tona.velasquez@msn.com,9166 Trout St. ,Whitestone,NY,11357.0,,,,,,,,,,,,,,,,,
,,customers.csv,,,1341.0,Rozanne,Reyes,,rozanne.reyes@aol.com,11 W. Surrey Drive ,Garden City,NY,11530.0,,,,,,,,,,,,,,,,,
,,customers.csv,,,1342.0,Lekisha,Pope,,lekisha.pope@msn.com,390 Livingston Avenue ,Freeport,NY,11520.0,,,,,,,,,,,,,,,,,
,,customers.csv,,,1343.0,Jama,Rodriquez,,jama.rodriquez@msn.com,681 Smith Dr. ,Upland,CA,91784.0,,,,,,,,,,,,,,,,,
,,customers.csv,,,1344.0,Eloisa,Tucker,,eloisa.tucker@hotmail.com,7268 Leatherwood Ave. ,Howard Beach,NY,11414.0,,,,,,,,,,,,,,,,,
,,customers.csv,,,1345.0,Arie,Hunter,,arie.hunter@msn.com,66 Old State Rd. ,Flushing,NY,11354.0,,,,,,,,,,,,,,,,,
,,customers.csv,,,1346.0,Sanora,Webster,(424) 464-7290,sanora.webster@msn.com,74 Beach St. ,Los Angeles,CA,90008.0,,,,,,,,,,,,,,,,,
,,customers.csv,,,1347.0,Kate,Barber,,kate.barber@hotmail.com,46 W. Oak Valley Ave. ,Saratoga Springs,NY,12866.0,,,,,,,,,,,,,,,,,
,,customers.csv,,,1348.0,Yvone,Guerrero,,yvone.guerrero@aol.com,8548 Jackson Ave. ,Merrick,NY,11566.0,,,,,,,,,,,,,,,,,
,,customers.csv,,,1349.0,Kami,Rios,,kami.rios@yahoo.com,8400 8th Dr. ,Encino,CA,91316.0,,,,,,,,,,,,,,,,,
,,customers.csv,,,1350.0,Annett,Rush,,annett.rush@hotmail.com,758 Fordham Lane ,Rosedale,NY,11422.0,,,,,,,,,,,,,,,,,
,,customers.csv,,,1351.0,Carman,Hardy,,carman.hardy@yahoo.com,800 Whitemarsh St. ,Jamestown,NY,14701.0,,,,,,,,,,,,,,,,,
,,customers.csv,,,1352.0,Dorothea,Miranda,,dorothea.miranda@aol.com,7882 Parker St. ,Upland,CA,91784.0,,,,,,,,,,,,,,,,,
,,customers.csv,,,1353.0,Agatha,Daniels,,agatha.daniels@yahoo.com,125 Canal St. ,South El Monte,CA,91733.0,,,,,,,,,,,,,,,,,
,,customers.csv,,,1354.0,Alexandria,Zamora,,alexandria.zamora@yahoo.com,95 Cherry Circle ,Schenectady,NY,12302.0,,,,,,,,,,,,,,,,,
,,customers.csv,,,1355.0,Thad,Gilliam,,thad.gilliam@hotmail.com,8844 Gonzales Court ,Levittown,NY,11756.0,,,,,,,,,,,,,,,,,
,,customers.csv,,,1356.0,Inger,Jennings,,inger.jennings@yahoo.com,38 NW. Shore Lane ,Patchogue,NY,11772.0,,,,,,,,,,,,,,,,,
,,customers.csv,,,1357.0,Karren,Lamb,(559) 628-2239,karren.lamb@aol.com,35 N. Chapel St. ,Fresno,CA,93706.0,,,,,,,,,,,,,,,,,
,,customers.csv,,,1358.0,Noble,Glover,,noble.glover@gmail.com,728 W. Rocky River Street ,Orchard Park,NY,14127.0,,,,,,,,,,,,,,,,,
,,customers.csv,,,1359.0,Octavia,Donaldson,,octavia.donaldson@hotmail.com,8095 Wayne Ave. ,Levittown,NY,11756.0,,,,,,,,,,,,,,,,,
,,customers.csv,,,1360.0,Latashia,Travis,,latashia.travis@yahoo.com,7877 King Rd. ,Upland,CA,91784.0,,,,,,,,,,,,,,,,,
,,customers.csv,,,1361.0,Destiny,Goodman,,destiny.goodman@msn.com,29 Smoky Hollow St. ,Westbury,NY,11590.0,,,,,,,,,,,,,,,,,
,,customers.csv,,,1362.0,Christiana,Gross,,christiana.gross@yahoo.com,645 North Richardson Road ,Orchard Park,NY,14127.0,,,,,,,,,,,,,,,,,
,,customers.csv,,,1363.0,Nestor,Haynes,(281) 969-4579,nestor.haynes@msn.com,27 Nut Swamp Street ,Houston,TX,77016.0,,,,,,,,,,,,,,,,,
,,customers.csv,,,1364.0,Grisel,Maynard,,grisel.maynard@msn.com,353 North Arch St. ,Ballston Spa,NY,12020.0,,,,,,,,,,,,,,,,,
,,customers.csv,,,1365.0,Shenna,Espinoza,,shenna.espinoza@gmail.com,202 North George Street ,Queensbury,NY,12804.0,,,,,,,,,,,,,,,,,
,,customers.csv,,,1366.0,Trena,Rogers,,trena.rogers@aol.com,502 Sherwood St. ,Campbell,CA,95008.0,,,,,,,,,,,,,,,,,
,,customers.csv,,,1367.0,Lucile,Manning,,lucile.manning@yahoo.com,511 Livingston Lane ,Campbell,CA,95008.0,,,,,,,,,,,,,,,,,
,,customers.csv,,,1368.0,Veronique,Fulton,,veronique.fulton@yahoo.com,81 Hilldale Ave. ,Ballston Spa,NY,12020.0,,,,,,,,,,,,,,,,,
,,customers.csv,,,1369.0,Starr,Schneider,,starr.schneider@aol.com,77 Mulberry Street ,Shirley,NY,11967.0,,,,,,,,,,,,,,,,,
,,customers.csv,,,1370.0,Rona,Rojas,(408) 611-3553,rona.rojas@gmail.com,815 Riverview St. ,San Jose,CA,95127.0,,,,,,,,,,,,,,,,,
,,customers.csv,,,1371.0,Pandora,Estes,,pandora.estes@aol.com,228 Shadow Brook Drive ,New Hyde Park,NY,11040.0,,,,,,,,,,,,,,,,,
,,customers.csv,,,1372.0,Renna,Williams,,renna.williams@hotmail.com,7398 SW. Glen Ridge Road ,South Ozone Park,NY,11420.0,,,,,,,,,,,,,,,,,
,,customers.csv,,,1373.0,Lanora,Robbins,,lanora.robbins@hotmail.com,31 W. Maiden Lane ,West Babylon,NY,11704.0,,,,,,,,,,,,,,,,,
,,customers.csv,,,1374.0,Juliane,Dillard,,juliane.dillard@aol.com,63 Birchwood Court ,Glendora,CA,91740.0,,,,,,,,,,,,,,,,,
,,customers.csv,,,1375.0,Carlena,Salinas,,carlena.salinas@gmail.com,1 Wagon Street ,Jamaica,NY,11432.0,,,,,,,,,,,,,,,,,
,,customers.csv,,,1376.0,Kimberley,Reynolds,,kimberley.reynolds@aol.com,8475 Homewood Street ,Port Washington,NY,11050.0,,,,,,,,,,,,,,,,,
,,customers.csv,,,1377.0,Johana,Jacobson,(507) 407-9384,johana.jacobson@gmail.com,29 San Juan St. ,Rochester,NY,14606.0,,,,,,,,,,,,,,,,,
,,customers.csv,,,1378.0,Enoch,Rosario,(559) 329-7615,enoch.rosario@hotmail.com,186 Arlington St. ,Fresno,CA,93706.0,,,,,,,,,,,,,,,,,
,,customers.csv,,,1379.0,Dorine,Thornton,,dorine.thornton@gmail.com,8730 N. Atlantic Street ,Sunnyside,NY,11104.0,,,,,,,,,,,,,,,,,
,,customers.csv,,,1380.0,Eliz,Lynch,,eliz.lynch@hotmail.com,717 West Deerfield Ave. ,Uniondale,NY,11553.0,,,,,,,,,,,,,,,,,
,,customers.csv,,,1381.0,Mercedez,Brooks,,mercedez.brooks@hotmail.com,7483 Ann St. ,Duarte,CA,91010.0,,,,,,,,,,,,,,,,,
,,customers.csv,,,1382.0,Wynona,Douglas,,wynona.douglas@msn.com,6 Country Ave. ,Harlingen,TX,78552.0,,,,,,,,,,,,,,,,,
,,customers.csv,,,1383.0,Desire,Mcgowan,(661) 800-8091,desire.mcgowan@msn.com,942 North Ohio Road ,Bakersfield,CA,93306.0,,,,,,,,,,,,,,,,,
,,customers.csv,,,1384.0,Elmo,Sweeney,,elmo.sweeney@yahoo.com,43 Arch Ave. ,San Carlos,CA,94070.0,,,,,,,,,,,,,,,,,
,,customers.csv,,,1385.0,Kenton,Hughes,,kenton.hughes@gmail.com,632 Sleepy Hollow Drive ,Canandaigua,NY,14424.0,,,,,,,,,,,,,,,,,
,,customers.csv,,,1386.0,Cesar,Wilkins,(619) 685-5786,cesar.wilkins@hotmail.com,7 Inverness St. ,San Diego,CA,92111.0,,,,,,,,,,,,,,,,,
,,customers.csv,,,1387.0,Phylicia,Stout,,phylicia.stout@aol.com,8842 Littleton Lane ,Canandaigua,NY,14424.0,,,,,,,,,,,,,,,,,
,,customers.csv,,,1388.0,Nanette,Harris,,nanette.harris@hotmail.com,26 Pin Oak Lane ,East Meadow,NY,11554.0,,,,,,,,,,,,,,,,,
,,customers.csv,,,1389.0,Ulrike,Chan,,ulrike.chan@aol.com,7949 Lancaster St. ,Port Chester,NY,10573.0,,,,,,,,,,,,,,,,,
,,customers.csv,,,1390.0,Genoveva,Lloyd,,genoveva.lloyd@aol.com,706 Devonshire St. ,Bayside,NY,11361.0,,,,,,,,,,,,,,,,,
,,customers.csv,,,1391.0,Sheryl,Chase,,sheryl.chase@gmail.com,388 Cedar Avenue ,Floral Park,NY,11001.0,,,,,,,,,,,,,,,,,
,,customers.csv,,,1392.0,Trista,Lambert,,trista.lambert@gmail.com,79 River Street ,Fairport,NY,14450.0,,,,,,,,,,,,,,,,,
,,customers.csv,,,1393.0,Vivian,Deleon,,vivian.deleon@msn.com,9925 Hamilton Street ,Jamaica,NY,11432.0,,,,,,,,,,,,,,,,,
,,customers.csv,,,1394.0,Genny,Fields,,genny.fields@msn.com,9145 San Juan Dr. ,Amityville,NY,11701.0,,,,,,,,,,,,,,,,,
,,customers.csv,,,1395.0,Eliseo,Knight,,eliseo.knight@msn.com,693 Holly Street ,Woodhaven,NY,11421.0,,,,,,,,,,,,,,,,,
,,customers.csv,,,1396.0,Delma,Bailey,(657) 454-8493,delma.bailey@gmail.com,9883 West King Lane ,Anaheim,CA,92806.0,,,,,,,,,,,,,,,,,
,,customers.csv,,,1397.0,Dewayne,Herring,,dewayne.herring@aol.com,9015 Willow Lane ,Webster,NY,14580.0,,,,,,,,,,,,,,,,,
,,customers.csv,,,1398.0,Nevada,Hood,,nevada.hood@aol.com,515 Bank Rd. ,Hopewell Junction,NY,12533.0,,,,,,,,,,,,,,,,,
,,customers.csv,,,1399.0,Angelika,Perry,,angelika.perry@msn.com,7684 South Branch Drive ,Canandaigua,NY,14424.0,,,,,,,,,,,,,,,,,
,,customers.csv,,,1400.0,Shayla,Hart,,shayla.hart@msn.com,9092 Aspen St. ,Woodhaven,NY,11421.0,,,,,,,,,,,,,,,,,
,,customers.csv,,,1401.0,Willetta,Murphy,,willetta.murphy@msn.com,436 Devonshire Street ,East Elmhurst,NY,11369.0,,,,,,,,,,,,,,,,,
,,customers.csv,,,1402.0,Sandee,Alvarado,,sandee.alvarado@aol.com,69 Bowman Street ,Depew,NY,14043.0,,,,,,,,,,,,,,,,,
,,customers.csv,,,1403.0,Mila,Moody,(248) 234-5902,mila.moody@gmail.com,675 Williams St. ,Troy,NY,12180.0,,,,,,,,,,,,,,,,,
,,customers.csv,,,1404.0,Loyce,Conway,,loyce.conway@aol.com,729 State Lane ,Central Islip,NY,11722.0,,,,,,,,,,,,,,,,,
,,customers.csv,,,1405.0,Thanh,Figueroa,,thanh.figueroa@yahoo.com,6 Roberts Drive ,Mount Vernon,NY,10550.0,,,,,,,,,,,,,,,,,
,,customers.csv,,,1406.0,Farrah,Orr,,farrah.orr@msn.com,8711 W. Ashley St. ,New Hyde Park,NY,11040.0,,,,,,,,,,,,,,,,,
,,customers.csv,,,1407.0,Hugh,Craft,,hugh.craft@msn.com,8716 Homewood Court ,Centereach,NY,11720.0,,,,,,,,,,,,,,,,,
,,customers.csv,,,1408.0,Eleanor,Mendez,,eleanor.mendez@yahoo.com,4 West St. ,Port Chester,NY,10573.0,,,,,,,,,,,,,,,,,
,,customers.csv,,,1409.0,Lamar,Bush,(716) 294-7174,lamar.bush@msn.com,76 Lilac Drive ,Buffalo,NY,14215.0,,,,,,,,,,,,,,,,,
,,customers.csv,,,1410.0,Lurlene,Finch,(914) 367-7691,lurlene.finch@msn.com,849 Magnolia St. ,Yonkers,NY,10701.0,,,,,,,,,,,,,,,,,
,,customers.csv,,,1411.0,Shanda,Stevenson,,shanda.stevenson@yahoo.com,9547 N. Courtland St. ,Freeport,NY,11520.0,,,,,,,,,,,,,,,,,
,,customers.csv,,,1412.0,Adrien,Hunter,,adrien.hunter@yahoo.com,720 Thompson Lane ,Rego Park,NY,11374.0,,,,,,,,,,,,,,,,,
,,customers.csv,,,1413.0,Ophelia,Decker,,ophelia.decker@yahoo.com,69 Rockwell Court ,New Windsor,NY,12553.0,,,,,,,,,,,,,,,,,
,,customers.csv,,,1414.0,Sonja,Walls,,sonja.walls@aol.com,30 Marshall Dr. ,Queensbury,NY,12804.0,,,,,,,,,,,,,,,,,
,,customers.csv,,,1415.0,Harold,O'connor,,harold.o'connor@gmail.com,9530 Summerhouse Street ,Santa Cruz,CA,95060.0,,,,,,,,,,,,,,,,,
,,customers.csv,,,1416.0,Miranda,Kennedy,,miranda.kennedy@gmail.com,726 East High St. ,Astoria,NY,11102.0,,,,,,,,,,,,,,,,,
,,customers.csv,,,1417.0,Jasper,Castro,,jasper.castro@aol.com,977 SE. Railroad Road ,Forney,TX,75126.0,,,,,,,,,,,,,,,,,
,,customers.csv,,,1418.0,Penni,Best,(657) 611-2991,penni.best@msn.com,875 Second Drive ,Anaheim,CA,92806.0,,,,,,,,,,,,,,,,,
,,customers.csv,,,1419.0,Lurlene,Cotton,,lurlene.cotton@yahoo.com,8218 George St. ,Pleasanton,CA,94566.0,,,,,,,,,,,,,,,,,
,,customers.csv,,,1420.0,Kelsey,Noble,,kelsey.noble@hotmail.com,36 Pearl Court ,Mount Vernon,NY,10550.0,,,,,,,,,,,,,,,,,
,,customers.csv,,,1421.0,Edris,Barrett,,edris.barrett@hotmail.com,36 Pulaski Drive ,Plattsburgh,NY,12901.0,,,,,,,,,,,,,,,,,
,,customers.csv,,,1422.0,Tempie,Jacobson,,tempie.jacobson@hotmail.com,136 Old Fairview St. ,Smithtown,NY,11787.0,,,,,,,,,,,,,,,,,
,,customers.csv,,,1423.0,Dollie,Cervantes,(682) 362-7457,dollie.cervantes@aol.com,8828 Applegate Drive ,Fort Worth,TX,76110.0,,,,,,,,,,,,,,,,,
,,customers.csv,,,1424.0,Lashunda,Cole,,lashunda.cole@hotmail.com,783 Baker St. ,Monsey,NY,10952.0,,,,,,,,,,,,,,,,,
,,customers.csv,,,1425.0,Justina,Jenkins,,justina.jenkins@msn.com,345 SE. Green Lane ,Shirley,NY,11967.0,,,,,,,,,,,,,,,,,
,,customers.csv,,,1426.0,Londa,Gould,(361) 206-5550,londa.gould@aol.com,9169 Beech Lane ,Corpus Christi,TX,78418.0,,,,,,,,,,,,,,,,,
,,customers.csv,,,1427.0,Mikel,Wilkerson,,mikel.wilkerson@msn.com,9233 Clinton St. ,Atwater,CA,95301.0,,,,,,,,,,,,,,,,,
,,customers.csv,,,1428.0,Carola,Johns,,carola.johns@msn.com,7077 Fordham Rd. ,Santa Cruz,CA,95060.0,,,,,,,,,,,,,,,,,
,,customers.csv,,,1429.0,Lorrie,Justice,,lorrie.justice@gmail.com,8396 Brook Drive ,Pomona,CA,91768.0,,,,,,,,,,,,,,,,,
,,customers.csv,,,1430.0,Tayna,Wade,(661) 858-1224,tayna.wade@hotmail.com,65 Smith Store Dr. ,Bakersfield,CA,93306.0,,,,,,,,,,,,,,,,,
,,customers.csv,,,1431.0,Mark,Benton,,mark.benton@aol.com,83 Eagle St. ,East Elmhurst,NY,11369.0,,,,,,,,,,,,,,,,,
,,customers.csv,,,1432.0,Zona,Cameron,,zona.cameron@aol.com,42 Bridle Court ,East Northport,NY,11731.0,,,,,,,,,,,,,,,,,
,,customers.csv,,,1433.0,Nicola,Knight,,nicola.knight@aol.com,25 SE. Miles Lane ,Scarsdale,NY,10583.0,,,,,,,,,,,,,,,,,
,,customers.csv,,,1434.0,Elana,Miles,,elana.miles@yahoo.com,7077 Euclid Ave. ,Liverpool,NY,13090.0,,,,,,,,,,,,,,,,,
,,customers.csv,,,1435.0,Merrie,Fowler,,merrie.fowler@aol.com,532 Leatherwood Ave. ,Scarsdale,NY,10583.0,,,,,,,,,,,,,,,,,
,,customers.csv,,,1436.0,Macie,Ayers,,macie.ayers@msn.com,8730 Longfellow St. ,Bellmore,NY,11710.0,,,,,,,,,,,,,,,,,
,,customers.csv,,,1437.0,Son,Warner,,son.warner@hotmail.com,20 W. Rosewood Ave. ,Rockville Centre,NY,11570.0,,,,,,,,,,,,,,,,,
,,customers.csv,,,1438.0,Lee,Dunn,(408) 807-6157,lee.dunn@aol.com,8626 Grand Ave. ,San Jose,CA,95127.0,,,,,,,,,,,,,,,,,
,,customers.csv,,,1439.0,Florrie,Little,,florrie.little@yahoo.com,8330 Marsh St. ,New Rochelle,NY,10801.0,,,,,,,,,,,,,,,,,
,,customers.csv,,,1440.0,Ernest,Rollins,,ernest.rollins@yahoo.com,4 West Ridge Dr. ,Oakland Gardens,NY,11364.0,,,,,,,,,,,,,,,,,
,,customers.csv,,,1441.0,Jamaal,Morrison,,jamaal.morrison@msn.com,796 SE. Nut Swamp St. ,Staten Island,NY,10301.0,,,,,,,,,,,,,,,,,
,,customers.csv,,,1442.0,Cassie,Cline,,cassie.cline@gmail.com,947 Lafayette Drive ,Brooklyn,NY,11201.0,,,,,,,,,,,,,,,,,
,,customers.csv,,,1443.0,Lezlie,Lamb,,lezlie.lamb@gmail.com,401 Brandywine Street ,Central Islip,NY,11722.0,,,,,,,,,,,,,,,,,
,,customers.csv,,,1444.0,Ivette,Estes,,ivette.estes@gmail.com,88 N. Canterbury Ave. ,Canandaigua,NY,14424.0,,,,,,,,,,,,,,,,,
,,customers.csv,,,1445.0,Ester,Acevedo,,ester.acevedo@gmail.com,671 Miles Court ,San Lorenzo,CA,94580.0,,,,,,,,,,,,,,,,,
,,orders.csv,,,259.0,,,,,,,,,1.0,4.0,2016-01-01,2016-01-03,2016-01-03,1.0,2.0,,,,,,,,,,
,,orders.csv,,,1212.0,,,,,,,,,2.0,4.0,2016-01-01,2016-01-04,2016-01-03,2.0,6.0,,,,,,,,,,
,,orders.csv,,,523.0,,,,,,,,,3.0,4.0,2016-01-02,2016-01-05,2016-01-03,2.0,7.0,,,,,,,,,,
,,orders.csv,,,175.0,,,,,,,,,4.0,4.0,2016-01-03,2016-01-04,2016-01-05,1.0,3.0,,,,,,,,,,
,,orders.csv,,,1324.0,,,,,,,,,5.0,4.0,2016-01-03,2016-01-06,2016-01-06,2.0,6.0,,,,,,,,,,
,,orders.csv,,,94.0,,,,,,,,,6.0,4.0,2016-01-04,2016-01-07,2016-01-05,2.0,6.0,,,,,,,,,,
,,orders.csv,,,324.0,,,,,,,,,7.0,4.0,2016-01-04,2016-01-07,2016-01-05,2.0,6.0,,,,,,,,,,
,,orders.csv,,,1204.0,,,,,,,,,8.0,4.0,2016-01-04,2016-01-05,2016-01-05,2.0,7.0,,,,,,,,,,
,,orders.csv,,,60.0,,,,,,,,,9.0,4.0,2016-01-05,2016-01-08,2016-01-08,1.0,2.0,,,,,,,,,,
,,orders.csv,,,442.0,,,,,,,,,10.0,4.0,2016-01-05,2016-01-06,2016-01-06,2.0,6.0,,,,,,,,,,
,,orders.csv,,,1326.0,,,,,,,,,11.0,4.0,2016-01-05,2016-01-08,2016-01-07,2.0,7.0,,,,,,,,,,
,,orders.csv,,,91.0,,,,,,,,,12.0,4.0,2016-01-06,2016-01-08,2016-01-09,1.0,2.0,,,,,,,,,,
,,orders.csv,,,873.0,,,,,,,,,13.0,4.0,2016-01-08,2016-01-11,2016-01-11,2.0,6.0,,,,,,,,,,
,,orders.csv,,,258.0,,,,,,,,,14.0,4.0,2016-01-09,2016-01-11,2016-01-12,1.0,3.0,,,,,,,,,,
,,orders.csv,,,450.0,,,,,,,,,15.0,4.0,2016-01-09,2016-01-10,2016-01-12,2.0,7.0,,,,,,,,,,
,,orders.csv,,,552.0,,,,,,,,,16.0,4.0,2016-01-12,2016-01-15,2016-01-15,1.0,3.0,,,,,,,,,,
,,orders.csv,,,1175.0,,,,,,,,,17.0,4.0,2016-01-12,2016-01-14,2016-01-14,1.0,3.0,,,,,,,,,,
,,orders.csv,,,541.0,,,,,,,,,18.0,4.0,2016-01-14,2016-01-17,2016-01-15,1.0,3.0,,,,,,,,,,
,,orders.csv,,,696.0,,,,,,,,,19.0,4.0,2016-01-14,2016-01-17,2016-01-16,1.0,2.0,,,,,,,,,,
,,orders.csv,,,923.0,,,,,,,,,20.0,4.0,2016-01-14,2016-01-16,2016-01-17,1.0,2.0,,,,,,,,,,
,,orders.csv,,,1250.0,,,,,,,,,21.0,4.0,2016-01-15,2016-01-16,2016-01-18,2.0,6.0,,,,,,,,,,
,,orders.csv,,,1035.0,,,,,,,,,22.0,4.0,2016-01-16,2016-01-18,2016-01-17,1.0,2.0,,,,,,,,,,
,,orders.csv,,,1149.0,,,,,,,,,23.0,4.0,2016-01-16,2016-01-19,2016-01-19,1.0,2.0,,,,,,,,,,
,,orders.csv,,,636.0,,,,,,,,,24.0,4.0,2016-01-18,2016-01-20,2016-01-19,2.0,7.0,,,,,,,,,,
,,orders.csv,,,657.0,,,,,,,,,25.0,4.0,2016-01-18,2016-01-21,2016-01-21,2.0,6.0,,,,,,,,,,
,,orders.csv,,,1280.0,,,,,,,,,26.0,4.0,2016-01-18,2016-01-21,2016-01-19,2.0,7.0,,,,,,,,,,
,,orders.csv,,,57.0,,,,,,,,,27.0,4.0,2016-01-19,2016-01-21,2016-01-20,2.0,7.0,,,,,,,,,,
,,orders.csv,,,252.0,,,,,,,,,28.0,4.0,2016-01-19,2016-01-20,2016-01-21,2.0,6.0,,,,,,,,,,
,,orders.csv,,,437.0,,,,,,,,,29.0,4.0,2016-01-20,2016-01-22,2016-01-21,2.0,6.0,,,,,,,,,,
,,orders.csv,,,1348.0,,,,,,,,,30.0,4.0,2016-01-20,2016-01-21,2016-01-21,2.0,6.0,,,,,,,,,,
,,orders.csv,,,1238.0,,,,,,,,,31.0,4.0,2016-01-20,2016-01-22,2016-01-22,3.0,8.0,,,,,,,,,,
,,orders.csv,,,1259.0,,,,,,,,,32.0,4.0,2016-01-21,2016-01-24,2016-01-22,1.0,3.0,,,,,,,,,,
,,orders.csv,,,236.0,,,,,,,,,33.0,4.0,2016-01-21,2016-01-22,2016-01-22,2.0,6.0,,,,,,,,,,
,,orders.csv,,,80.0,,,,,,,,,34.0,4.0,2016-01-22,2016-01-25,2016-01-23,2.0,6.0,,,,,,,,,,
,,orders.csv,,,813.0,,,,,,,,,35.0,4.0,2016-01-22,2016-01-25,2016-01-24,2.0,7.0,,,,,,,,,,
,,orders.csv,,,1321.0,,,,,,,,,36.0,4.0,2016-01-23,2016-01-24,2016-01-24,2.0,6.0,,,,,,,,,,
,,orders.csv,,,164.0,,,,,,,,,37.0,4.0,2016-01-25,2016-01-28,2016-01-26,2.0,6.0,,,,,,,,,,
,,orders.csv,,,583.0,,,,,,,,,38.0,4.0,2016-01-25,2016-01-27,2016-01-26,2.0,7.0,,,,,,,,,,
,,orders.csv,,,1296.0,,,,,,,,,39.0,4.0,2016-01-25,2016-01-26,2016-01-26,2.0,7.0,,,,,,,,,,
,,orders.csv,,,348.0,,,,,,,,,40.0,4.0,2016-01-27,2016-01-28,2016-01-29,1.0,3.0,,,,,,,,,,
,,orders.csv,,,979.0,,,,,,,,,41.0,4.0,2016-01-27,2016-01-30,2016-01-29,2.0,6.0,,,,,,,,,,
,,orders.csv,,,1095.0,,,,,,,,,42.0,4.0,2016-01-27,2016-01-28,2016-01-30,2.0,7.0,,,,,,,,,,
,,orders.csv,,,1434.0,,,,,,,,,43.0,4.0,2016-01-27,2016-01-28,2016-01-30,2.0,7.0,,,,,,,,,,
,,orders.csv,,,861.0,,,,,,,,,44.0,4.0,2016-01-28,2016-01-31,2016-01-30,2.0,7.0,,,,,,,,,,
,,orders.csv,,,1220.0,,,,,,,,,45.0,4.0,2016-01-28,2016-01-31,2016-01-31,2.0,7.0,,,,,,,,,,
,,orders.csv,,,746.0,,,,,,,,,46.0,4.0,2016-01-29,2016-01-31,2016-01-31,2.0,7.0,,,,,,,,,,
,,orders.csv,,,1234.0,,,,,,,,,47.0,4.0,2016-01-29,2016-01-30,2016-01-31,2.0,7.0,,,,,,,,,,
,,orders.csv,,,1012.0,,,,,,,,,48.0,4.0,2016-01-30,2016-02-01,2016-02-02,2.0,7.0,,,,,,,,,,
,,orders.csv,,,608.0,,,,,,,,,49.0,4.0,2016-01-31,2016-02-01,2016-02-02,2.0,6.0,,,,,,,,,,
,,orders.csv,,,872.0,,,,,,,,,50.0,4.0,2016-01-31,2016-02-03,2016-02-02,3.0,8.0,,,,,,,,,,
,,orders.csv,,,1047.0,,,,,,,,,51.0,4.0,2016-02-01,2016-02-02,2016-02-03,2.0,7.0,,,,,,,,,,
,,orders.csv,,,767.0,,,,,,,,,52.0,4.0,2016-02-03,2016-02-04,2016-02-05,1.0,2.0,,,,,,,,,,
,,orders.csv,,,965.0,,,,,,,,,53.0,4.0,2016-02-03,2016-02-04,2016-02-05,2.0,6.0,,,,,,,,,,
,,orders.csv,,,535.0,,,,,,,,,54.0,4.0,2016-02-04,2016-02-07,2016-02-07,2.0,7.0,,,,,,,,,,
,,orders.csv,,,1173.0,,,,,,,,,55.0,4.0,2016-02-04,2016-02-07,2016-02-06,2.0,6.0,,,,,,,,,,
,,orders.csv,,,1241.0,,,,,,,,,56.0,4.0,2016-02-04,2016-02-06,2016-02-07,2.0,6.0,,,,,,,,,,
,,orders.csv,,,1305.0,,,,,,,,,57.0,4.0,2016-02-04,2016-02-06,2016-02-06,2.0,7.0,,,,,,,,,,
,,orders.csv,,,504.0,,,,,,,,,58.0,4.0,2016-02-05,2016-02-07,2016-02-07,2.0,6.0,,,,,,,,,,
,,orders.csv,,,563.0,,,,,,,,,59.0,4.0,2016-02-05,2016-02-07,2016-02-06,2.0,7.0,,,,,,,,,,
,,orders.csv,,,151.0,,,,,,,,,60.0,4.0,2016-02-06,2016-02-08,2016-02-07,1.0,3.0,,,,,,,,,,
,,orders.csv,,,277.0,,,,,,,,,61.0,4.0,2016-02-06,2016-02-09,2016-02-09,2.0,7.0,,,,,,,,,,
,,orders.csv,,,208.0,,,,,,,,,62.0,4.0,2016-02-07,2016-02-10,2016-02-10,1.0,2.0,,,,,,,,,,
,,orders.csv,,,1075.0,,,,,,,,,63.0,4.0,2016-02-07,2016-02-09,2016-02-09,2.0,7.0,,,,,,,,,,
,,orders.csv,,,1185.0,,,,,,,,,64.0,4.0,2016-02-07,2016-02-08,2016-02-09,2.0,6.0,,,,,,,,,,
,,orders.csv,,,996.0,,,,,,,,,65.0,4.0,2016-02-08,2016-02-09,2016-02-11,2.0,6.0,,,,,,,,,,
,,orders.csv,,,1253.0,,,,,,,,,66.0,4.0,2016-02-09,2016-02-12,2016-02-12,2.0,7.0,,,,,,,,,,
,,orders.csv,,,526.0,,,,,,,,,67.0,4.0,2016-02-09,2016-02-11,2016-02-10,3.0,8.0,,,,,,,,,,
,,orders.csv,,,381.0,,,,,,,,,68.0,4.0,2016-02-10,2016-02-11,2016-02-13,2.0,6.0,,,,,,,,,,
,,orders.csv,,,1413.0,,,,,,,,,69.0,4.0,2016-02-10,2016-02-12,2016-02-11,2.0,7.0,,,,,,,,,,
,,orders.csv,,,50.0,,,,,,,,,70.0,3.0,2016-02-11,2016-02-11,,3.0,9.0,,,,,,,,,,
,,orders.csv,,,797.0,,,,,,,,,71.0,4.0,2016-02-11,2016-02-14,2016-02-12,2.0,7.0,,,,,,,,,,
,,orders.csv,,,1386.0,,,,,,,,,72.0,4.0,2016-02-12,2016-02-15,2016-02-13,1.0,2.0,,,,,,,,,,
,,orders.csv,,,612.0,,,,,,,,,73.0,4.0,2016-02-12,2016-02-15,2016-02-14,2.0,7.0,,,,,,,,,,
,,orders.csv,,,264.0,,,,,,,,,74.0,4.0,2016-02-13,2016-02-15,2016-02-15,2.0,7.0,,,,,,,,,,
,,orders.csv,,,587.0,,,,,,,,,75.0,4.0,2016-02-14,2016-02-15,2016-02-17,2.0,6.0,,,,,,,,,,
,,orders.csv,,,9.0,,,,,,,,,76.0,3.0,2016-02-16,2016-02-16,,2.0,6.0,,,,,,,,,,
,,orders.csv,,,385.0,,,,,,,,,77.0,4.0,2016-02-16,2016-02-19,2016-02-19,1.0,2.0,,,,,,,,,,
,,orders.csv,,,1182.0,,,,,,,,,78.0,4.0,2016-02-16,2016-02-18,2016-02-19,2.0,7.0,,,,,,,,,,
,,orders.csv,,,529.0,,,,,,,,,79.0,4.0,2016-02-17,2016-02-20,2016-02-20,1.0,3.0,,,,,,,,,,
,,orders.csv,,,397.0,,,,,,,,,80.0,4.0,2016-02-17,2016-02-20,2016-02-19,2.0,6.0,,,,,,,,,,
,,orders.csv,,,521.0,,,,,,,,,81.0,4.0,2016-02-17,2016-02-19,2016-02-18,2.0,6.0,,,,,,,,,,
,,orders.csv,,,1223.0,,,,,,,,,82.0,4.0,2016-02-18,2016-02-21,2016-02-20,2.0,6.0,,,,,,,,,,
,,orders.csv,,,393.0,,,,,,,,,83.0,4.0,2016-02-19,2016-02-20,2016-02-20,1.0,3.0,,,,,,,,,,
,,orders.csv,,,317.0,,,,,,,,,84.0,4.0,2016-02-20,2016-02-22,2016-02-21,2.0,7.0,,,,,,,,,,
,,orders.csv,,,1174.0,,,,,,,,,85.0,4.0,2016-02-20,2016-02-23,2016-02-21,2.0,7.0,,,,,,,,,,
,,orders.csv,,,276.0,,,,,,,,,86.0,4.0,2016-02-21,2016-02-22,2016-02-23,2.0,7.0,,,,,,,,,,
,,orders.csv,,,516.0,,,,,,,,,87.0,4.0,2016-02-21,2016-02-22,2016-02-23,2.0,6.0,,,,,,,,,,
,,orders.csv,,,1069.0,,,,,,,,,88.0,4.0,2016-02-21,2016-02-22,2016-02-23,2.0,6.0,,,,,,,,,,
,,orders.csv,,,668.0,,,,,,,,,89.0,4.0,2016-02-21,2016-02-24,2016-02-24,3.0,8.0,,,,,,,,,,
,,orders.csv,,,414.0,,,,,,,,,90.0,4.0,2016-02-23,2016-02-25,2016-02-24,2.0,7.0,,,,,,,,,,
,,orders.csv,,,648.0,,,,,,,,,91.0,4.0,2016-02-25,2016-02-27,2016-02-28,1.0,2.0,,,,,,,,,,
,,orders.csv,,,1309.0,,,,,,,,,92.0,4.0,2016-02-25,2016-02-28,2016-02-28,2.0,7.0,,,,,,,,,,
,,orders.csv,,,1328.0,,,,,,,,,93.0,4.0,2016-02-26,2016-02-28,2016-02-27,1.0,3.0,,,,,,,,,,
,,orders.csv,,,929.0,,,,,,,,,94.0,4.0,2016-02-27,2016-02-28,2016-02-29,1.0,2.0,,,,,,,,,,
,,orders.csv,,,218.0,,,,,,,,,95.0,4.0,2016-02-27,2016-02-29,2016-02-28,2.0,7.0,,,,,,,,,,
,,orders.csv,,,1094.0,,,,,,,,,96.0,4.0,2016-02-27,2016-02-29,2016-02-28,2.0,7.0,,,,,,,,,,
,,orders.csv,,,204.0,,,,,,,,,97.0,4.0,2016-02-28,2016-02-29,2016-03-01,2.0,7.0,,,,,,,,,,
,,orders.csv,,,1194.0,,,,,,,,,98.0,4.0,2016-02-28,2016-02-29,2016-02-29,2.0,6.0,,,,,,,,,,
,,orders.csv,,,1165.0,,,,,,,,,99.0,4.0,2016-02-29,2016-03-01,2016-03-03,3.0,9.0,,,,,,,,,,
,,orders.csv,,,1237.0,,,,,,,,,100.0,4.0,2016-03-01,2016-03-04,2016-03-03,2.0,7.0,,,,,,,,,,
,,orders.csv,,,271.0,,,,,,,,,101.0,4.0,2016-03-01,2016-03-04,2016-03-04,3.0,8.0,,,,,,,,,,
,,orders.csv,,,336.0,,,,,,,,,102.0,4.0,2016-03-02,2016-03-05,2016-03-03,2.0,7.0,,,,,,,,,,
,,orders.csv,,,991.0,,,,,,,,,103.0,4.0,2016-03-03,2016-03-06,2016-03-05,1.0,2.0,,,,,,,,,,
,,orders.csv,,,7.0,,,,,,,,,104.0,4.0,2016-03-03,2016-03-05,2016-03-05,2.0,7.0,,,,,,,,,,
,,orders.csv,,,306.0,,,,,,,,,105.0,4.0,2016-03-03,2016-03-05,2016-03-04,2.0,7.0,,,,,,,,,,
,,orders.csv,,,422.0,,,,,,,,,106.0,4.0,2016-03-04,2016-03-05,2016-03-05,3.0,9.0,,,,,,,,,,
,,orders.csv,,,633.0,,,,,,,,,107.0,4.0,2016-03-06,2016-03-09,2016-03-09,1.0,2.0,,,,,,,,,,
,,orders.csv,,,12.0,,,,,,,,,108.0,4.0,2016-03-06,2016-03-09,2016-03-07,2.0,6.0,,,,,,,,,,
,,orders.csv,,,1255.0,,,,,,,,,109.0,4.0,2016-03-06,2016-03-09,2016-03-09,2.0,6.0,,,,,,,,,,
,,orders.csv,,,677.0,,,,,,,,,110.0,4.0,2016-03-06,2016-03-08,2016-03-09,3.0,9.0,,,,,,,,,,
,,orders.csv,,,630.0,,,,,,,,,111.0,4.0,2016-03-07,2016-03-10,2016-03-10,2.0,6.0,,,,,,,,,,
,,orders.csv,,,469.0,,,,,,,,,112.0,4.0,2016-03-08,2016-03-11,2016-03-10,2.0,6.0,,,,,,,,,,
,,orders.csv,,,1078.0,,,,,,,,,113.0,4.0,2016-03-08,2016-03-11,2016-03-11,2.0,6.0,,,,,,,,,,
,,orders.csv,,,1431.0,,,,,,,,,114.0,4.0,2016-03-08,2016-03-10,2016-03-11,2.0,7.0,,,,,,,,,,
,,orders.csv,,,1369.0,,,,,,,,,115.0,4.0,2016-03-09,2016-03-11,2016-03-11,2.0,7.0,,,,,,,,,,
,,orders.csv,,,471.0,,,,,,,,,116.0,4.0,2016-03-10,2016-03-11,2016-03-11,2.0,7.0,,,,,,,,,,
,,orders.csv,,,740.0,,,,,,,,,117.0,4.0,2016-03-10,2016-03-13,2016-03-11,2.0,6.0,,,,,,,,,,
,,orders.csv,,,577.0,,,,,,,,,118.0,4.0,2016-03-12,2016-03-14,2016-03-13,1.0,2.0,,,,,,,,,,
,,orders.csv,,,925.0,,,,,,,,,119.0,4.0,2016-03-12,2016-03-14,2016-03-14,2.0,7.0,,,,,,,,,,
,,orders.csv,,,327.0,,,,,,,,,120.0,4.0,2016-03-14,2016-03-15,2016-03-17,2.0,7.0,,,,,,,,,,
,,orders.csv,,,755.0,,,,,,,,,121.0,4.0,2016-03-14,2016-03-15,2016-03-16,2.0,6.0,,,,,,,,,,
,,orders.csv,,,786.0,,,,,,,,,122.0,4.0,2016-03-14,2016-03-16,2016-03-15,2.0,6.0,,,,,,,,,,
,,orders.csv,,,766.0,,,,,,,,,123.0,4.0,2016-03-15,2016-03-18,2016-03-17,2.0,6.0,,,,,,,,,,
,,orders.csv,,,403.0,,,,,,,,,124.0,4.0,2016-03-16,2016-03-18,2016-03-17,1.0,3.0,,,,,,,,,,
,,orders.csv,,,685.0,,,,,,,,,125.0,4.0,2016-03-16,2016-03-19,2016-03-17,2.0,6.0,,,,,,,,,,
,,orders.csv,,,1365.0,,,,,,,,,126.0,4.0,2016-03-16,2016-03-18,2016-03-18,2.0,7.0,,,,,,,,,,
,,orders.csv,,,484.0,,,,,,,,,127.0,4.0,2016-03-17,2016-03-18,2016-03-19,3.0,8.0,,,,,,,,,,
,,orders.csv,,,86.0,,,,,,,,,128.0,4.0,2016-03-18,2016-03-20,2016-03-21,2.0,6.0,,,,,,,,,,
,,orders.csv,,,84.0,,,,,,,,,129.0,4.0,2016-03-19,2016-03-21,2016-03-21,2.0,7.0,,,,,,,,,,
,,orders.csv,,,1049.0,,,,,,,,,130.0,4.0,2016-03-19,2016-03-22,2016-03-20,2.0,6.0,,,,,,,,,,
,,orders.csv,,,316.0,,,,,,,,,131.0,4.0,2016-03-19,2016-03-22,2016-03-20,3.0,8.0,,,,,,,,,,
,,orders.csv,,,46.0,,,,,,,,,132.0,4.0,2016-03-20,2016-03-22,2016-03-23,1.0,3.0,,,,,,,,,,
,,orders.csv,,,409.0,,,,,,,,,133.0,4.0,2016-03-20,2016-03-22,2016-03-21,2.0,7.0,,,,,,,,,,
,,orders.csv,,,679.0,,,,,,,,,134.0,4.0,2016-03-20,2016-03-21,2016-03-21,2.0,7.0,,,,,,,,,,
,,orders.csv,,,1354.0,,,,,,,,,135.0,4.0,2016-03-21,2016-03-23,2016-03-23,2.0,7.0,,,,,,,,,,
,,orders.csv,,,1192.0,,,,,,,,,136.0,4.0,2016-03-21,2016-03-24,2016-03-23,3.0,8.0,,,,,,,,,,
,,orders.csv,,,370.0,,,,,,,,,137.0,4.0,2016-03-23,2016-03-26,2016-03-25,2.0,7.0,,,,,,,,,,
,,orders.csv,,,438.0,,,,,,,,,138.0,4.0,2016-03-23,2016-03-24,2016-03-25,2.0,7.0,,,,,,,,,,
,,orders.csv,,,710.0,,,,,,,,,139.0,4.0,2016-03-23,2016-03-24,2016-03-26,2.0,7.0,,,,,,,,,,
,,orders.csv,,,1264.0,,,,,,,,,140.0,4.0,2016-03-23,2016-03-26,2016-03-26,2.0,7.0,,,,,,,,,,
,,orders.csv,,,557.0,,,,,,,,,141.0,4.0,2016-03-25,2016-03-27,2016-03-26,2.0,7.0,,,,,,,,,,
,,orders.csv,,,170.0,,,,,,,,,142.0,4.0,2016-03-26,2016-03-27,2016-03-27,1.0,3.0,,,,,,,,,,
,,orders.csv,,,693.0,,,,,,,,,143.0,4.0,2016-03-26,2016-03-28,2016-03-28,2.0,7.0,,,,,,,,,,
,,orders.csv,,,1124.0,,,,,,,,,144.0,4.0,2016-03-26,2016-03-29,2016-03-29,2.0,7.0,,,,,,,,,,
,,orders.csv,,,366.0,,,,,,,,,145.0,4.0,2016-03-27,2016-03-29,2016-03-30,2.0,6.0,,,,,,,,,,
,,orders.csv,,,288.0,,,,,,,,,146.0,4.0,2016-03-28,2016-03-30,2016-03-30,1.0,3.0,,,,,,,,,,
,,orders.csv,,,55.0,,,,,,,,,147.0,4.0,2016-03-28,2016-03-31,2016-03-31,2.0,7.0,,,,,,,,,,
,,orders.csv,,,714.0,,,,,,,,,148.0,4.0,2016-03-28,2016-03-30,2016-03-30,2.0,6.0,,,,,,,,,,
,,orders.csv,,,763.0,,,,,,,,,149.0,4.0,2016-03-28,2016-03-30,2016-03-29,2.0,6.0,,,,,,,,,,
,,orders.csv,,,332.0,,,,,,,,,150.0,4.0,2016-03-29,2016-03-31,2016-04-01,1.0,2.0,,,,,,,,,,
,,orders.csv,,,926.0,,,,,,,,,151.0,4.0,2016-03-29,2016-04-01,2016-03-31,1.0,2.0,,,,,,,,,,
,,orders.csv,,,76.0,,,,,,,,,152.0,4.0,2016-03-29,2016-03-30,2016-03-30,2.0,6.0,,,,,,,,,,
,,orders.csv,,,498.0,,,,,,,,,153.0,4.0,2016-03-30,2016-04-02,2016-04-01,2.0,6.0,,,,,,,,,,
,,orders.csv,,,1286.0,,,,,,,,,154.0,4.0,2016-03-31,2016-04-01,2016-04-01,1.0,2.0,,,,,,,,,,
,,orders.csv,,,371.0,,,,,,,,,155.0,4.0,2016-04-02,2016-04-03,2016-04-04,2.0,6.0,,,,,,,,,,
,,orders.csv,,,357.0,,,,,,,,,156.0,4.0,2016-04-03,2016-04-06,2016-04-05,1.0,3.0,,,,,,,,,,
,,orders.csv,,,43.0,,,,,,,,,157.0,4.0,2016-04-03,2016-04-06,2016-04-06,3.0,8.0,,,,,,,,,,
,,orders.csv,,,117.0,,,,,,,,,158.0,3.0,2016-04-04,2016-04-04,,3.0,9.0,,,,,,,,,,
,,orders.csv,,,32.0,,,,,,,,,159.0,4.0,2016-04-04,2016-04-06,2016-04-06,1.0,2.0,,,,,,,,,,
,,orders.csv,,,205.0,,,,,,,,,160.0,4.0,2016-04-04,2016-04-06,2016-04-06,2.0,7.0,,,,,,,,,,
,,orders.csv,,,251.0,,,,,,,,,161.0,4.0,2016-04-04,2016-04-07,2016-04-05,2.0,7.0,,,,,,,,,,
,,orders.csv,,,31.0,,,,,,,,,162.0,4.0,2016-04-06,2016-04-08,2016-04-07,1.0,3.0,,,,,,,,,,
,,orders.csv,,,1325.0,,,,,,,,,163.0,4.0,2016-04-06,2016-04-07,2016-04-07,2.0,7.0,,,,,,,,,,
,,orders.csv,,,610.0,,,,,,,,,164.0,4.0,2016-04-07,2016-04-08,2016-04-09,2.0,7.0,,,,,,,,,,
,,orders.csv,,,574.0,,,,,,,,,165.0,4.0,2016-04-08,2016-04-10,2016-04-10,1.0,3.0,,,,,,,,,,
,,orders.csv,,,338.0,,,,,,,,,166.0,4.0,2016-04-08,2016-04-11,2016-04-11,2.0,6.0,,,,,,,,,,
,,orders.csv,,,1034.0,,,,,,,,,167.0,4.0,2016-04-08,2016-04-09,2016-04-11,2.0,7.0,,,,,,,,,,
,,orders.csv,,,1147.0,,,,,,,,,168.0,4.0,2016-04-09,2016-04-12,2016-04-11,1.0,3.0,,,,,,,,,,
,,orders.csv,,,99.0,,,,,,,,,169.0,4.0,2016-04-10,2016-04-11,2016-04-11,2.0,7.0,,,,,,,,,,
,,orders.csv,,,1200.0,,,,,,,,,170.0,4.0,2016-04-10,2016-04-11,2016-04-13,2.0,7.0,,,,,,,,,,
,,orders.csv,,,237.0,,,,,,,,,171.0,4.0,2016-04-11,2016-04-14,2016-04-14,1.0,3.0,,,,,,,,,,
,,orders.csv,,,1079.0,,,,,,,,,172.0,4.0,2016-04-11,2016-04-12,2016-04-14,2.0,7.0,,,,,,,,,,
,,orders.csv,,,117.0,,,,,,,,,173.0,4.0,2016-04-11,2016-04-14,2016-04-13,3.0,8.0,,,,,,,,,,
,,orders.csv,,,1361.0,,,,,,,,,174.0,4.0,2016-04-12,2016-04-13,2016-04-15,2.0,7.0,,,,,,,,,,
,,orders.csv,,,951.0,,,,,,,,,175.0,4.0,2016-04-13,2016-04-14,2016-04-14,2.0,6.0,,,,,,,,,,
,,orders.csv,,,643.0,,,,,,,,,176.0,4.0,2016-04-15,2016-04-16,2016-04-17,2.0,7.0,,,,,,,,,,
,,orders.csv,,,121.0,,,,,,,,,177.0,4.0,2016-04-16,2016-04-19,2016-04-19,1.0,2.0,,,,,,,,,,
,,orders.csv,,,756.0,,,,,,,,,178.0,4.0,2016-04-16,2016-04-17,2016-04-18,2.0,6.0,,,,,,,,,,
,,orders.csv,,,616.0,,,,,,,,,179.0,4.0,2016-04-17,2016-04-19,2016-04-19,2.0,6.0,,,,,,,,,,
,,orders.csv,,,918.0,,,,,,,,,180.0,4.0,2016-04-17,2016-04-20,2016-04-19,2.0,7.0,,,,,,,,,,
,,orders.csv,,,459.0,,,,,,,,,181.0,4.0,2016-04-18,2016-04-20,2016-04-20,1.0,3.0,,,,,,,,,,
,,orders.csv,,,854.0,,,,,,,,,182.0,4.0,2016-04-18,2016-04-19,2016-04-20,2.0,6.0,,,,,,,,,,
,,orders.csv,,,22.0,,,,,,,,,183.0,4.0,2016-04-19,2016-04-20,2016-04-20,2.0,7.0,,,,,,,,,,
,,orders.csv,,,134.0,,,,,,,,,184.0,4.0,2016-04-19,2016-04-21,2016-04-22,2.0,7.0,,,,,,,,,,
,,orders.csv,,,24.0,,,,,,,,,185.0,3.0,2016-04-20,2016-04-20,,1.0,2.0,,,,,,,,,,
,,orders.csv,,,1127.0,,,,,,,,,186.0,4.0,2016-04-21,2016-04-22,2016-04-24,2.0,6.0,,,,,,,,,,
,,orders.csv,,,183.0,,,,,,,,,187.0,4.0,2016-04-22,2016-04-23,2016-04-24,2.0,6.0,,,,,,,,,,
,,orders.csv,,,390.0,,,,,,,,,188.0,4.0,2016-04-22,2016-04-23,2016-04-25,2.0,6.0,,,,,,,,,,
,,orders.csv,,,1288.0,,,,,,,,,189.0,4.0,2016-04-23,2016-04-24,2016-04-26,1.0,2.0,,,,,,,,,,
,,orders.csv,,,98.0,,,,,,,,,190.0,4.0,2016-04-23,2016-04-25,2016-04-25,2.0,6.0,,,,,,,,,,
,,orders.csv,,,919.0,,,,,,,,,191.0,4.0,2016-04-27,2016-04-28,2016-04-28,1.0,2.0,,,,,,,,,,
,,orders.csv,,,728.0,,,,,,,,,192.0,4.0,2016-04-27,2016-04-28,2016-04-29,2.0,7.0,,,,,,,,,,
,,orders.csv,,,1366.0,,,,,,,,,193.0,4.0,2016-04-28,2016-04-30,2016-04-30,1.0,3.0,,,,,,,,,,
,,orders.csv,,,558.0,,,,,,,,,194.0,4.0,2016-04-28,2016-04-30,2016-05-01,2.0,7.0,,,,,,,,,,
,,orders.csv,,,727.0,,,,,,,,,195.0,4.0,2016-04-28,2016-05-01,2016-05-01,2.0,7.0,,,,,,,,,,
,,orders.csv,,,1247.0,,,,,,,,,196.0,4.0,2016-04-28,2016-04-30,2016-05-01,2.0,6.0,,,,,,,,,,
,,orders.csv,,,127.0,,,,,,,,,197.0,4.0,2016-04-30,2016-05-03,2016-05-03,2.0,7.0,,,,,,,,,,
,,orders.csv,,,640.0,,,,,,,,,198.0,4.0,2016-05-01,2016-05-04,2016-05-03,2.0,6.0,,,,,,,,,,
,,orders.csv,,,760.0,,,,,,,,,199.0,4.0,2016-05-01,2016-05-04,2016-05-04,2.0,7.0,,,,,,,,,,
,,orders.csv,,,1074.0,,,,,,,,,200.0,4.0,2016-05-01,2016-05-03,2016-05-03,2.0,6.0,,,,,,,,,,
,,orders.csv,,,280.0,,,,,,,,,201.0,4.0,2016-05-01,2016-05-04,2016-05-02,3.0,9.0,,,,,,,,,,
,,orders.csv,,,600.0,,,,,,,,,202.0,4.0,2016-05-03,2016-05-05,2016-05-04,1.0,2.0,,,,,,,,,,
,,orders.csv,,,1102.0,,,,,,,,,203.0,4.0,2016-05-03,2016-05-05,2016-05-06,3.0,9.0,,,,,,,,,,
,,orders.csv,,,591.0,,,,,,,,,204.0,4.0,2016-05-04,2016-05-07,2016-05-06,2.0,7.0,,,,,,,,,,
,,orders.csv,,,635.0,,,,,,,,,205.0,4.0,2016-05-04,2016-05-05,2016-05-06,2.0,6.0,,,,,,,,,,
,,orders.csv,,,743.0,,,,,,,,,206.0,4.0,2016-05-04,2016-05-06,2016-05-05,3.0,9.0,,,,,,,,,,
,,orders.csv,,,105.0,,,,,,,,,207.0,4.0,2016-05-05,2016-05-07,2016-05-07,2.0,7.0,,,,,,,,,,
,,orders.csv,,,815.0,,,,,,,,,208.0,4.0,2016-05-06,2016-05-07,2016-05-09,2.0,7.0,,,,,,,,,,
,,orders.csv,,,514.0,,,,,,,,,209.0,4.0,2016-05-07,2016-05-08,2016-05-08,2.0,6.0,,,,,,,,,,
,,orders.csv,,,943.0,,,,,,,,,210.0,4.0,2016-05-07,2016-05-08,2016-05-09,2.0,6.0,,,,,,,,,,
,,orders.csv,,,1140.0,,,,,,,,,211.0,4.0,2016-05-07,2016-05-09,2016-05-08,2.0,6.0,,,,,,,,,,
,,orders.csv,,,1373.0,,,,,,,,,212.0,4.0,2016-05-08,2016-05-09,2016-05-11,2.0,6.0,,,,,,,,,,
,,orders.csv,,,788.0,,,,,,,,,213.0,4.0,2016-05-08,2016-05-09,2016-05-09,3.0,8.0,,,,,,,,,,
,,orders.csv,,,363.0,,,,,,,,,214.0,4.0,2016-05-10,2016-05-12,2016-05-11,2.0,6.0,,,,,,,,,,
,,orders.csv,,,1420.0,,,,,,,,,215.0,4.0,2016-05-10,2016-05-13,2016-05-12,2.0,7.0,,,,,,,,,,
,,orders.csv,,,267.0,,,,,,,,,216.0,4.0,2016-05-11,2016-05-14,2016-05-13,1.0,3.0,,,,,,,,,,
,,orders.csv,,,716.0,,,,,,,,,217.0,4.0,2016-05-11,2016-05-12,2016-05-14,2.0,7.0,,,,,,,,,,
,,orders.csv,,,1179.0,,,,,,,,,218.0,4.0,2016-05-12,2016-05-14,2016-05-14,2.0,7.0,,,,,,,,,,
,,orders.csv,,,1338.0,,,,,,,,,219.0,4.0,2016-05-12,2016-05-15,2016-05-15,2.0,6.0,,,,,,,,,,
,,orders.csv,,,1358.0,,,,,,,,,220.0,4.0,2016-05-12,2016-05-14,2016-05-15,2.0,6.0,,,,,,,,,,
,,orders.csv,,,1218.0,,,,,,,,,221.0,4.0,2016-05-13,2016-05-16,2016-05-14,1.0,2.0,,,,,,,,,,
,,orders.csv,,,51.0,,,,,,,,,222.0,4.0,2016-05-13,2016-05-16,2016-05-14,2.0,6.0,,,,,,,,,,
,,orders.csv,,,1368.0,,,,,,,,,223.0,4.0,2016-05-15,2016-05-16,2016-05-17,2.0,7.0,,,,,,,,,,
,,orders.csv,,,157.0,,,,,,,,,224.0,4.0,2016-05-17,2016-05-18,2016-05-19,1.0,3.0,,,,,,,,,,
,,orders.csv,,,307.0,,,,,,,,,225.0,4.0,2016-05-17,2016-05-20,2016-05-19,1.0,3.0,,,,,,,,,,
,,orders.csv,,,501.0,,,,,,,,,226.0,4.0,2016-05-17,2016-05-19,2016-05-20,1.0,2.0,,,,,,,,,,
,,orders.csv,,,489.0,,,,,,,,,227.0,4.0,2016-05-17,2016-05-18,2016-05-20,2.0,7.0,,,,,,,,,,
,,orders.csv,,,615.0,,,,,,,,,228.0,4.0,2016-05-17,2016-05-20,2016-05-20,2.0,7.0,,,,,,,,,,
,,orders.csv,,,742.0,,,,,,,,,229.0,4.0,2016-05-19,2016-05-21,2016-05-20,2.0,6.0,,,,,,,,,,
,,orders.csv,,,1167.0,,,,,,,,,230.0,4.0,2016-05-19,2016-05-20,2016-05-21,2.0,6.0,,,,,,,,,,
,,orders.csv,,,1257.0,,,,,,,,,231.0,4.0,2016-05-19,2016-05-22,2016-05-21,2.0,6.0,,,,,,,,,,
,,orders.csv,,,1360.0,,,,,,,,,232.0,4.0,2016-05-20,2016-05-23,2016-05-23,1.0,3.0,,,,,,,,,,
,,orders.csv,,,737.0,,,,,,,,,233.0,4.0,2016-05-21,2016-05-22,2016-05-24,2.0,6.0,,,,,,,,,,
,,orders.csv,,,1435.0,,,,,,,,,234.0,4.0,2016-05-22,2016-05-24,2016-05-24,2.0,6.0,,,,,,,,,,
,,orders.csv,,,649.0,,,,,,,,,235.0,4.0,2016-05-24,2016-05-25,2016-05-25,2.0,6.0,,,,,,,,,,
,,orders.csv,,,206.0,,,,,,,,,236.0,4.0,2016-05-25,2016-05-27,2016-05-26,2.0,6.0,,,,,,,,,,
,,orders.csv,,,1351.0,,,,,,,,,237.0,4.0,2016-05-25,2016-05-26,2016-05-27,2.0,7.0,,,,,,,,,,
,,orders.csv,,,1350.0,,,,,,,,,238.0,4.0,2016-05-26,2016-05-29,2016-05-29,2.0,6.0,,,,,,,,,,
,,orders.csv,,,13.0,,,,,,,,,239.0,3.0,2016-05-27,2016-05-27,,3.0,9.0,,,,,,,,,,
,,orders.csv,,,65.0,,,,,,,,,240.0,4.0,2016-05-27,2016-05-29,2016-05-30,2.0,6.0,,,,,,,,,,
,,orders.csv,,,1082.0,,,,,,,,,241.0,4.0,2016-05-27,2016-05-29,2016-05-29,2.0,7.0,,,,,,,,,,
,,orders.csv,,,1168.0,,,,,,,,,242.0,4.0,2016-05-27,2016-05-30,2016-05-30,2.0,7.0,,,,,,,,,,
,,orders.csv,,,802.0,,,,,,,,,243.0,4.0,2016-05-27,2016-05-30,2016-05-28,3.0,8.0,,,,,,,,,,
,,orders.csv,,,956.0,,,,,,,,,244.0,4.0,2016-05-28,2016-05-29,2016-05-29,2.0,6.0,,,,,,,,,,
,,orders.csv,,,223.0,,,,,,,,,245.0,4.0,2016-05-29,2016-05-31,2016-05-30,2.0,7.0,,,,,,,,,,
,,orders.csv,,,17.0,,,,,,,,,246.0,3.0,2016-05-30,2016-05-30,,2.0,6.0,,,,,,,,,,
,,orders.csv,,,928.0,,,,,,,,,247.0,4.0,2016-05-30,2016-06-01,2016-06-01,1.0,3.0,,,,,,,,,,
,,orders.csv,,,1376.0,,,,,,,,,248.0,4.0,2016-05-30,2016-06-01,2016-05-31,2.0,7.0,,,,,,,,,,
,,orders.csv,,,145.0,,,,,,,,,249.0,4.0,2016-06-01,2016-06-04,2016-06-04,2.0,6.0,,,,,,,,,,
,,orders.csv,,,150.0,,,,,,,,,250.0,4.0,2016-06-01,2016-06-02,2016-06-04,2.0,7.0,,,,,,,,,,
,,orders.csv,,,851.0,,,,,,,,,251.0,4.0,2016-06-01,2016-06-04,2016-06-04,2.0,7.0,,,,,,,,,,
,,orders.csv,,,66.0,,,,,,,,,252.0,4.0,2016-06-01,2016-06-04,2016-06-02,3.0,8.0,,,,,,,,,,
,,orders.csv,,,1267.0,,,,,,,,,253.0,4.0,2016-06-02,2016-06-05,2016-06-05,2.0,6.0,,,,,,,,,,
,,orders.csv,,,510.0,,,,,,,,,254.0,4.0,2016-06-03,2016-06-06,2016-06-05,2.0,7.0,,,,,,,,,,
,,orders.csv,,,801.0,,,,,,,,,255.0,4.0,2016-06-03,2016-06-06,2016-06-05,2.0,7.0,,,,,,,,,,
,,orders.csv,,,26.0,,,,,,,,,256.0,4.0,2016-06-04,2016-06-05,2016-06-07,2.0,7.0,,,,,,,,,,
,,orders.csv,,,1314.0,,,,,,,,,257.0,4.0,2016-06-05,2016-06-06,2016-06-08,1.0,3.0,,,,,,,,,,
,,orders.csv,,,107.0,,,,,,,,,258.0,4.0,2016-06-06,2016-06-07,2016-06-07,2.0,7.0,,,,,,,,,,
,,orders.csv,,,413.0,,,,,,,,,259.0,4.0,2016-06-06,2016-06-09,2016-06-09,2.0,7.0,,,,,,,,,,
,,orders.csv,,,632.0,,,,,,,,,260.0,4.0,2016-06-06,2016-06-08,2016-06-08,2.0,6.0,,,,,,,,,,
,,orders.csv,,,1045.0,,,,,,,,,261.0,4.0,2016-06-08,2016-06-10,2016-06-09,1.0,2.0,,,,,,,,,,
,,orders.csv,,,579.0,,,,,,,,,262.0,4.0,2016-06-08,2016-06-11,2016-06-10,3.0,9.0,,,,,,,,,,
,,orders.csv,,,1322.0,,,,,,,,,263.0,4.0,2016-06-09,2016-06-10,2016-06-12,2.0,6.0,,,,,,,,,,
,,orders.csv,,,5.0,,,,,,,,,264.0,3.0,2016-06-10,2016-06-10,,1.0,3.0,,,,,,,,,,
,,orders.csv,,,682.0,,,,,,,,,265.0,4.0,2016-06-10,2016-06-12,2016-06-11,2.0,7.0,,,,,,,,,,
,,orders.csv,,,933.0,,,,,,,,,266.0,4.0,2016-06-10,2016-06-13,2016-06-13,2.0,7.0,,,,,,,,,,
,,orders.csv,,,282.0,,,,,,,,,267.0,4.0,2016-06-11,2016-06-14,2016-06-14,1.0,3.0,,,,,,,,,,
,,orders.csv,,,540.0,,,,,,,,,268.0,4.0,2016-06-11,2016-06-14,2016-06-12,1.0,3.0,,,,,,,,,,
,,orders.csv,,,764.0,,,,,,,,,269.0,4.0,2016-06-12,2016-06-13,2016-06-15,2.0,6.0,,,,,,,,,,
,,orders.csv,,,879.0,,,,,,,,,270.0,4.0,2016-06-12,2016-06-15,2016-06-13,2.0,7.0,,,,,,,,,,
,,orders.csv,,,350.0,,,,,,,,,271.0,4.0,2016-06-13,2016-06-16,2016-06-14,2.0,7.0,,,,,,,,,,
,,orders.csv,,,497.0,,,,,,,,,272.0,4.0,2016-06-15,2016-06-18,2016-06-16,2.0,7.0,,,,,,,,,,
,,orders.csv,,,1340.0,,,,,,,,,273.0,4.0,2016-06-16,2016-06-19,2016-06-17,2.0,7.0,,,,,,,,,,
,,orders.csv,,,411.0,,,,,,,,,274.0,4.0,2016-06-17,2016-06-20,2016-06-18,2.0,7.0,,,,,,,,,,
,,orders.csv,,,1341.0,,,,,,,,,275.0,4.0,2016-06-17,2016-06-19,2016-06-18,2.0,7.0,,,,,,,,,,
,,orders.csv,,,1227.0,,,,,,,,,276.0,4.0,2016-06-18,2016-06-19,2016-06-19,2.0,6.0,,,,,,,,,,
,,orders.csv,,,546.0,,,,,,,,,277.0,4.0,2016-06-19,2016-06-20,2016-06-20,2.0,7.0,,,,,,,,,,
,,orders.csv,,,1301.0,,,,,,,,,278.0,4.0,2016-06-20,2016-06-23,2016-06-21,1.0,3.0,,,,,,,,,,
,,orders.csv,,,378.0,,,,,,,,,279.0,4.0,2016-06-21,2016-06-22,2016-06-22,2.0,6.0,,,,,,,,,,
,,orders.csv,,,638.0,,,,,,,,,280.0,4.0,2016-06-21,2016-06-22,2016-06-23,2.0,7.0,,,,,,,,,,
,,orders.csv,,,800.0,,,,,,,,,281.0,4.0,2016-06-21,2016-06-22,2016-06-23,2.0,7.0,,,,,,,,,,
,,orders.csv,,,159.0,,,,,,,,,282.0,4.0,2016-06-22,2016-06-25,2016-06-25,3.0,9.0,,,,,,,,,,
,,orders.csv,,,181.0,,,,,,,,,283.0,4.0,2016-06-23,2016-06-26,2016-06-26,1.0,2.0,,,,,,,,,,
,,orders.csv,,,1356.0,,,,,,,,,284.0,4.0,2016-06-23,2016-06-25,2016-06-25,2.0,7.0,,,,,,,,,,
,,orders.csv,,,319.0,,,,,,,,,285.0,4.0,2016-06-25,2016-06-26,2016-06-27,1.0,2.0,,,,,,,,,,
,,orders.csv,,,59.0,,,,,,,,,286.0,4.0,2016-06-25,2016-06-26,2016-06-26,2.0,6.0,,,,,,,,,,
,,orders.csv,,,133.0,,,,,,,,,287.0,4.0,2016-06-25,2016-06-26,2016-06-27,2.0,6.0,,,,,,,,,,
,,orders.csv,,,780.0,,,,,,,,,288.0,4.0,2016-06-25,2016-06-28,2016-06-28,2.0,6.0,,,,,,,,,,
,,orders.csv,,,849.0,,,,,,,,,289.0,4.0,2016-06-27,2016-06-28,2016-06-30,2.0,6.0,,,,,,,,,,
,,orders.csv,,,202.0,,,,,,,,,290.0,4.0,2016-06-28,2016-06-29,2016-06-30,2.0,6.0,,,,,,,,,,
,,orders.csv,,,158.0,,,,,,,,,291.0,4.0,2016-06-29,2016-06-30,2016-07-01,2.0,6.0,,,,,,,,,,
,,orders.csv,,,360.0,,,,,,,,,292.0,4.0,2016-06-29,2016-06-30,2016-07-02,3.0,9.0,,,,,,,,,,
,,orders.csv,,,573.0,,,,,,,,,293.0,4.0,2016-06-30,2016-07-03,2016-07-02,2.0,7.0,,,,,,,,,,
,,orders.csv,,,732.0,,,,,,,,,294.0,4.0,2016-07-01,2016-07-02,2016-07-02,2.0,7.0,,,,,,,,,,
,,orders.csv,,,1130.0,,,,,,,,,295.0,4.0,2016-07-01,2016-07-04,2016-07-04,2.0,7.0,,,,,,,,,,
,,orders.csv,,,1245.0,,,,,,,,,296.0,4.0,2016-07-04,2016-07-07,2016-07-06,2.0,6.0,,,,,,,,,,
,,orders.csv,,,1425.0,,,,,,,,,297.0,4.0,2016-07-04,2016-07-05,2016-07-06,2.0,7.0,,,,,,,,,,
,,orders.csv,,,885.0,,,,,,,,,298.0,4.0,2016-07-04,2016-07-07,2016-07-07,3.0,9.0,,,,,,,,,,
,,orders.csv,,,281.0,,,,,,,,,299.0,4.0,2016-07-05,2016-07-06,2016-07-07,2.0,6.0,,,,,,,,,,
,,orders.csv,,,1205.0,,,,,,,,,300.0,4.0,2016-07-05,2016-07-08,2016-07-08,2.0,6.0,,,,,,,,,,
,,orders.csv,,,17.0,,,,,,,,,301.0,4.0,2016-07-06,2016-07-09,2016-07-08,2.0,6.0,,,,,,,,,,
,,orders.csv,,,1375.0,,,,,,,,,302.0,4.0,2016-07-06,2016-07-07,2016-07-09,2.0,6.0,,,,,,,,,,
,,orders.csv,,,36.0,,,,,,,,,303.0,4.0,2016-07-07,2016-07-08,2016-07-09,2.0,7.0,,,,,,,,,,
,,orders.csv,,,230.0,,,,,,,,,304.0,4.0,2016-07-07,2016-07-08,2016-07-08,2.0,6.0,,,,,,,,,,
,,orders.csv,,,705.0,,,,,,,,,305.0,4.0,2016-07-07,2016-07-08,2016-07-08,2.0,7.0,,,,,,,,,,
,,orders.csv,,,424.0,,,,,,,,,306.0,4.0,2016-07-09,2016-07-10,2016-07-12,2.0,7.0,,,,,,,,,,
,,orders.csv,,,695.0,,,,,,,,,307.0,4.0,2016-07-09,2016-07-11,2016-07-11,2.0,6.0,,,,,,,,,,
,,orders.csv,,,156.0,,,,,,,,,308.0,4.0,2016-07-11,2016-07-12,2016-07-14,2.0,6.0,,,,,,,,,,
,,orders.csv,,,211.0,,,,,,,,,309.0,4.0,2016-07-11,2016-07-13,2016-07-13,2.0,6.0,,,,,,,,,,
,,orders.csv,,,627.0,,,,,,,,,310.0,4.0,2016-07-12,2016-07-13,2016-07-13,1.0,2.0,,,,,,,,,,
,,orders.csv,,,1400.0,,,,,,,,,311.0,4.0,2016-07-12,2016-07-14,2016-07-13,2.0,6.0,,,,,,,,,,
,,orders.csv,,,299.0,,,,,,,,,312.0,4.0,2016-07-13,2016-07-15,2016-07-16,2.0,6.0,,,,,,,,,,
,,orders.csv,,,565.0,,,,,,,,,313.0,4.0,2016-07-14,2016-07-15,2016-07-15,3.0,9.0,,,,,,,,,,
,,orders.csv,,,1019.0,,,,,,,,,314.0,4.0,2016-07-15,2016-07-17,2016-07-17,2.0,7.0,,,,,,,,,,
,,orders.csv,,,1263.0,,,,,,,,,315.0,4.0,2016-07-16,2016-07-19,2016-07-17,2.0,6.0,,,,,,,,,,
,,orders.csv,,,670.0,,,,,,,,,316.0,4.0,2016-07-17,2016-07-20,2016-07-19,2.0,7.0,,,,,,,,,,
,,orders.csv,,,795.0,,,,,,,,,317.0,4.0,2016-07-17,2016-07-20,2016-07-19,2.0,7.0,,,,,,,,,,
,,orders.csv,,,1141.0,,,,,,,,,318.0,4.0,2016-07-17,2016-07-19,2016-07-20,2.0,7.0,,,,,,,,,,
,,orders.csv,,,941.0,,,,,,,,,319.0,4.0,2016-07-18,2016-07-21,2016-07-21,2.0,6.0,,,,,,,,,,
,,orders.csv,,,1428.0,,,,,,,,,320.0,4.0,2016-07-19,2016-07-20,2016-07-21,1.0,2.0,,,,,,,,,,
,,orders.csv,,,568.0,,,,,,,,,321.0,4.0,2016-07-19,2016-07-22,2016-07-21,2.0,6.0,,,,,,,,,,
,,orders.csv,,,924.0,,,,,,,,,322.0,4.0,2016-07-19,2016-07-22,2016-07-20,2.0,6.0,,,,,,,,,,
,,orders.csv,,,1243.0,,,,,,,,,323.0,4.0,2016-07-19,2016-07-22,2016-07-21,2.0,6.0,,,,,,,,,,
,,orders.csv,,,480.0,,,,,,,,,324.0,4.0,2016-07-20,2016-07-22,2016-07-23,2.0,6.0,,,,,,,,,,
,,orders.csv,,,848.0,,,,,,,,,325.0,4.0,2016-07-20,2016-07-21,2016-07-21,2.0,6.0,,,,,,,,,,
,,orders.csv,,,1337.0,,,,,,,,,326.0,4.0,2016-07-20,2016-07-21,2016-07-22,3.0,9.0,,,,,,,,,,
,,orders.csv,,,83.0,,,,,,,,,327.0,4.0,2016-07-21,2016-07-24,2016-07-22,2.0,6.0,,,,,,,,,,
,,orders.csv,,,528.0,,,,,,,,,328.0,4.0,2016-07-23,2016-07-26,2016-07-25,2.0,6.0,,,,,,,,,,
,,orders.csv,,,274.0,,,,,,,,,329.0,4.0,2016-07-24,2016-07-27,2016-07-26,2.0,6.0,,,,,,,,,,
,,orders.csv,,,622.0,,,,,,,,,330.0,4.0,2016-07-24,2016-07-27,2016-07-27,2.0,6.0,,,,,,,,,,
,,orders.csv,,,642.0,,,,,,,,,331.0,4.0,2016-07-24,2016-07-26,2016-07-25,2.0,6.0,,,,,,,,,,
,,orders.csv,,,659.0,,,,,,,,,332.0,4.0,2016-07-24,2016-07-26,2016-07-26,2.0,7.0,,,,,,,,,,
,,orders.csv,,,779.0,,,,,,,,,333.0,4.0,2016-07-25,2016-07-27,2016-07-26,2.0,6.0,,,,,,,,,,
,,orders.csv,,,1112.0,,,,,,,,,334.0,4.0,2016-07-25,2016-07-28,2016-07-27,2.0,7.0,,,,,,,,,,
,,orders.csv,,,1193.0,,,,,,,,,335.0,4.0,2016-07-25,2016-07-27,2016-07-26,2.0,6.0,,,,,,,,,,
,,orders.csv,,,1030.0,,,,,,,,,336.0,4.0,2016-07-26,2016-07-29,2016-07-27,2.0,7.0,,,,,,,,,,
,,orders.csv,,,1252.0,,,,,,,,,337.0,4.0,2016-07-26,2016-07-27,2016-07-28,2.0,7.0,,,,,,,,,,
,,orders.csv,,,1333.0,,,,,,,,,338.0,4.0,2016-07-28,2016-07-29,2016-07-30,1.0,3.0,,,,,,,,,,
,,orders.csv,,,1110.0,,,,,,,,,339.0,4.0,2016-07-28,2016-07-31,2016-07-29,2.0,7.0,,,,,,,,,,
,,orders.csv,,,963.0,,,,,,,,,340.0,4.0,2016-07-29,2016-07-30,2016-07-31,2.0,7.0,,,,,,,,,,
,,orders.csv,,,1357.0,,,,,,,,,341.0,4.0,2016-07-31,2016-08-03,2016-08-01,1.0,3.0,,,,,,,,,,
,,orders.csv,,,806.0,,,,,,,,,342.0,4.0,2016-07-31,2016-08-01,2016-08-03,2.0,7.0,,,,,,,,,,
,,orders.csv,,,961.0,,,,,,,,,343.0,4.0,2016-07-31,2016-08-02,2016-08-01,2.0,7.0,,,,,,,,,,
,,orders.csv,,,750.0,,,,,,,,,344.0,4.0,2016-08-01,2016-08-03,2016-08-02,2.0,6.0,,,,,,,,,,
,,orders.csv,,,1299.0,,,,,,,,,345.0,4.0,2016-08-01,2016-08-04,2016-08-03,2.0,6.0,,,,,,,,,,
,,orders.csv,,,584.0,,,,,,,,,346.0,4.0,2016-08-01,2016-08-03,2016-08-02,3.0,9.0,,,,,,,,,,
,,orders.csv,,,1004.0,,,,,,,,,347.0,4.0,2016-08-02,2016-08-03,2016-08-05,2.0,6.0,,,,,,,,,,
,,orders.csv,,,907.0,,,,,,,,,348.0,4.0,2016-08-02,2016-08-05,2016-08-04,3.0,9.0,,,,,,,,,,
,,orders.csv,,,30.0,,,,,,,,,349.0,3.0,2016-08-03,2016-08-03,,1.0,3.0,,,,,,,,,,
,,orders.csv,,,31.0,,,,,,,,,350.0,3.0,2016-08-03,2016-08-03,,1.0,3.0,,,,,,,,,,
,,orders.csv,,,1307.0,,,,,,,,,351.0,4.0,2016-08-03,2016-08-06,2016-08-04,1.0,2.0,,,,,,,,,,
,,orders.csv,,,16.0,,,,,,,,,352.0,4.0,2016-08-03,2016-08-04,2016-08-06,2.0,7.0,,,,,,,,,,
,,orders.csv,,,1387.0,,,,,,,,,353.0,4.0,2016-08-03,2016-08-06,2016-08-06,2.0,7.0,,,,,,,,,,
,,orders.csv,,,551.0,,,,,,,,,354.0,4.0,2016-08-03,2016-08-05,2016-08-06,3.0,8.0,,,,,,,,,,
,,orders.csv,,,1011.0,,,,,,,,,355.0,4.0,2016-08-03,2016-08-05,2016-08-05,3.0,8.0,,,,,,,,,,
,,orders.csv,,,1189.0,,,,,,,,,356.0,4.0,2016-08-04,2016-08-07,2016-08-06,2.0,6.0,,,,,,,,,,
,,orders.csv,,,14.0,,,,,,,,,357.0,3.0,2016-08-05,2016-08-05,,3.0,8.0,,,,,,,,,,
,,orders.csv,,,1042.0,,,,,,,,,358.0,4.0,2016-08-05,2016-08-07,2016-08-07,2.0,7.0,,,,,,,,,,
,,orders.csv,,,441.0,,,,,,,,,359.0,4.0,2016-08-07,2016-08-10,2016-08-10,2.0,7.0,,,,,,,,,,
,,orders.csv,,,1300.0,,,,,,,,,360.0,4.0,2016-08-07,2016-08-09,2016-08-10,2.0,6.0,,,,,,,,,,
,,orders.csv,,,994.0,,,,,,,,,361.0,4.0,2016-08-08,2016-08-09,2016-08-11,2.0,6.0,,,,,,,,,,
,,orders.csv,,,187.0,,,,,,,,,362.0,4.0,2016-08-09,2016-08-11,2016-08-11,1.0,2.0,,,,,,,,,,
,,orders.csv,,,834.0,,,,,,,,,363.0,4.0,2016-08-11,2016-08-12,2016-08-13,3.0,8.0,,,,,,,,,,
,,orders.csv,,,373.0,,,,,,,,,364.0,4.0,2016-08-12,2016-08-14,2016-08-13,2.0,6.0,,,,,,,,,,
,,orders.csv,,,981.0,,,,,,,,,365.0,4.0,2016-08-13,2016-08-14,2016-08-15,2.0,6.0,,,,,,,,,,
,,orders.csv,,,1054.0,,,,,,,,,366.0,4.0,2016-08-13,2016-08-14,2016-08-14,3.0,9.0,,,,,,,,,,
,,orders.csv,,,527.0,,,,,,,,,367.0,4.0,2016-08-14,2016-08-15,2016-08-15,2.0,7.0,,,,,,,,,,
,,orders.csv,,,995.0,,,,,,,,,368.0,4.0,2016-08-14,2016-08-15,2016-08-17,2.0,7.0,,,,,,,,,,
,,orders.csv,,,1285.0,,,,,,,,,369.0,4.0,2016-08-15,2016-08-18,2016-08-18,1.0,3.0,,,,,,,,,,
,,orders.csv,,,758.0,,,,,,,,,370.0,4.0,2016-08-15,2016-08-18,2016-08-18,2.0,7.0,,,,,,,,,,
,,orders.csv,,,891.0,,,,,,,,,371.0,4.0,2016-08-15,2016-08-16,2016-08-18,2.0,7.0,,,,,,,,,,
,,orders.csv,,,132.0,,,,,,,,,372.0,4.0,2016-08-16,2016-08-18,2016-08-18,2.0,6.0,,,,,,,,,,
,,orders.csv,,,337.0,,,,,,,,,373.0,4.0,2016-08-16,2016-08-19,2016-08-17,2.0,7.0,,,,,,,,,,
,,orders.csv,,,1313.0,,,,,,,,,374.0,4.0,2016-08-17,2016-08-19,2016-08-18,1.0,2.0,,,,,,,,,,
,,orders.csv,,,536.0,,,,,,,,,375.0,4.0,2016-08-17,2016-08-20,2016-08-20,2.0,7.0,,,,,,,,,,
,,orders.csv,,,825.0,,,,,,,,,376.0,4.0,2016-08-17,2016-08-19,2016-08-18,2.0,6.0,,,,,,,,,,
,,orders.csv,,,1355.0,,,,,,,,,377.0,4.0,2016-08-17,2016-08-19,2016-08-20,2.0,6.0,,,,,,,,,,
,,orders.csv,,,475.0,,,,,,,,,378.0,4.0,2016-08-17,2016-08-20,2016-08-20,3.0,9.0,,,,,,,,,,
,,orders.csv,,,954.0,,,,,,,,,379.0,4.0,2016-08-18,2016-08-21,2016-08-21,2.0,7.0,,,,,,,,,,
,,orders.csv,,,1156.0,,,,,,,,,380.0,4.0,2016-08-19,2016-08-20,2016-08-21,2.0,7.0,,,,,,,,,,
,,orders.csv,,,1297.0,,,,,,,,,381.0,4.0,2016-08-19,2016-08-21,2016-08-21,2.0,7.0,,,,,,,,,,
,,orders.csv,,,199.0,,,,,,,,,382.0,4.0,2016-08-20,2016-08-23,2016-08-23,2.0,6.0,,,,,,,,,,
,,orders.csv,,,331.0,,,,,,,,,383.0,4.0,2016-08-20,2016-08-23,2016-08-22,2.0,7.0,,,,,,,,,,
,,orders.csv,,,410.0,,,,,,,,,384.0,4.0,2016-08-20,2016-08-22,2016-08-23,2.0,7.0,,,,,,,,,,
,,orders.csv,,,1274.0,,,,,,,,,385.0,4.0,2016-08-20,2016-08-23,2016-08-22,2.0,7.0,,,,,,,,,,
,,orders.csv,,,1362.0,,,,,,,,,386.0,4.0,2016-08-20,2016-08-23,2016-08-23,2.0,6.0,,,,,,,,,,
,,orders.csv,,,451.0,,,,,,,,,387.0,4.0,2016-08-20,2016-08-21,2016-08-21,3.0,8.0,,,,,,,,,,
,,orders.csv,,,1080.0,,,,,,,,,388.0,4.0,2016-08-21,2016-08-24,2016-08-23,3.0,8.0,,,,,,,,,,
,,orders.csv,,,53.0,,,,,,,,,389.0,4.0,2016-08-22,2016-08-24,2016-08-25,1.0,3.0,,,,,,,,,,
,,orders.csv,,,576.0,,,,,,,,,390.0,4.0,2016-08-22,2016-08-24,2016-08-25,3.0,9.0,,,,,,,,,,
,,orders.csv,,,61.0,,,,,,,,,391.0,3.0,2016-08-23,2016-08-23,,3.0,9.0,,,,,,,,,,
,,orders.csv,,,176.0,,,,,,,,,392.0,4.0,2016-08-23,2016-08-26,2016-08-24,1.0,3.0,,,,,,,,,,
,,orders.csv,,,368.0,,,,,,,,,393.0,4.0,2016-08-25,2016-08-26,2016-08-27,2.0,6.0,,,,,,,,,,
,,orders.csv,,,522.0,,,,,,,,,394.0,4.0,2016-08-26,2016-08-28,2016-08-29,1.0,3.0,,,,,,,,,,
,,orders.csv,,,144.0,,,,,,,,,395.0,4.0,2016-08-26,2016-08-27,2016-08-29,2.0,6.0,,,,,,,,,,
,,orders.csv,,,542.0,,,,,,,,,396.0,4.0,2016-08-27,2016-08-30,2016-08-29,2.0,6.0,,,,,,,,,,
,,orders.csv,,,1437.0,,,,,,,,,397.0,4.0,2016-08-28,2016-08-31,2016-08-29,2.0,7.0,,,,,,,,,,
,,orders.csv,,,447.0,,,,,,,,,398.0,4.0,2016-08-29,2016-08-30,2016-09-01,1.0,2.0,,,,,,,,,,
,,orders.csv,,,1001.0,,,,,,,,,399.0,4.0,2016-08-29,2016-09-01,2016-09-01,2.0,7.0,,,,,,,,,,
,,orders.csv,,,1295.0,,,,,,,,,400.0,4.0,2016-08-29,2016-08-30,2016-08-31,2.0,6.0,,,,,,,,,,
,,orders.csv,,,103.0,,,,,,,,,401.0,4.0,2016-08-30,2016-09-02,2016-09-01,2.0,6.0,,,,,,,,,,
,,orders.csv,,,1335.0,,,,,,,,,402.0,4.0,2016-08-30,2016-09-01,2016-08-31,2.0,6.0,,,,,,,,,,
,,orders.csv,,,578.0,,,,,,,,,403.0,4.0,2016-08-31,2016-09-01,2016-09-02,1.0,3.0,,,,,,,,,,
,,orders.csv,,,396.0,,,,,,,,,404.0,4.0,2016-08-31,2016-09-03,2016-09-01,2.0,7.0,,,,,,,,,,
,,orders.csv,,,603.0,,,,,,,,,405.0,4.0,2016-08-31,2016-09-01,2016-09-01,2.0,6.0,,,,,,,,,,
,,orders.csv,,,1380.0,,,,,,,,,406.0,4.0,2016-08-31,2016-09-02,2016-09-01,2.0,7.0,,,,,,,,,,
,,orders.csv,,,77.0,,,,,,,,,407.0,3.0,2016-09-01,2016-09-01,,3.0,8.0,,,,,,,,,,
,,orders.csv,,,1071.0,,,,,,,,,408.0,4.0,2016-09-01,2016-09-02,2016-09-02,1.0,2.0,,,,,,,,,,
,,orders.csv,,,416.0,,,,,,,,,409.0,4.0,2016-09-01,2016-09-04,2016-09-04,2.0,7.0,,,,,,,,,,
,,orders.csv,,,1151.0,,,,,,,,,410.0,4.0,2016-09-01,2016-09-03,2016-09-02,2.0,6.0,,,,,,,,,,
,,orders.csv,,,261.0,,,,,,,,,411.0,4.0,2016-09-02,2016-09-04,2016-09-04,1.0,3.0,,,,,,,,,,
,,orders.csv,,,1202.0,,,,,,,,,412.0,4.0,2016-09-02,2016-09-04,2016-09-04,1.0,3.0,,,,,,,,,,
,,orders.csv,,,717.0,,,,,,,,,413.0,4.0,2016-09-02,2016-09-05,2016-09-03,2.0,6.0,,,,,,,,,,
,,orders.csv,,,917.0,,,,,,,,,414.0,4.0,2016-09-03,2016-09-06,2016-09-06,2.0,7.0,,,,,,,,,,
,,orders.csv,,,1265.0,,,,,,,,,415.0,4.0,2016-09-03,2016-09-06,2016-09-06,2.0,7.0,,,,,,,,,,
,,orders.csv,,,1377.0,,,,,,,,,416.0,4.0,2016-09-03,2016-09-04,2016-09-06,2.0,7.0,,,,,,,,,,
,,orders.csv,,,359.0,,,,,,,,,417.0,4.0,2016-09-04,2016-09-05,2016-09-06,1.0,3.0,,,,,,,,,,
,,orders.csv,,,88.0,,,,,,,,,418.0,4.0,2016-09-04,2016-09-05,2016-09-05,2.0,6.0,,,,,,,,,,
,,orders.csv,,,14.0,,,,,,,,,419.0,4.0,2016-09-04,2016-09-07,2016-09-06,3.0,8.0,,,,,,,,,,
,,orders.csv,,,72.0,,,,,,,,,420.0,4.0,2016-09-05,2016-09-06,2016-09-07,1.0,3.0,,,,,,,,,,
,,orders.csv,,,240.0,,,,,,,,,421.0,4.0,2016-09-05,2016-09-06,2016-09-08,1.0,3.0,,,,,,,,,,
,,orders.csv,,,398.0,,,,,,,,,422.0,4.0,2016-09-06,2016-09-07,2016-09-09,2.0,6.0,,,,,,,,,,
,,orders.csv,,,1397.0,,,,,,,,,423.0,4.0,2016-09-06,2016-09-09,2016-09-09,2.0,7.0,,,,,,,,,,
,,orders.csv,,,67.0,,,,,,,,,424.0,4.0,2016-09-08,2016-09-11,2016-09-11,1.0,3.0,,,,,,,,,,
,,orders.csv,,,843.0,,,,,,,,,425.0,4.0,2016-09-08,2016-09-11,2016-09-11,2.0,6.0,,,,,,,,,,
,,orders.csv,,,944.0,,,,,,,,,426.0,4.0,2016-09-08,2016-09-10,2016-09-10,2.0,6.0,,,,,,,,,,
,,orders.csv,,,434.0,,,,,,,,,427.0,4.0,2016-09-09,2016-09-10,2016-09-11,1.0,2.0,,,,,,,,,,
,,orders.csv,,,1039.0,,,,,,,,,428.0,4.0,2016-09-09,2016-09-12,2016-09-10,2.0,6.0,,,,,,,,,,
,,orders.csv,,,153.0,,,,,,,,,429.0,4.0,2016-09-10,2016-09-12,2016-09-12,3.0,8.0,,,,,,,,,,
,,orders.csv,,,272.0,,,,,,,,,430.0,4.0,2016-09-11,2016-09-13,2016-09-12,2.0,6.0,,,,,,,,,,
,,orders.csv,,,1217.0,,,,,,,,,431.0,4.0,2016-09-11,2016-09-12,2016-09-12,2.0,6.0,,,,,,,,,,
,,orders.csv,,,169.0,,,,,,,,,432.0,4.0,2016-09-12,2016-09-15,2016-09-14,1.0,2.0,,,,,,,,,,
,,orders.csv,,,1062.0,,,,,,,,,433.0,4.0,2016-09-12,2016-09-15,2016-09-13,2.0,6.0,,,,,,,,,,
,,orders.csv,,,726.0,,,,,,,,,434.0,4.0,2016-09-13,2016-09-15,2016-09-14,2.0,6.0,,,,,,,,,,
,,orders.csv,,,77.0,,,,,,,,,435.0,4.0,2016-09-14,2016-09-15,2016-09-16,3.0,9.0,,,,,,,,,,
,,orders.csv,,,791.0,,,,,,,,,436.0,4.0,2016-09-16,2016-09-19,2016-09-19,2.0,7.0,,,,,,,,,,
,,orders.csv,,,1085.0,,,,,,,,,437.0,4.0,2016-09-16,2016-09-18,2016-09-18,2.0,7.0,,,,,,,,,,
,,orders.csv,,,314.0,,,,,,,,,438.0,4.0,2016-09-16,2016-09-19,2016-09-18,3.0,8.0,,,,,,,,,,
,,orders.csv,,,149.0,,,,,,,,,439.0,4.0,2016-09-17,2016-09-20,2016-09-18,2.0,6.0,,,,,,,,,,
,,orders.csv,,,882.0,,,,,,,,,440.0,4.0,2016-09-17,2016-09-18,2016-09-19,2.0,7.0,,,,,,,,,,
,,orders.csv,,,704.0,,,,,,,,,441.0,4.0,2016-09-18,2016-09-19,2016-09-19,1.0,2.0,,,,,,,,,,
,,orders.csv,,,667.0,,,,,,,,,442.0,4.0,2016-09-18,2016-09-21,2016-09-21,2.0,7.0,,,,,,,,,,
,,orders.csv,,,1371.0,,,,,,,,,443.0,4.0,2016-09-18,2016-09-19,2016-09-20,2.0,6.0,,,,,,,,,,
,,orders.csv,,,30.0,,,,,,,,,444.0,4.0,2016-09-19,2016-09-20,2016-09-21,1.0,2.0,,,,,,,,,,
,,orders.csv,,,362.0,,,,,,,,,445.0,4.0,2016-09-19,2016-09-22,2016-09-22,2.0,6.0,,,,,,,,,,
,,orders.csv,,,399.0,,,,,,,,,446.0,4.0,2016-09-19,2016-09-21,2016-09-20,2.0,7.0,,,,,,,,,,
,,orders.csv,,,808.0,,,,,,,,,447.0,4.0,2016-09-20,2016-09-23,2016-09-22,3.0,8.0,,,,,,,,,,
,,orders.csv,,,101.0,,,,,,,,,448.0,4.0,2016-09-21,2016-09-22,2016-09-24,2.0,6.0,,,,,,,,,,
,,orders.csv,,,492.0,,,,,,,,,449.0,4.0,2016-09-21,2016-09-24,2016-09-22,2.0,7.0,,,,,,,,,,
,,orders.csv,,,575.0,,,,,,,,,450.0,4.0,2016-09-21,2016-09-24,2016-09-23,2.0,7.0,,,,,,,,,,
,,orders.csv,,,1146.0,,,,,,,,,451.0,4.0,2016-09-21,2016-09-23,2016-09-22,2.0,7.0,,,,,,,,,,
,,orders.csv,,,997.0,,,,,,,,,452.0,4.0,2016-09-22,2016-09-23,2016-09-24,2.0,7.0,,,,,,,,,,
,,orders.csv,,,1028.0,,,,,,,,,453.0,4.0,2016-09-22,2016-09-24,2016-09-25,2.0,7.0,,,,,,,,,,
,,orders.csv,,,988.0,,,,,,,,,454.0,4.0,2016-09-23,2016-09-25,2016-09-26,2.0,6.0,,,,,,,,,,
,,orders.csv,,,1055.0,,,,,,,,,455.0,4.0,2016-09-23,2016-09-24,2016-09-24,2.0,7.0,,,,,,,,,,
,,orders.csv,,,1061.0,,,,,,,,,456.0,4.0,2016-09-23,2016-09-26,2016-09-25,3.0,9.0,,,,,,,,,,
,,orders.csv,,,1349.0,,,,,,,,,457.0,4.0,2016-09-24,2016-09-27,2016-09-27,1.0,3.0,,,,,,,,,,
,,orders.csv,,,197.0,,,,,,,,,458.0,4.0,2016-09-25,2016-09-28,2016-09-26,2.0,6.0,,,,,,,,,,
,,orders.csv,,,874.0,,,,,,,,,459.0,4.0,2016-09-25,2016-09-28,2016-09-26,2.0,6.0,,,,,,,,,,
,,orders.csv,,,691.0,,,,,,,,,460.0,4.0,2016-09-25,2016-09-27,2016-09-26,3.0,8.0,,,,,,,,,,
,,orders.csv,,,853.0,,,,,,,,,461.0,4.0,2016-09-26,2016-09-27,2016-09-27,2.0,7.0,,,,,,,,,,
,,orders.csv,,,852.0,,,,,,,,,462.0,4.0,2016-09-27,2016-09-28,2016-09-29,2.0,6.0,,,,,,,,,,
,,orders.csv,,,964.0,,,,,,,,,463.0,4.0,2016-09-27,2016-09-28,2016-09-28,3.0,8.0,,,,,,,,,,
,,orders.csv,,,74.0,,,,,,,,,464.0,4.0,2016-09-28,2016-09-30,2016-09-29,2.0,7.0,,,,,,,,,,
,,orders.csv,,,1198.0,,,,,,,,,465.0,4.0,2016-09-28,2016-10-01,2016-10-01,2.0,6.0,,,,,,,,,,
,,orders.csv,,,1440.0,,,,,,,,,466.0,4.0,2016-09-28,2016-09-29,2016-10-01,2.0,7.0,,,,,,,,,,
,,orders.csv,,,555.0,,,,,,,,,467.0,4.0,2016-09-28,2016-09-30,2016-09-30,3.0,8.0,,,,,,,,,,
,,orders.csv,,,1261.0,,,,,,,,,468.0,4.0,2016-09-29,2016-10-02,2016-09-30,1.0,3.0,,,,,,,,,,
,,orders.csv,,,1089.0,,,,,,,,,469.0,4.0,2016-09-29,2016-10-02,2016-10-02,2.0,7.0,,,,,,,,,,
,,orders.csv,,,641.0,,,,,,,,,470.0,4.0,2016-09-30,2016-10-02,2016-10-02,1.0,3.0,,,,,,,,,,
,,orders.csv,,,697.0,,,,,,,,,471.0,4.0,2016-09-30,2016-10-02,2016-10-01,1.0,3.0,,,,,,,,,,
,,orders.csv,,,468.0,,,,,,,,,472.0,4.0,2016-09-30,2016-10-01,2016-10-01,2.0,7.0,,,,,,,,,,
,,orders.csv,,,549.0,,,,,,,,,473.0,4.0,2016-09-30,2016-10-02,2016-10-03,2.0,7.0,,,,,,,,,,
,,orders.csv,,,553.0,,,,,,,,,474.0,4.0,2016-10-01,2016-10-04,2016-10-04,1.0,3.0,,,,,,,,,,
,,orders.csv,,,241.0,,,,,,,,,475.0,4.0,2016-10-01,2016-10-04,2016-10-03,2.0,7.0,,,,,,,,,,
,,orders.csv,,,559.0,,,,,,,,,476.0,4.0,2016-10-01,2016-10-04,2016-10-02,2.0,6.0,,,,,,,,,,
,,orders.csv,,,449.0,,,,,,,,,477.0,4.0,2016-10-02,2016-10-05,2016-10-04,1.0,2.0,,,,,,,,,,
,,orders.csv,,,304.0,,,,,,,,,478.0,4.0,2016-10-02,2016-10-05,2016-10-03,2.0,7.0,,,,,,,,,,
,,orders.csv,,,984.0,,,,,,,,,479.0,4.0,2016-10-03,2016-10-04,2016-10-04,2.0,6.0,,,,,,,,,,
,,orders.csv,,,686.0,,,,,,,,,480.0,4.0,2016-10-04,2016-10-07,2016-10-05,1.0,3.0,,,,,,,,,,
,,orders.csv,,,481.0,,,,,,,,,481.0,4.0,2016-10-04,2016-10-07,2016-10-06,3.0,9.0,,,,,,,,,,
,,orders.csv,,,513.0,,,,,,,,,482.0,4.0,2016-10-05,2016-10-06,2016-10-06,2.0,6.0,,,,,,,,,,
,,orders.csv,,,703.0,,,,,,,,,483.0,4.0,2016-10-06,2016-10-07,2016-10-09,1.0,2.0,,,,,,,,,,
,,orders.csv,,,421.0,,,,,,,,,484.0,4.0,2016-10-06,2016-10-09,2016-10-07,2.0,7.0,,,,,,,,,,
,,orders.csv,,,465.0,,,,,,,,,485.0,4.0,2016-10-06,2016-10-08,2016-10-07,2.0,7.0,,,,,,,,,,
,,orders.csv,,,709.0,,,,,,,,,486.0,4.0,2016-10-06,2016-10-08,2016-10-09,2.0,7.0,,,,,,,,,,
,,orders.csv,,,827.0,,,,,,,,,487.0,4.0,2016-10-06,2016-10-09,2016-10-09,2.0,6.0,,,,,,,,,,
,,orders.csv,,,921.0,,,,,,,,,488.0,4.0,2016-10-06,2016-10-09,2016-10-08,2.0,6.0,,,,,,,,,,
,,orders.csv,,,899.0,,,,,,,,,489.0,4.0,2016-10-06,2016-10-08,2016-10-08,3.0,8.0,,,,,,,,,,
,,orders.csv,,,876.0,,,,,,,,,490.0,4.0,2016-10-07,2016-10-10,2016-10-09,2.0,6.0,,,,,,,,,,
,,orders.csv,,,1048.0,,,,,,,,,491.0,4.0,2016-10-08,2016-10-10,2016-10-11,1.0,2.0,,,,,,,,,,
,,orders.csv,,,191.0,,,,,,,,,492.0,4.0,2016-10-09,2016-10-10,2016-10-12,1.0,2.0,,,,,,,,,,
,,orders.csv,,,796.0,,,,,,,,,493.0,4.0,2016-10-09,2016-10-12,2016-10-11,1.0,3.0,,,,,,,,,,
,,orders.csv,,,875.0,,,,,,,,,494.0,4.0,2016-10-09,2016-10-10,2016-10-11,2.0,6.0,,,,,,,,,,
,,orders.csv,,,712.0,,,,,,,,,495.0,4.0,2016-10-10,2016-10-12,2016-10-13,1.0,3.0,,,,,,,,,,
,,orders.csv,,,193.0,,,,,,,,,496.0,4.0,2016-10-10,2016-10-12,2016-10-11,2.0,6.0,,,,,,,,,,
,,orders.csv,,,785.0,,,,,,,,,497.0,4.0,2016-10-10,2016-10-11,2016-10-11,2.0,6.0,,,,,,,,,,
,,orders.csv,,,1331.0,,,,,,,,,498.0,4.0,2016-10-10,2016-10-12,2016-10-11,2.0,6.0,,,,,,,,,,
,,orders.csv,,,260.0,,,,,,,,,499.0,4.0,2016-10-11,2016-10-14,2016-10-13,1.0,2.0,,,,,,,,,,
,,orders.csv,,,148.0,,,,,,,,,500.0,4.0,2016-10-11,2016-10-12,2016-10-13,2.0,6.0,,,,,,,,,,
,,orders.csv,,,977.0,,,,,,,,,501.0,4.0,2016-10-11,2016-10-12,2016-10-13,2.0,7.0,,,,,,,,,,
,,orders.csv,,,401.0,,,,,,,,,502.0,4.0,2016-10-12,2016-10-13,2016-10-13,3.0,9.0,,,,,,,,,,
,,orders.csv,,,932.0,,,,,,,,,503.0,4.0,2016-10-13,2016-10-16,2016-10-14,2.0,6.0,,,,,,,,,,
,,orders.csv,,,1381.0,,,,,,,,,504.0,4.0,2016-10-14,2016-10-15,2016-10-15,1.0,2.0,,,,,,,,,,
,,orders.csv,,,721.0,,,,,,,,,505.0,4.0,2016-10-14,2016-10-16,2016-10-17,2.0,6.0,,,,,,,,,,
,,orders.csv,,,831.0,,,,,,,,,506.0,4.0,2016-10-14,2016-10-16,2016-10-16,2.0,6.0,,,,,,,,,,
,,orders.csv,,,1378.0,,,,,,,,,507.0,4.0,2016-10-15,2016-10-17,2016-10-17,1.0,3.0,,,,,,,,,,
,,orders.csv,,,1359.0,,,,,,,,,508.0,4.0,2016-10-15,2016-10-18,2016-10-18,2.0,6.0,,,,,,,,,,
,,orders.csv,,,235.0,,,,,,,,,509.0,4.0,2016-10-16,2016-10-17,2016-10-17,2.0,7.0,,,,,,,,,,
,,orders.csv,,,586.0,,,,,,,,,510.0,4.0,2016-10-17,2016-10-18,2016-10-18,2.0,7.0,,,,,,,,,,
,,orders.csv,,,377.0,,,,,,,,,511.0,4.0,2016-10-18,2016-10-20,2016-10-19,2.0,7.0,,,,,,,,,,
,,orders.csv,,,8.0,,,,,,,,,512.0,4.0,2016-10-19,2016-10-22,2016-10-20,2.0,7.0,,,,,,,,,,
,,orders.csv,,,155.0,,,,,,,,,513.0,4.0,2016-10-19,2016-10-21,2016-10-21,2.0,6.0,,,,,,,,,,
,,orders.csv,,,927.0,,,,,,,,,514.0,4.0,2016-10-19,2016-10-21,2016-10-20,2.0,7.0,,,,,,,,,,
,,orders.csv,,,986.0,,,,,,,,,515.0,4.0,2016-10-19,2016-10-20,2016-10-22,2.0,6.0,,,,,,,,,,
,,orders.csv,,,111.0,,,,,,,,,516.0,4.0,2016-10-21,2016-10-23,2016-10-24,2.0,6.0,,,,,,,,,,
,,orders.csv,,,613.0,,,,,,,,,517.0,4.0,2016-10-21,2016-10-22,2016-10-24,2.0,6.0,,,,,,,,,,
,,orders.csv,,,1374.0,,,,,,,,,518.0,4.0,2016-10-22,2016-10-24,2016-10-25,1.0,2.0,,,,,,,,,,
,,orders.csv,,,54.0,,,,,,,,,519.0,4.0,2016-10-22,2016-10-23,2016-10-24,2.0,7.0,,,,,,,,,,
,,orders.csv,,,639.0,,,,,,,,,520.0,4.0,2016-10-23,2016-10-26,2016-10-24,2.0,7.0,,,,,,,,,,
,,orders.csv,,,664.0,,,,,,,,,521.0,4.0,2016-10-23,2016-10-25,2016-10-25,2.0,6.0,,,,,,,,,,
,,orders.csv,,,724.0,,,,,,,,,522.0,4.0,2016-10-23,2016-10-24,2016-10-24,2.0,7.0,,,,,,,,,,
,,orders.csv,,,1056.0,,,,,,,,,523.0,4.0,2016-10-24,2016-10-26,2016-10-27,2.0,6.0,,,,,,,,,,
,,orders.csv,,,569.0,,,,,,,,,524.0,4.0,2016-10-25,2016-10-26,2016-10-27,1.0,2.0,,,,,,,,,,
,,orders.csv,,,1315.0,,,,,,,,,525.0,4.0,2016-10-26,2016-10-28,2016-10-29,1.0,3.0,,,,,,,,,,
,,orders.csv,,,1096.0,,,,,,,,,526.0,4.0,2016-10-26,2016-10-28,2016-10-28,2.0,6.0,,,,,,,,,,
,,orders.csv,,,506.0,,,,,,,,,527.0,4.0,2016-10-27,2016-10-29,2016-10-28,1.0,2.0,,,,,,,,,,
,,orders.csv,,,676.0,,,,,,,,,528.0,4.0,2016-10-28,2016-10-31,2016-10-31,2.0,7.0,,,,,,,,,,
,,orders.csv,,,753.0,,,,,,,,,529.0,4.0,2016-10-28,2016-10-30,2016-10-31,2.0,7.0,,,,,,,,,,
,,orders.csv,,,773.0,,,,,,,,,530.0,4.0,2016-10-28,2016-10-31,2016-10-31,2.0,6.0,,,,,,,,,,
,,orders.csv,,,116.0,,,,,,,,,531.0,4.0,2016-10-28,2016-10-29,2016-10-30,3.0,8.0,,,,,,,,,,
,,orders.csv,,,817.0,,,,,,,,,532.0,4.0,2016-10-29,2016-10-31,2016-10-30,2.0,7.0,,,,,,,,,,
,,orders.csv,,,1334.0,,,,,,,,,533.0,4.0,2016-10-29,2016-11-01,2016-11-01,2.0,6.0,,,,,,,,,,
,,orders.csv,,,1406.0,,,,,,,,,534.0,4.0,2016-10-29,2016-10-30,2016-10-31,2.0,7.0,,,,,,,,,,
,,orders.csv,,,835.0,,,,,,,,,535.0,4.0,2016-10-29,2016-10-31,2016-11-01,3.0,9.0,,,,,,,,,,
,,orders.csv,,,759.0,,,,,,,,,536.0,4.0,2016-10-31,2016-11-02,2016-11-01,1.0,3.0,,,,,,,,,,
,,orders.csv,,,1353.0,,,,,,,,,537.0,4.0,2016-10-31,2016-11-01,2016-11-03,1.0,2.0,,,,,,,,,,
,,orders.csv,,,341.0,,,,,,,,,538.0,4.0,2016-11-02,2016-11-05,2016-11-05,2.0,6.0,,,,,,,,,,
,,orders.csv,,,1144.0,,,,,,,,,539.0,4.0,2016-11-02,2016-11-04,2016-11-03,2.0,7.0,,,,,,,,,,
,,orders.csv,,,1429.0,,,,,,,,,540.0,4.0,2016-11-03,2016-11-05,2016-11-06,1.0,3.0,,,,,,,,,,
,,orders.csv,,,1228.0,,,,,,,,,541.0,4.0,2016-11-04,2016-11-07,2016-11-07,1.0,3.0,,,,,,,,,,
,,orders.csv,,,313.0,,,,,,,,,542.0,4.0,2016-11-04,2016-11-06,2016-11-05,2.0,7.0,,,,,,,,,,
,,orders.csv,,,62.0,,,,,,,,,543.0,4.0,2016-11-06,2016-11-09,2016-11-08,2.0,6.0,,,,,,,,,,
,,orders.csv,,,321.0,,,,,,,,,544.0,4.0,2016-11-06,2016-11-07,2016-11-08,2.0,7.0,,,,,,,,,,
,,orders.csv,,,1108.0,,,,,,,,,545.0,4.0,2016-11-08,2016-11-10,2016-11-09,3.0,9.0,,,,,,,,,,
,,orders.csv,,,470.0,,,,,,,,,546.0,4.0,2016-11-09,2016-11-12,2016-11-10,2.0,7.0,,,,,,,,,,
,,orders.csv,,,20.0,,,,,,,,,547.0,4.0,2016-11-09,2016-11-11,2016-11-10,3.0,8.0,,,,,,,,,,
,,orders.csv,,,739.0,,,,,,,,,548.0,4.0,2016-11-11,2016-11-13,2016-11-13,2.0,7.0,,,,,,,,,,
,,orders.csv,,,64.0,,,,,,,,,549.0,3.0,2016-11-12,2016-11-12,,3.0,9.0,,,,,,,,,,
,,orders.csv,,,892.0,,,,,,,,,550.0,4.0,2016-11-12,2016-11-14,2016-11-15,2.0,7.0,,,,,,,,,,
,,orders.csv,,,1169.0,,,,,,,,,551.0,4.0,2016-11-12,2016-11-13,2016-11-13,2.0,6.0,,,,,,,,,,
,,orders.csv,,,1282.0,,,,,,,,,552.0,4.0,2016-11-12,2016-11-15,2016-11-13,2.0,7.0,,,,,,,,,,
,,orders.csv,,,913.0,,,,,,,,,553.0,4.0,2016-11-12,2016-11-13,2016-11-15,3.0,9.0,,,,,,,,,,
,,orders.csv,,,104.0,,,,,,,,,554.0,4.0,2016-11-13,2016-11-14,2016-11-16,1.0,3.0,,,,,,,,,,
,,orders.csv,,,212.0,,,,,,,,,555.0,4.0,2016-11-13,2016-11-14,2016-11-16,2.0,7.0,,,,,,,,,,
,,orders.csv,,,61.0,,,,,,,,,556.0,4.0,2016-11-13,2016-11-14,2016-11-15,3.0,9.0,,,,,,,,,,
,,orders.csv,,,1248.0,,,,,,,,,557.0,4.0,2016-11-14,2016-11-17,2016-11-15,2.0,6.0,,,,,,,,,,
,,orders.csv,,,1443.0,,,,,,,,,558.0,4.0,2016-11-15,2016-11-16,2016-11-17,2.0,7.0,,,,,,,,,,
,,orders.csv,,,959.0,,,,,,,,,559.0,4.0,2016-11-16,2016-11-17,2016-11-17,1.0,2.0,,,,,,,,,,
,,orders.csv,,,1405.0,,,,,,,,,560.0,4.0,2016-11-18,2016-11-19,2016-11-21,2.0,6.0,,,,,,,,,,
,,orders.csv,,,90.0,,,,,,,,,561.0,4.0,2016-11-19,2016-11-22,2016-11-22,2.0,6.0,,,,,,,,,,
,,orders.csv,,,942.0,,,,,,,,,562.0,4.0,2016-11-19,2016-11-20,2016-11-22,2.0,7.0,,,,,,,,,,
,,orders.csv,,,365.0,,,,,,,,,563.0,4.0,2016-11-20,2016-11-22,2016-11-21,2.0,6.0,,,,,,,,,,
,,orders.csv,,,1058.0,,,,,,,,,564.0,4.0,2016-11-20,2016-11-23,2016-11-22,2.0,7.0,,,,,,,,,,
,,orders.csv,,,894.0,,,,,,,,,565.0,4.0,2016-11-21,2016-11-22,2016-11-22,2.0,7.0,,,,,,,,,,
,,orders.csv,,,298.0,,,,,,,,,566.0,4.0,2016-11-22,2016-11-25,2016-11-23,1.0,3.0,,,,,,,,,,
,,orders.csv,,,1430.0,,,,,,,,,567.0,4.0,2016-11-22,2016-11-23,2016-11-23,1.0,2.0,,,,,,,,,,
,,orders.csv,,,1275.0,,,,,,,,,568.0,4.0,2016-11-23,2016-11-25,2016-11-24,1.0,3.0,,,,,,,,,,
,,orders.csv,,,707.0,,,,,,,,,569.0,4.0,2016-11-23,2016-11-24,2016-11-25,2.0,6.0,,,,,,,,,,
,,orders.csv,,,989.0,,,,,,,,,570.0,4.0,2016-11-23,2016-11-24,2016-11-25,2.0,6.0,,,,,,,,,,
,,orders.csv,,,5.0,,,,,,,,,571.0,4.0,2016-11-24,2016-11-25,2016-11-27,1.0,2.0,,,,,,,,,,
,,orders.csv,,,178.0,,,,,,,,,572.0,4.0,2016-11-24,2016-11-26,2016-11-26,2.0,6.0,,,,,,,,,,
,,orders.csv,,,423.0,,,,,,,,,573.0,4.0,2016-11-24,2016-11-26,2016-11-27,2.0,6.0,,,,,,,,,,
,,orders.csv,,,833.0,,,,,,,,,574.0,4.0,2016-11-26,2016-11-27,2016-11-29,2.0,7.0,,,,,,,,,,
,,orders.csv,,,33.0,,,,,,,,,575.0,4.0,2016-11-27,2016-11-28,2016-11-30,1.0,3.0,,,,,,,,,,
,,orders.csv,,,1272.0,,,,,,,,,576.0,4.0,2016-11-27,2016-11-30,2016-11-28,1.0,3.0,,,,,,,,,,
,,orders.csv,,,445.0,,,,,,,,,577.0,4.0,2016-11-27,2016-11-30,2016-11-29,2.0,6.0,,,,,,,,,,
,,orders.csv,,,819.0,,,,,,,,,578.0,4.0,2016-11-27,2016-11-28,2016-11-29,2.0,7.0,,,,,,,,,,
,,orders.csv,,,160.0,,,,,,,,,579.0,4.0,2016-11-27,2016-11-30,2016-11-29,3.0,8.0,,,,,,,,,,
,,orders.csv,,,581.0,,,,,,,,,580.0,4.0,2016-11-30,2016-12-02,2016-12-02,1.0,3.0,,,,,,,,,,
,,orders.csv,,,688.0,,,,,,,,,581.0,4.0,2016-12-03,2016-12-05,2016-12-06,1.0,3.0,,,,,,,,,,
,,orders.csv,,,32.0,,,,,,,,,582.0,3.0,2016-12-04,2016-12-04,,1.0,2.0,,,,,,,,,,
,,orders.csv,,,792.0,,,,,,,,,583.0,4.0,2016-12-04,2016-12-05,2016-12-07,2.0,7.0,,,,,,,,,,
,,orders.csv,,,1209.0,,,,,,,,,584.0,4.0,2016-12-04,2016-12-05,2016-12-05,2.0,7.0,,,,,,,,,,
,,orders.csv,,,1219.0,,,,,,,,,585.0,4.0,2016-12-04,2016-12-05,2016-12-05,2.0,7.0,,,,,,,,,,
,,orders.csv,,,1306.0,,,,,,,,,586.0,4.0,2016-12-04,2016-12-06,2016-12-05,2.0,6.0,,,,,,,,,,
,,orders.csv,,,487.0,,,,,,,,,587.0,4.0,2016-12-06,2016-12-08,2016-12-08,1.0,2.0,,,,,,,,,,
,,orders.csv,,,102.0,,,,,,,,,588.0,4.0,2016-12-06,2016-12-07,2016-12-07,2.0,7.0,,,,,,,,,,
,,orders.csv,,,719.0,,,,,,,,,589.0,4.0,2016-12-06,2016-12-07,2016-12-07,2.0,7.0,,,,,,,,,,
,,orders.csv,,,990.0,,,,,,,,,590.0,4.0,2016-12-06,2016-12-09,2016-12-07,2.0,7.0,,,,,,,,,,
,,orders.csv,,,1211.0,,,,,,,,,591.0,4.0,2016-12-06,2016-12-09,2016-12-09,2.0,7.0,,,,,,,,,,
,,orders.csv,,,1232.0,,,,,,,,,592.0,4.0,2016-12-06,2016-12-08,2016-12-08,2.0,7.0,,,,,,,,,,
,,orders.csv,,,50.0,,,,,,,,,593.0,4.0,2016-12-07,2016-12-10,2016-12-08,3.0,8.0,,,,,,,,,,
,,orders.csv,,,1318.0,,,,,,,,,594.0,4.0,2016-12-07,2016-12-08,2016-12-08,3.0,8.0,,,,,,,,,,
,,orders.csv,,,538.0,,,,,,,,,595.0,4.0,2016-12-08,2016-12-09,2016-12-11,1.0,2.0,,,,,,,,,,
,,orders.csv,,,952.0,,,,,,,,,596.0,4.0,2016-12-08,2016-12-09,2016-12-09,1.0,3.0,,,,,,,,,,
,,orders.csv,,,1121.0,,,,,,,,,597.0,4.0,2016-12-08,2016-12-09,2016-12-10,2.0,6.0,,,,,,,,,,
,,orders.csv,,,40.0,,,,,,,,,598.0,3.0,2016-12-09,2016-12-09,,1.0,3.0,,,,,,,,,,
,,orders.csv,,,1.0,,,,,,,,,599.0,4.0,2016-12-09,2016-12-10,2016-12-12,2.0,6.0,,,,,,,,,,
,,orders.csv,,,624.0,,,,,,,,,600.0,4.0,2016-12-09,2016-12-12,2016-12-11,2.0,7.0,,,,,,,,,,
,,orders.csv,,,683.0,,,,,,,,,601.0,4.0,2016-12-09,2016-12-10,2016-12-10,2.0,6.0,,,,,,,,,,
,,orders.csv,,,823.0,,,,,,,,,602.0,4.0,2016-12-09,2016-12-10,2016-12-11,2.0,6.0,,,,,,,,,,
,,orders.csv,,,1032.0,,,,,,,,,603.0,4.0,2016-12-09,2016-12-10,2016-12-10,2.0,7.0,,,,,,,,,,
,,orders.csv,,,96.0,,,,,,,,,604.0,4.0,2016-12-10,2016-12-13,2016-12-12,2.0,7.0,,,,,,,,,,
,,orders.csv,,,1208.0,,,,,,,,,605.0,4.0,2016-12-10,2016-12-11,2016-12-12,2.0,6.0,,,,,,,,,,
,,orders.csv,,,18.0,,,,,,,,,606.0,4.0,2016-12-11,2016-12-12,2016-12-13,2.0,7.0,,,,,,,,,,
,,orders.csv,,,309.0,,,,,,,,,607.0,4.0,2016-12-11,2016-12-14,2016-12-13,2.0,6.0,,,,,,,,,,
,,orders.csv,,,1103.0,,,,,,,,,608.0,4.0,2016-12-12,2016-12-15,2016-12-14,1.0,3.0,,,,,,,,,,
,,orders.csv,,,896.0,,,,,,,,,609.0,4.0,2016-12-12,2016-12-13,2016-12-14,2.0,7.0,,,,,,,,,,
,,orders.csv,,,711.0,,,,,,,,,610.0,4.0,2016-12-13,2016-12-15,2016-12-14,2.0,6.0,,,,,,,,,,
,,orders.csv,,,1073.0,,,,,,,,,611.0,4.0,2016-12-15,2016-12-17,2016-12-18,2.0,7.0,,,,,,,,,,
,,orders.csv,,,634.0,,,,,,,,,612.0,4.0,2016-12-16,2016-12-17,2016-12-17,2.0,7.0,,,,,,,,,,
,,orders.csv,,,1159.0,,,,,,,,,613.0,4.0,2016-12-17,2016-12-19,2016-12-19,2.0,7.0,,,,,,,,,,
,,orders.csv,,,654.0,,,,,,,,,614.0,4.0,2016-12-18,2016-12-21,2016-12-21,1.0,2.0,,,,,,,,,,
,,orders.csv,,,560.0,,,,,,,,,615.0,4.0,2016-12-19,2016-12-22,2016-12-21,3.0,9.0,,,,,,,,,,
,,orders.csv,,,1444.0,,,,,,,,,616.0,4.0,2016-12-20,2016-12-23,2016-12-23,2.0,6.0,,,,,,,,,,
,,orders.csv,,,118.0,,,,,,,,,617.0,4.0,2016-12-21,2016-12-23,2016-12-23,2.0,7.0,,,,,,,,,,
,,orders.csv,,,131.0,,,,,,,,,618.0,4.0,2016-12-21,2016-12-22,2016-12-22,2.0,6.0,,,,,,,,,,
,,orders.csv,,,454.0,,,,,,,,,619.0,4.0,2016-12-22,2016-12-25,2016-12-25,2.0,7.0,,,,,,,,,,
,,orders.csv,,,466.0,,,,,,,,,620.0,4.0,2016-12-22,2016-12-24,2016-12-24,2.0,6.0,,,,,,,,,,
,,orders.csv,,,1157.0,,,,,,,,,621.0,4.0,2016-12-23,2016-12-25,2016-12-24,2.0,6.0,,,,,,,,,,
,,orders.csv,,,1398.0,,,,,,,,,622.0,4.0,2016-12-23,2016-12-26,2016-12-25,2.0,7.0,,,,,,,,,,
,,orders.csv,,,678.0,,,,,,,,,623.0,4.0,2016-12-24,2016-12-26,2016-12-27,2.0,6.0,,,,,,,,,,
,,orders.csv,,,814.0,,,,,,,,,624.0,4.0,2016-12-24,2016-12-25,2016-12-27,2.0,6.0,,,,,,,,,,
,,orders.csv,,,1163.0,,,,,,,,,625.0,4.0,2016-12-25,2016-12-28,2016-12-26,1.0,2.0,,,,,,,,,,
,,orders.csv,,,130.0,,,,,,,,,626.0,4.0,2016-12-25,2016-12-28,2016-12-27,2.0,7.0,,,,,,,,,,
,,orders.csv,,,1119.0,,,,,,,,,627.0,4.0,2016-12-25,2016-12-26,2016-12-28,2.0,6.0,,,,,,,,,,
,,orders.csv,,,561.0,,,,,,,,,628.0,4.0,2016-12-26,2016-12-29,2016-12-27,1.0,3.0,,,,,,,,,,
,,orders.csv,,,973.0,,,,,,,,,629.0,4.0,2016-12-26,2016-12-27,2016-12-29,1.0,2.0,,,,,,,,,,
,,orders.csv,,,1404.0,,,,,,,,,630.0,4.0,2016-12-26,2016-12-27,2016-12-28,2.0,6.0,,,,,,,,,,
,,orders.csv,,,855.0,,,,,,,,,631.0,4.0,2016-12-27,2016-12-29,2016-12-29,1.0,3.0,,,,,,,,,,
,,orders.csv,,,163.0,,,,,,,,,632.0,4.0,2016-12-27,2016-12-29,2016-12-29,2.0,7.0,,,,,,,,,,
,,orders.csv,,,1040.0,,,,,,,,,633.0,4.0,2016-12-28,2016-12-31,2016-12-30,3.0,8.0,,,,,,,,,,
,,orders.csv,,,27.0,,,,,,,,,634.0,4.0,2016-12-29,2017-01-01,2016-12-30,2.0,6.0,,,,,,,,,,
,,orders.csv,,,520.0,,,,,,,,,635.0,4.0,2016-12-30,2017-01-02,2016-12-31,2.0,6.0,,,,,,,,,,
,,orders.csv,,,532.0,,,,,,,,,636.0,4.0,2017-01-03,2017-01-04,2017-01-05,1.0,2.0,,,,,,,,,,
,,orders.csv,,,512.0,,,,,,,,,637.0,4.0,2017-01-03,2017-01-05,2017-01-05,2.0,6.0,,,,,,,,,,
,,orders.csv,,,1302.0,,,,,,,,,638.0,4.0,2017-01-04,2017-01-05,2017-01-06,2.0,7.0,,,,,,,,,,
,,orders.csv,,,550.0,,,,,,,,,639.0,4.0,2017-01-06,2017-01-07,2017-01-07,2.0,6.0,,,,,,,,,,
,,orders.csv,,,1093.0,,,,,,,,,640.0,4.0,2017-01-06,2017-01-08,2017-01-07,2.0,6.0,,,,,,,,,,
,,orders.csv,,,673.0,,,,,,,,,641.0,4.0,2017-01-07,2017-01-10,2017-01-08,1.0,3.0,,,,,,,,,,
,,orders.csv,,,847.0,,,,,,,,,642.0,4.0,2017-01-07,2017-01-09,2017-01-10,2.0,7.0,,,,,,,,,,
,,orders.csv,,,901.0,,,,,,,,,643.0,4.0,2017-01-08,2017-01-09,2017-01-11,1.0,3.0,,,,,,,,,,
,,orders.csv,,,439.0,,,,,,,,,644.0,4.0,2017-01-08,2017-01-11,2017-01-10,2.0,6.0,,,,,,,,,,
,,orders.csv,,,1199.0,,,,,,,,,645.0,4.0,2017-01-08,2017-01-11,2017-01-10,2.0,6.0,,,,,,,,,,
,,orders.csv,,,975.0,,,,,,,,,646.0,4.0,2017-01-09,2017-01-12,2017-01-11,1.0,2.0,,,,,,,,,,
,,orders.csv,,,283.0,,,,,,,,,647.0,4.0,2017-01-09,2017-01-10,2017-01-11,2.0,7.0,,,,,,,,,,
,,orders.csv,,,684.0,,,,,,,,,648.0,4.0,2017-01-09,2017-01-11,2017-01-11,2.0,6.0,,,,,,,,,,
,,orders.csv,,,1153.0,,,,,,,,,649.0,4.0,2017-01-10,2017-01-11,2017-01-13,1.0,3.0,,,,,,,,,,
,,orders.csv,,,729.0,,,,,,,,,650.0,4.0,2017-01-11,2017-01-14,2017-01-12,1.0,2.0,,,,,,,,,,
,,orders.csv,,,190.0,,,,,,,,,651.0,4.0,2017-01-11,2017-01-13,2017-01-13,2.0,7.0,,,,,,,,,,
,,orders.csv,,,985.0,,,,,,,,,652.0,4.0,2017-01-12,2017-01-15,2017-01-13,3.0,9.0,,,,,,,,,,
,,orders.csv,,,1249.0,,,,,,,,,653.0,4.0,2017-01-14,2017-01-17,2017-01-15,1.0,2.0,,,,,,,,,,
,,orders.csv,,,1129.0,,,,,,,,,654.0,4.0,2017-01-14,2017-01-15,2017-01-17,2.0,7.0,,,,,,,,,,
,,orders.csv,,,347.0,,,,,,,,,655.0,4.0,2017-01-16,2017-01-17,2017-01-18,1.0,3.0,,,,,,,,,,
,,orders.csv,,,949.0,,,,,,,,,656.0,4.0,2017-01-16,2017-01-17,2017-01-18,2.0,7.0,,,,,,,,,,
,,orders.csv,,,349.0,,,,,,,,,657.0,4.0,2017-01-17,2017-01-19,2017-01-20,1.0,2.0,,,,,,,,,,
,,orders.csv,,,1051.0,,,,,,,,,658.0,4.0,2017-01-17,2017-01-18,2017-01-18,2.0,7.0,,,,,,,,,,
,,orders.csv,,,1391.0,,,,,,,,,659.0,4.0,2017-01-17,2017-01-19,2017-01-18,2.0,7.0,,,,,,,,,,
,,orders.csv,,,383.0,,,,,,,,,660.0,4.0,2017-01-18,2017-01-19,2017-01-19,2.0,7.0,,,,,,,,,,
,,orders.csv,,,626.0,,,,,,,,,661.0,4.0,2017-01-18,2017-01-19,2017-01-20,2.0,6.0,,,,,,,,,,
,,orders.csv,,,1125.0,,,,,,,,,662.0,4.0,2017-01-19,2017-01-20,2017-01-20,1.0,3.0,,,,,,,,,,
,,orders.csv,,,344.0,,,,,,,,,663.0,4.0,2017-01-20,2017-01-22,2017-01-23,1.0,3.0,,,,,,,,,,
,,orders.csv,,,681.0,,,,,,,,,664.0,4.0,2017-01-20,2017-01-23,2017-01-22,2.0,7.0,,,,,,,,,,
,,orders.csv,,,29.0,,,,,,,,,665.0,4.0,2017-01-21,2017-01-22,2017-01-23,2.0,6.0,,,,,,,,,,
,,orders.csv,,,770.0,,,,,,,,,666.0,4.0,2017-01-21,2017-01-22,2017-01-24,2.0,7.0,,,,,,,,,,
,,orders.csv,,,858.0,,,,,,,,,667.0,4.0,2017-01-22,2017-01-24,2017-01-25,2.0,7.0,,,,,,,,,,
,,orders.csv,,,297.0,,,,,,,,,668.0,4.0,2017-01-22,2017-01-23,2017-01-24,3.0,8.0,,,,,,,,,,
,,orders.csv,,,745.0,,,,,,,,,669.0,4.0,2017-01-23,2017-01-24,2017-01-26,2.0,7.0,,,,,,,,,,
,,orders.csv,,,361.0,,,,,,,,,670.0,4.0,2017-01-24,2017-01-25,2017-01-25,2.0,6.0,,,,,,,,,,
,,orders.csv,,,922.0,,,,,,,,,671.0,4.0,2017-01-25,2017-01-28,2017-01-26,2.0,7.0,,,,,,,,,,
,,orders.csv,,,908.0,,,,,,,,,672.0,4.0,2017-01-26,2017-01-29,2017-01-29,2.0,6.0,,,,,,,,,,
,,orders.csv,,,64.0,,,,,,,,,673.0,4.0,2017-01-26,2017-01-28,2017-01-27,3.0,9.0,,,,,,,,,,
,,orders.csv,,,733.0,,,,,,,,,674.0,4.0,2017-01-27,2017-01-28,2017-01-29,2.0,6.0,,,,,,,,,,
,,orders.csv,,,291.0,,,,,,,,,675.0,4.0,2017-01-28,2017-01-31,2017-01-30,2.0,7.0,,,,,,,,,,
,,orders.csv,,,790.0,,,,,,,,,676.0,4.0,2017-01-28,2017-01-30,2017-01-31,2.0,7.0,,,,,,,,,,
,,orders.csv,,,809.0,,,,,,,,,677.0,4.0,2017-01-28,2017-01-31,2017-01-30,2.0,7.0,,,,,,,,,,
,,orders.csv,,,250.0,,,,,,,,,678.0,4.0,2017-01-28,2017-01-29,2017-01-31,3.0,9.0,,,,,,,,,,
,,orders.csv,,,81.0,,,,,,,,,679.0,4.0,2017-01-29,2017-01-30,2017-01-30,1.0,3.0,,,,,,,,,,
,,orders.csv,,,245.0,,,,,,,,,680.0,4.0,2017-01-29,2017-02-01,2017-01-30,1.0,3.0,,,,,,,,,,
,,orders.csv,,,499.0,,,,,,,,,681.0,4.0,2017-01-29,2017-02-01,2017-01-31,2.0,7.0,,,,,,,,,,
,,orders.csv,,,614.0,,,,,,,,,682.0,4.0,2017-01-29,2017-01-30,2017-01-30,2.0,6.0,,,,,,,,,,
,,orders.csv,,,741.0,,,,,,,,,683.0,4.0,2017-01-29,2017-01-31,2017-02-01,2.0,6.0,,,,,,,,,,
,,orders.csv,,,762.0,,,,,,,,,684.0,4.0,2017-01-31,2017-02-01,2017-02-02,2.0,6.0,,,,,,,,,,
,,orders.csv,,,976.0,,,,,,,,,685.0,4.0,2017-01-31,2017-02-03,2017-02-02,2.0,7.0,,,,,,,,,,
,,orders.csv,,,380.0,,,,,,,,,686.0,4.0,2017-02-01,2017-02-03,2017-02-04,2.0,7.0,,,,,,,,,,
,,orders.csv,,,530.0,,,,,,,,,687.0,4.0,2017-02-02,2017-02-05,2017-02-04,1.0,3.0,,,,,,,,,,
,,orders.csv,,,343.0,,,,,,,,,688.0,4.0,2017-02-02,2017-02-03,2017-02-05,2.0,7.0,,,,,,,,,,
,,orders.csv,,,884.0,,,,,,,,,689.0,4.0,2017-02-02,2017-02-03,2017-02-05,2.0,7.0,,,,,,,,,,
,,orders.csv,,,1097.0,,,,,,,,,690.0,4.0,2017-02-03,2017-02-04,2017-02-06,1.0,2.0,,,,,,,,,,
,,orders.csv,,,1081.0,,,,,,,,,691.0,4.0,2017-02-04,2017-02-06,2017-02-06,2.0,7.0,,,,,,,,,,
,,orders.csv,,,2.0,,,,,,,,,692.0,3.0,2017-02-05,2017-02-05,,1.0,3.0,,,,,,,,,,
,,orders.csv,,,1233.0,,,,,,,,,693.0,4.0,2017-02-05,2017-02-07,2017-02-06,1.0,3.0,,,,,,,,,,
,,orders.csv,,,58.0,,,,,,,,,694.0,4.0,2017-02-05,2017-02-06,2017-02-08,2.0,7.0,,,,,,,,,,
,,orders.csv,,,606.0,,,,,,,,,695.0,4.0,2017-02-05,2017-02-08,2017-02-07,2.0,7.0,,,,,,,,,,
,,orders.csv,,,1242.0,,,,,,,,,696.0,4.0,2017-02-05,2017-02-08,2017-02-08,2.0,7.0,,,,,,,,,,
,,orders.csv,,,562.0,,,,,,,,,697.0,4.0,2017-02-06,2017-02-08,2017-02-09,1.0,2.0,,,,,,,,,,
,,orders.csv,,,543.0,,,,,,,,,698.0,4.0,2017-02-06,2017-02-08,2017-02-09,3.0,8.0,,,,,,,,,,
,,orders.csv,,,958.0,,,,,,,,,699.0,4.0,2017-02-06,2017-02-08,2017-02-09,3.0,9.0,,,,,,,,,,
,,orders.csv,,,4.0,,,,,,,,,700.0,4.0,2017-02-07,2017-02-10,2017-02-08,2.0,6.0,,,,,,,,,,
,,orders.csv,,,850.0,,,,,,,,,701.0,4.0,2017-02-07,2017-02-08,2017-02-09,3.0,9.0,,,,,,,,,,
,,orders.csv,,,1352.0,,,,,,,,,702.0,4.0,2017-02-08,2017-02-09,2017-02-11,1.0,3.0,,,,,,,,,,
,,orders.csv,,,417.0,,,,,,,,,703.0,4.0,2017-02-08,2017-02-09,2017-02-09,2.0,7.0,,,,,,,,,,
,,orders.csv,,,1137.0,,,,,,,,,704.0,4.0,2017-02-08,2017-02-09,2017-02-11,2.0,6.0,,,,,,,,,,
,,orders.csv,,,1196.0,,,,,,,,,705.0,4.0,2017-02-08,2017-02-11,2017-02-11,2.0,7.0,,,,,,,,,,
,,orders.csv,,,1271.0,,,,,,,,,706.0,4.0,2017-02-09,2017-02-12,2017-02-10,1.0,2.0,,,,,,,,,,
,,orders.csv,,,79.0,,,,,,,,,707.0,4.0,2017-02-09,2017-02-11,2017-02-11,2.0,7.0,,,,,,,,,,
,,orders.csv,,,660.0,,,,,,,,,708.0,4.0,2017-02-10,2017-02-12,2017-02-11,1.0,2.0,,,,,,,,,,
,,orders.csv,,,1162.0,,,,,,,,,709.0,4.0,2017-02-11,2017-02-13,2017-02-12,2.0,6.0,,,,,,,,,,
,,orders.csv,,,295.0,,,,,,,,,710.0,4.0,2017-02-13,2017-02-15,2017-02-16,2.0,6.0,,,,,,,,,,
,,orders.csv,,,1246.0,,,,,,,,,711.0,4.0,2017-02-13,2017-02-16,2017-02-14,2.0,6.0,,,,,,,,,,
,,orders.csv,,,173.0,,,,,,,,,712.0,4.0,2017-02-13,2017-02-14,2017-02-16,3.0,9.0,,,,,,,,,,
,,orders.csv,,,207.0,,,,,,,,,713.0,4.0,2017-02-13,2017-02-14,2017-02-15,3.0,8.0,,,,,,,,,,
,,orders.csv,,,805.0,,,,,,,,,714.0,4.0,2017-02-14,2017-02-17,2017-02-15,2.0,7.0,,,,,,,,,,
,,orders.csv,,,12.0,,,,,,,,,715.0,3.0,2017-02-15,2017-02-15,,2.0,6.0,,,,,,,,,,
,,orders.csv,,,672.0,,,,,,,,,716.0,4.0,2017-02-15,2017-02-17,2017-02-18,2.0,6.0,,,,,,,,,,
,,orders.csv,,,1312.0,,,,,,,,,717.0,4.0,2017-02-15,2017-02-18,2017-02-17,2.0,6.0,,,,,,,,,,
,,orders.csv,,,38.0,,,,,,,,,718.0,4.0,2017-02-16,2017-02-17,2017-02-17,2.0,7.0,,,,,,,,,,
,,orders.csv,,,200.0,,,,,,,,,719.0,4.0,2017-02-16,2017-02-19,2017-02-18,2.0,6.0,,,,,,,,,,
,,orders.csv,,,382.0,,,,,,,,,720.0,4.0,2017-02-16,2017-02-19,2017-02-19,2.0,6.0,,,,,,,,,,
,,orders.csv,,,625.0,,,,,,,,,721.0,4.0,2017-02-16,2017-02-19,2017-02-17,2.0,7.0,,,,,,,,,,
,,orders.csv,,,1399.0,,,,,,,,,722.0,4.0,2017-02-18,2017-02-20,2017-02-21,2.0,7.0,,,,,,,,,,
,,orders.csv,,,845.0,,,,,,,,,723.0,4.0,2017-02-19,2017-02-21,2017-02-22,2.0,6.0,,,,,,,,,,
,,orders.csv,,,864.0,,,,,,,,,724.0,4.0,2017-02-19,2017-02-22,2017-02-21,2.0,6.0,,,,,,,,,,
,,orders.csv,,,870.0,,,,,,,,,725.0,4.0,2017-02-19,2017-02-22,2017-02-22,2.0,7.0,,,,,,,,,,
,,orders.csv,,,969.0,,,,,,,,,726.0,4.0,2017-02-19,2017-02-22,2017-02-20,2.0,6.0,,,,,,,,,,
,,orders.csv,,,962.0,,,,,,,,,727.0,4.0,2017-02-19,2017-02-22,2017-02-21,3.0,9.0,,,,,,,,,,
,,orders.csv,,,1138.0,,,,,,,,,728.0,4.0,2017-02-20,2017-02-21,2017-02-23,1.0,3.0,,,,,,,,,,
,,orders.csv,,,897.0,,,,,,,,,729.0,4.0,2017-02-20,2017-02-22,2017-02-21,2.0,7.0,,,,,,,,,,
,,orders.csv,,,500.0,,,,,,,,,730.0,4.0,2017-02-21,2017-02-24,2017-02-22,2.0,6.0,,,,,,,,,,
,,orders.csv,,,910.0,,,,,,,,,731.0,4.0,2017-02-25,2017-02-27,2017-02-27,3.0,9.0,,,,,,,,,,
,,orders.csv,,,147.0,,,,,,,,,732.0,4.0,2017-02-26,2017-02-27,2017-03-01,2.0,7.0,,,,,,,,,,
,,orders.csv,,,832.0,,,,,,,,,733.0,4.0,2017-02-26,2017-03-01,2017-02-27,2.0,7.0,,,,,,,,,,
,,orders.csv,,,939.0,,,,,,,,,734.0,4.0,2017-02-26,2017-02-28,2017-03-01,3.0,9.0,,,,,,,,,,
,,orders.csv,,,20.0,,,,,,,,,735.0,3.0,2017-02-27,2017-02-27,,3.0,9.0,,,,,,,,,,
,,orders.csv,,,184.0,,,,,,,,,736.0,4.0,2017-02-27,2017-02-28,2017-02-28,2.0,7.0,,,,,,,,,,
,,orders.csv,,,694.0,,,,,,,,,737.0,4.0,2017-02-27,2017-03-01,2017-02-28,2.0,6.0,,,,,,,,,,
,,orders.csv,,,124.0,,,,,,,,,738.0,4.0,2017-02-28,2017-03-01,2017-03-03,1.0,2.0,,,,,,,,,,
,,orders.csv,,,49.0,,,,,,,,,739.0,4.0,2017-02-28,2017-03-01,2017-03-02,2.0,6.0,,,,,,,,,,
,,orders.csv,,,1113.0,,,,,,,,,740.0,4.0,2017-02-28,2017-03-01,2017-03-02,2.0,6.0,,,,,,,,,,
,,orders.csv,,,119.0,,,,,,,,,741.0,4.0,2017-02-28,2017-03-01,2017-03-01,3.0,8.0,,,,,,,,,,
,,orders.csv,,,433.0,,,,,,,,,742.0,4.0,2017-02-28,2017-03-01,2017-03-01,3.0,9.0,,,,,,,,,,
,,orders.csv,,,137.0,,,,,,,,,743.0,4.0,2017-03-01,2017-03-04,2017-03-04,2.0,6.0,,,,,,,,,,
,,orders.csv,,,166.0,,,,,,,,,744.0,4.0,2017-03-01,2017-03-02,2017-03-02,2.0,7.0,,,,,,,,,,
,,orders.csv,,,698.0,,,,,,,,,745.0,4.0,2017-03-01,2017-03-03,2017-03-03,2.0,7.0,,,,,,,,,,
,,orders.csv,,,391.0,,,,,,,,,746.0,4.0,2017-03-02,2017-03-04,2017-03-05,1.0,3.0,,,,,,,,,,
,,orders.csv,,,87.0,,,,,,,,,747.0,4.0,2017-03-03,2017-03-04,2017-03-05,1.0,3.0,,,,,,,,,,
,,orders.csv,,,1072.0,,,,,,,,,748.0,4.0,2017-03-03,2017-03-05,2017-03-04,3.0,8.0,,,,,,,,,,
,,orders.csv,,,255.0,,,,,,,,,749.0,4.0,2017-03-04,2017-03-07,2017-03-05,2.0,7.0,,,,,,,,,,
,,orders.csv,,,232.0,,,,,,,,,750.0,4.0,2017-03-04,2017-03-07,2017-03-05,3.0,8.0,,,,,,,,,,
,,orders.csv,,,731.0,,,,,,,,,751.0,4.0,2017-03-05,2017-03-08,2017-03-07,1.0,3.0,,,,,,,,,,
,,orders.csv,,,335.0,,,,,,,,,752.0,4.0,2017-03-05,2017-03-06,2017-03-07,2.0,6.0,,,,,,,,,,
,,orders.csv,,,1201.0,,,,,,,,,753.0,4.0,2017-03-05,2017-03-08,2017-03-08,2.0,7.0,,,,,,,,,,
,,orders.csv,,,646.0,,,,,,,,,754.0,4.0,2017-03-06,2017-03-07,2017-03-08,1.0,2.0,,,,,,,,,,
,,orders.csv,,,531.0,,,,,,,,,755.0,4.0,2017-03-06,2017-03-07,2017-03-07,2.0,6.0,,,,,,,,,,
,,orders.csv,,,1143.0,,,,,,,,,756.0,4.0,2017-03-06,2017-03-07,2017-03-09,2.0,6.0,,,,,,,,,,
,,orders.csv,,,1336.0,,,,,,,,,757.0,4.0,2017-03-06,2017-03-08,2017-03-09,2.0,7.0,,,,,,,,,,
,,orders.csv,,,953.0,,,,,,,,,758.0,4.0,2017-03-06,2017-03-08,2017-03-07,3.0,9.0,,,,,,,,,,
,,orders.csv,,,284.0,,,,,,,,,759.0,4.0,2017-03-07,2017-03-09,2017-03-08,2.0,7.0,,,,,,,,,,
,,orders.csv,,,1104.0,,,,,,,,,760.0,4.0,2017-03-07,2017-03-10,2017-03-10,2.0,6.0,,,,,,,,,,
,,orders.csv,,,1291.0,,,,,,,,,761.0,4.0,2017-03-07,2017-03-08,2017-03-10,2.0,7.0,,,,,,,,,,
,,orders.csv,,,572.0,,,,,,,,,762.0,4.0,2017-03-08,2017-03-09,2017-03-09,2.0,6.0,,,,,,,,,,
,,orders.csv,,,842.0,,,,,,,,,763.0,4.0,2017-03-08,2017-03-10,2017-03-09,3.0,9.0,,,,,,,,,,
,,orders.csv,,,701.0,,,,,,,,,764.0,4.0,2017-03-09,2017-03-10,2017-03-12,1.0,2.0,,,,,,,,,,
,,orders.csv,,,1152.0,,,,,,,,,765.0,4.0,2017-03-09,2017-03-11,2017-03-12,1.0,2.0,,,,,,,,,,
,,orders.csv,,,141.0,,,,,,,,,766.0,4.0,2017-03-09,2017-03-11,2017-03-12,2.0,6.0,,,,,,,,,,
,,orders.csv,,,564.0,,,,,,,,,767.0,4.0,2017-03-09,2017-03-10,2017-03-11,2.0,7.0,,,,,,,,,,
,,orders.csv,,,841.0,,,,,,,,,768.0,4.0,2017-03-09,2017-03-12,2017-03-10,2.0,7.0,,,,,,,,,,
,,orders.csv,,,946.0,,,,,,,,,769.0,4.0,2017-03-09,2017-03-11,2017-03-11,2.0,6.0,,,,,,,,,,
,,orders.csv,,,135.0,,,,,,,,,770.0,4.0,2017-03-09,2017-03-11,2017-03-11,3.0,9.0,,,,,,,,,,
,,orders.csv,,,671.0,,,,,,,,,771.0,4.0,2017-03-11,2017-03-14,2017-03-12,1.0,3.0,,,,,,,,,,
,,orders.csv,,,448.0,,,,,,,,,772.0,4.0,2017-03-11,2017-03-12,2017-03-13,2.0,7.0,,,,,,,,,,
,,orders.csv,,,1385.0,,,,,,,,,773.0,4.0,2017-03-11,2017-03-12,2017-03-12,2.0,6.0,,,,,,,,,,
,,orders.csv,,,690.0,,,,,,,,,774.0,4.0,2017-03-12,2017-03-14,2017-03-14,2.0,6.0,,,,,,,,,,
,,orders.csv,,,968.0,,,,,,,,,775.0,4.0,2017-03-12,2017-03-13,2017-03-13,2.0,6.0,,,,,,,,,,
,,orders.csv,,,490.0,,,,,,,,,776.0,4.0,2017-03-13,2017-03-15,2017-03-16,2.0,6.0,,,,,,,,,,
,,orders.csv,,,496.0,,,,,,,,,777.0,4.0,2017-03-13,2017-03-16,2017-03-16,2.0,6.0,,,,,,,,,,
,,orders.csv,,,56.0,,,,,,,,,778.0,3.0,2017-03-15,2017-03-15,,3.0,9.0,,,,,,,,,,
,,orders.csv,,,367.0,,,,,,,,,779.0,4.0,2017-03-15,2017-03-16,2017-03-18,2.0,6.0,,,,,,,,,,
,,orders.csv,,,592.0,,,,,,,,,780.0,4.0,2017-03-15,2017-03-17,2017-03-17,2.0,6.0,,,,,,,,,,
,,orders.csv,,,1018.0,,,,,,,,,781.0,4.0,2017-03-15,2017-03-16,2017-03-17,2.0,6.0,,,,,,,,,,
,,orders.csv,,,1298.0,,,,,,,,,782.0,4.0,2017-03-15,2017-03-16,2017-03-18,2.0,7.0,,,,,,,,,,
,,orders.csv,,,1343.0,,,,,,,,,783.0,4.0,2017-03-16,2017-03-19,2017-03-17,1.0,2.0,,,,,,,,,,
,,orders.csv,,,430.0,,,,,,,,,784.0,4.0,2017-03-16,2017-03-19,2017-03-19,2.0,7.0,,,,,,,,,,
,,orders.csv,,,794.0,,,,,,,,,785.0,4.0,2017-03-18,2017-03-19,2017-03-20,1.0,2.0,,,,,,,,,,
,,orders.csv,,,249.0,,,,,,,,,786.0,4.0,2017-03-18,2017-03-20,2017-03-19,2.0,6.0,,,,,,,,,,
,,orders.csv,,,700.0,,,,,,,,,787.0,4.0,2017-03-18,2017-03-20,2017-03-19,3.0,9.0,,,,,,,,,,
,,orders.csv,,,1363.0,,,,,,,,,788.0,4.0,2017-03-18,2017-03-20,2017-03-20,3.0,9.0,,,,,,,,,,
,,orders.csv,,,772.0,,,,,,,,,789.0,4.0,2017-03-19,2017-03-20,2017-03-20,2.0,6.0,,,,,,,,,,
,,orders.csv,,,1015.0,,,,,,,,,790.0,4.0,2017-03-19,2017-03-21,2017-03-22,2.0,7.0,,,,,,,,,,
,,orders.csv,,,432.0,,,,,,,,,791.0,4.0,2017-03-20,2017-03-22,2017-03-23,2.0,6.0,,,,,,,,,,
,,orders.csv,,,479.0,,,,,,,,,792.0,4.0,2017-03-22,2017-03-23,2017-03-24,2.0,6.0,,,,,,,,,,
,,orders.csv,,,653.0,,,,,,,,,793.0,4.0,2017-03-23,2017-03-24,2017-03-24,2.0,6.0,,,,,,,,,,
,,orders.csv,,,863.0,,,,,,,,,794.0,4.0,2017-03-23,2017-03-25,2017-03-24,2.0,7.0,,,,,,,,,,
,,orders.csv,,,992.0,,,,,,,,,795.0,4.0,2017-03-23,2017-03-25,2017-03-26,2.0,7.0,,,,,,,,,,
,,orders.csv,,,154.0,,,,,,,,,796.0,4.0,2017-03-23,2017-03-26,2017-03-25,3.0,9.0,,,,,,,,,,
,,orders.csv,,,374.0,,,,,,,,,797.0,4.0,2017-03-24,2017-03-26,2017-03-26,2.0,7.0,,,,,,,,,,
,,orders.csv,,,619.0,,,,,,,,,798.0,4.0,2017-03-26,2017-03-28,2017-03-29,1.0,3.0,,,,,,,,,,
,,orders.csv,,,607.0,,,,,,,,,799.0,4.0,2017-03-27,2017-03-28,2017-03-29,1.0,3.0,,,,,,,,,,
,,orders.csv,,,1057.0,,,,,,,,,800.0,4.0,2017-03-27,2017-03-29,2017-03-28,2.0,6.0,,,,,,,,,,
,,orders.csv,,,78.0,,,,,,,,,801.0,4.0,2017-03-28,2017-03-29,2017-03-30,1.0,2.0,,,,,,,,,,
,,orders.csv,,,340.0,,,,,,,,,802.0,4.0,2017-03-28,2017-03-29,2017-03-30,2.0,6.0,,,,,,,,,,
,,orders.csv,,,1105.0,,,,,,,,,803.0,4.0,2017-03-28,2017-03-31,2017-03-30,3.0,8.0,,,,,,,,,,
,,orders.csv,,,95.0,,,,,,,,,804.0,4.0,2017-03-29,2017-03-31,2017-03-30,2.0,6.0,,,,,,,,,,
,,orders.csv,,,420.0,,,,,,,,,805.0,4.0,2017-03-29,2017-03-30,2017-04-01,2.0,6.0,,,,,,,,,,
,,orders.csv,,,234.0,,,,,,,,,806.0,4.0,2017-03-30,2017-03-31,2017-03-31,2.0,7.0,,,,,,,,,,
,,orders.csv,,,1148.0,,,,,,,,,807.0,4.0,2017-03-30,2017-04-01,2017-04-02,2.0,6.0,,,,,,,,,,
,,orders.csv,,,315.0,,,,,,,,,808.0,4.0,2017-03-31,2017-04-02,2017-04-02,2.0,6.0,,,,,,,,,,
,,orders.csv,,,1222.0,,,,,,,,,809.0,4.0,2017-03-31,2017-04-03,2017-04-03,2.0,7.0,,,,,,,,,,
,,orders.csv,,,153.0,,,,,,,,,810.0,3.0,2017-04-01,2017-04-01,,3.0,8.0,,,,,,,,,,
,,orders.csv,,,524.0,,,,,,,,,811.0,4.0,2017-04-01,2017-04-04,2017-04-04,2.0,7.0,,,,,,,,,,
,,orders.csv,,,1164.0,,,,,,,,,812.0,4.0,2017-04-01,2017-04-02,2017-04-03,2.0,7.0,,,,,,,,,,
,,orders.csv,,,1203.0,,,,,,,,,813.0,4.0,2017-04-01,2017-04-03,2017-04-02,3.0,9.0,,,,,,,,,,
,,orders.csv,,,629.0,,,,,,,,,814.0,4.0,2017-04-02,2017-04-05,2017-04-03,2.0,7.0,,,,,,,,,,
,,orders.csv,,,1251.0,,,,,,,,,815.0,4.0,2017-04-03,2017-04-05,2017-04-04,1.0,3.0,,,,,,,,,,
,,orders.csv,,,811.0,,,,,,,,,816.0,4.0,2017-04-03,2017-04-05,2017-04-05,2.0,6.0,,,,,,,,,,
,,orders.csv,,,301.0,,,,,,,,,817.0,4.0,2017-04-04,2017-04-05,2017-04-07,2.0,7.0,,,,,,,,,,
,,orders.csv,,,1319.0,,,,,,,,,818.0,4.0,2017-04-04,2017-04-07,2017-04-07,2.0,6.0,,,,,,,,,,
,,orders.csv,,,221.0,,,,,,,,,819.0,4.0,2017-04-04,2017-04-07,2017-04-05,3.0,9.0,,,,,,,,,,
,,orders.csv,,,725.0,,,,,,,,,820.0,4.0,2017-04-05,2017-04-08,2017-04-07,2.0,7.0,,,,,,,,,,
,,orders.csv,,,1181.0,,,,,,,,,821.0,4.0,2017-04-05,2017-04-07,2017-04-08,2.0,7.0,,,,,,,,,,
,,orders.csv,,,294.0,,,,,,,,,822.0,4.0,2017-04-06,2017-04-08,2017-04-09,2.0,7.0,,,,,,,,,,
,,orders.csv,,,415.0,,,,,,,,,823.0,4.0,2017-04-06,2017-04-07,2017-04-08,3.0,8.0,,,,,,,,,,
,,orders.csv,,,993.0,,,,,,,,,824.0,4.0,2017-04-07,2017-04-09,2017-04-10,1.0,2.0,,,,,,,,,,
,,orders.csv,,,10.0,,,,,,,,,825.0,4.0,2017-04-07,2017-04-08,2017-04-09,2.0,7.0,,,,,,,,,,
,,orders.csv,,,45.0,,,,,,,,,826.0,4.0,2017-04-07,2017-04-10,2017-04-10,2.0,6.0,,,,,,,,,,
,,orders.csv,,,666.0,,,,,,,,,827.0,4.0,2017-04-07,2017-04-10,2017-04-10,2.0,7.0,,,,,,,,,,
,,orders.csv,,,246.0,,,,,,,,,828.0,4.0,2017-04-09,2017-04-10,2017-04-12,2.0,6.0,,,,,,,,,,
,,orders.csv,,,674.0,,,,,,,,,829.0,4.0,2017-04-09,2017-04-10,2017-04-10,2.0,7.0,,,,,,,,,,
,,orders.csv,,,431.0,,,,,,,,,830.0,4.0,2017-04-11,2017-04-14,2017-04-12,2.0,6.0,,,,,,,,,,
,,orders.csv,,,1000.0,,,,,,,,,831.0,4.0,2017-04-11,2017-04-12,2017-04-12,2.0,7.0,,,,,,,,,,
,,orders.csv,,,1215.0,,,,,,,,,832.0,4.0,2017-04-11,2017-04-12,2017-04-12,2.0,7.0,,,,,,,,,,
,,orders.csv,,,406.0,,,,,,,,,833.0,4.0,2017-04-12,2017-04-14,2017-04-15,2.0,7.0,,,,,,,,,,
,,orders.csv,,,890.0,,,,,,,,,834.0,4.0,2017-04-12,2017-04-13,2017-04-15,2.0,6.0,,,,,,,,,,
,,orders.csv,,,940.0,,,,,,,,,835.0,4.0,2017-04-13,2017-04-15,2017-04-14,1.0,2.0,,,,,,,,,,
,,orders.csv,,,455.0,,,,,,,,,836.0,4.0,2017-04-13,2017-04-16,2017-04-14,2.0,6.0,,,,,,,,,,
,,orders.csv,,,948.0,,,,,,,,,837.0,4.0,2017-04-13,2017-04-16,2017-04-14,2.0,7.0,,,,,,,,,,
,,orders.csv,,,1395.0,,,,,,,,,838.0,4.0,2017-04-14,2017-04-17,2017-04-15,2.0,7.0,,,,,,,,,,
,,orders.csv,,,1332.0,,,,,,,,,839.0,4.0,2017-04-15,2017-04-18,2017-04-16,1.0,3.0,,,,,,,,,,
,,orders.csv,,,372.0,,,,,,,,,840.0,4.0,2017-04-15,2017-04-16,2017-04-16,2.0,6.0,,,,,,,,,,
,,orders.csv,,,428.0,,,,,,,,,841.0,4.0,2017-04-15,2017-04-18,2017-04-17,2.0,7.0,,,,,,,,,,
,,orders.csv,,,1133.0,,,,,,,,,842.0,4.0,2017-04-15,2017-04-18,2017-04-16,2.0,6.0,,,,,,,,,,
,,orders.csv,,,1059.0,,,,,,,,,843.0,4.0,2017-04-16,2017-04-17,2017-04-19,2.0,7.0,,,,,,,,,,
,,orders.csv,,,1436.0,,,,,,,,,844.0,4.0,2017-04-16,2017-04-17,2017-04-18,2.0,6.0,,,,,,,,,,
,,orders.csv,,,662.0,,,,,,,,,845.0,4.0,2017-04-17,2017-04-18,2017-04-18,2.0,7.0,,,,,,,,,,
,,orders.csv,,,715.0,,,,,,,,,846.0,4.0,2017-04-17,2017-04-19,2017-04-19,2.0,6.0,,,,,,,,,,
,,orders.csv,,,329.0,,,,,,,,,847.0,4.0,2017-04-18,2017-04-19,2017-04-19,2.0,7.0,,,,,,,,,,
,,orders.csv,,,597.0,,,,,,,,,848.0,4.0,2017-04-18,2017-04-20,2017-04-20,2.0,7.0,,,,,,,,,,
,,orders.csv,,,776.0,,,,,,,,,849.0,4.0,2017-04-19,2017-04-20,2017-04-21,1.0,2.0,,,,,,,,,,
,,orders.csv,,,1346.0,,,,,,,,,850.0,4.0,2017-04-19,2017-04-22,2017-04-22,1.0,3.0,,,,,,,,,,
,,orders.csv,,,1139.0,,,,,,,,,851.0,4.0,2017-04-20,2017-04-21,2017-04-22,2.0,6.0,,,,,,,,,,
,,orders.csv,,,13.0,,,,,,,,,852.0,4.0,2017-04-21,2017-04-23,2017-04-22,3.0,9.0,,,,,,,,,,
,,orders.csv,,,883.0,,,,,,,,,853.0,4.0,2017-04-21,2017-04-24,2017-04-24,3.0,8.0,,,,,,,,,,
,,orders.csv,,,177.0,,,,,,,,,854.0,4.0,2017-04-22,2017-04-25,2017-04-23,2.0,6.0,,,,,,,,,,
,,orders.csv,,,775.0,,,,,,,,,855.0,4.0,2017-04-22,2017-04-23,2017-04-25,2.0,6.0,,,,,,,,,,
,,orders.csv,,,477.0,,,,,,,,,856.0,4.0,2017-04-23,2017-04-25,2017-04-26,2.0,6.0,,,,,,,,,,
,,orders.csv,,,1402.0,,,,,,,,,857.0,4.0,2017-04-24,2017-04-25,2017-04-26,2.0,7.0,,,,,,,,,,
,,orders.csv,,,162.0,,,,,,,,,858.0,4.0,2017-04-25,2017-04-27,2017-04-28,2.0,6.0,,,,,,,,,,
,,orders.csv,,,644.0,,,,,,,,,859.0,4.0,2017-04-25,2017-04-26,2017-04-26,2.0,6.0,,,,,,,,,,
,,orders.csv,,,473.0,,,,,,,,,860.0,4.0,2017-04-27,2017-04-29,2017-04-28,2.0,7.0,,,,,,,,,,
,,orders.csv,,,1177.0,,,,,,,,,861.0,4.0,2017-04-27,2017-04-29,2017-04-30,2.0,7.0,,,,,,,,,,
,,orders.csv,,,1230.0,,,,,,,,,862.0,4.0,2017-04-27,2017-04-30,2017-04-29,3.0,8.0,,,,,,,,,,
,,orders.csv,,,446.0,,,,,,,,,863.0,4.0,2017-04-28,2017-04-30,2017-05-01,2.0,7.0,,,,,,,,,,
,,orders.csv,,,902.0,,,,,,,,,864.0,4.0,2017-04-28,2017-04-30,2017-04-29,2.0,6.0,,,,,,,,,,
,,orders.csv,,,974.0,,,,,,,,,865.0,4.0,2017-04-29,2017-05-02,2017-05-01,2.0,6.0,,,,,,,,,,
,,orders.csv,,,1410.0,,,,,,,,,866.0,4.0,2017-04-29,2017-04-30,2017-05-01,2.0,6.0,,,,,,,,,,
,,orders.csv,,,97.0,,,,,,,,,867.0,4.0,2017-05-01,2017-05-03,2017-05-02,1.0,3.0,,,,,,,,,,
,,orders.csv,,,868.0,,,,,,,,,868.0,4.0,2017-05-01,2017-05-04,2017-05-02,1.0,3.0,,,,,,,,,,
,,orders.csv,,,844.0,,,,,,,,,869.0,4.0,2017-05-01,2017-05-04,2017-05-02,2.0,7.0,,,,,,,,,,
,,orders.csv,,,1416.0,,,,,,,,,870.0,4.0,2017-05-01,2017-05-04,2017-05-02,2.0,6.0,,,,,,,,,,
,,orders.csv,,,358.0,,,,,,,,,871.0,4.0,2017-05-02,2017-05-04,2017-05-03,2.0,7.0,,,,,,,,,,
,,orders.csv,,,394.0,,,,,,,,,872.0,4.0,2017-05-03,2017-05-06,2017-05-06,1.0,3.0,,,,,,,,,,
,,orders.csv,,,829.0,,,,,,,,,873.0,4.0,2017-05-03,2017-05-05,2017-05-05,2.0,7.0,,,,,,,,,,
,,orders.csv,,,661.0,,,,,,,,,874.0,4.0,2017-05-04,2017-05-05,2017-05-06,2.0,7.0,,,,,,,,,,
,,orders.csv,,,386.0,,,,,,,,,875.0,4.0,2017-05-05,2017-05-06,2017-05-08,1.0,3.0,,,,,,,,,,
,,orders.csv,,,1046.0,,,,,,,,,876.0,4.0,2017-05-05,2017-05-08,2017-05-06,2.0,7.0,,,,,,,,,,
,,orders.csv,,,784.0,,,,,,,,,877.0,4.0,2017-05-06,2017-05-07,2017-05-08,2.0,6.0,,,,,,,,,,
,,orders.csv,,,224.0,,,,,,,,,878.0,4.0,2017-05-07,2017-05-10,2017-05-09,1.0,3.0,,,,,,,,,,
,,orders.csv,,,214.0,,,,,,,,,879.0,4.0,2017-05-08,2017-05-09,2017-05-09,2.0,7.0,,,,,,,,,,
,,orders.csv,,,1206.0,,,,,,,,,880.0,4.0,2017-05-08,2017-05-11,2017-05-10,2.0,6.0,,,,,,,,,,
,,orders.csv,,,1024.0,,,,,,,,,881.0,4.0,2017-05-08,2017-05-11,2017-05-11,3.0,9.0,,,,,,,,,,
,,orders.csv,,,196.0,,,,,,,,,882.0,4.0,2017-05-09,2017-05-12,2017-05-10,2.0,6.0,,,,,,,,,,
,,orders.csv,,,507.0,,,,,,,,,883.0,4.0,2017-05-11,2017-05-13,2017-05-14,2.0,6.0,,,,,,,,,,
,,orders.csv,,,871.0,,,,,,,,,884.0,4.0,2017-05-11,2017-05-13,2017-05-12,2.0,7.0,,,,,,,,,,
,,orders.csv,,,66.0,,,,,,,,,885.0,3.0,2017-05-13,2017-05-13,,3.0,8.0,,,,,,,,,,
,,orders.csv,,,1396.0,,,,,,,,,886.0,4.0,2017-05-13,2017-05-14,2017-05-15,1.0,2.0,,,,,,,,,,
,,orders.csv,,,1195.0,,,,,,,,,887.0,4.0,2017-05-13,2017-05-15,2017-05-15,2.0,6.0,,,,,,,,,,
,,orders.csv,,,1038.0,,,,,,,,,888.0,4.0,2017-05-14,2017-05-16,2017-05-16,2.0,7.0,,,,,,,,,,
,,orders.csv,,,830.0,,,,,,,,,889.0,4.0,2017-05-14,2017-05-17,2017-05-15,3.0,8.0,,,,,,,,,,
,,orders.csv,,,171.0,,,,,,,,,890.0,4.0,2017-05-15,2017-05-18,2017-05-18,2.0,6.0,,,,,,,,,,
,,orders.csv,,,384.0,,,,,,,,,891.0,4.0,2017-05-15,2017-05-18,2017-05-16,2.0,6.0,,,,,,,,,,
,,orders.csv,,,651.0,,,,,,,,,892.0,4.0,2017-05-15,2017-05-18,2017-05-17,2.0,7.0,,,,,,,,,,
,,orders.csv,,,1293.0,,,,,,,,,893.0,4.0,2017-05-16,2017-05-19,2017-05-19,2.0,7.0,,,,,,,,,,
,,orders.csv,,,1320.0,,,,,,,,,894.0,4.0,2017-05-16,2017-05-19,2017-05-19,2.0,6.0,,,,,,,,,,
,,orders.csv,,,857.0,,,,,,,,,895.0,4.0,2017-05-18,2017-05-21,2017-05-19,2.0,6.0,,,,,,,,,,
,,orders.csv,,,376.0,,,,,,,,,896.0,4.0,2017-05-19,2017-05-22,2017-05-21,3.0,9.0,,,,,,,,,,
,,orders.csv,,,47.0,,,,,,,,,897.0,4.0,2017-05-20,2017-05-21,2017-05-21,1.0,2.0,,,,,,,,,,
,,orders.csv,,,352.0,,,,,,,,,898.0,4.0,2017-05-20,2017-05-21,2017-05-22,2.0,6.0,,,,,,,,,,
,,orders.csv,,,605.0,,,,,,,,,899.0,4.0,2017-05-20,2017-05-21,2017-05-21,2.0,7.0,,,,,,,,,,
,,orders.csv,,,971.0,,,,,,,,,900.0,4.0,2017-05-20,2017-05-21,2017-05-22,2.0,6.0,,,,,,,,,,
,,orders.csv,,,345.0,,,,,,,,,901.0,4.0,2017-05-21,2017-05-22,2017-05-24,2.0,7.0,,,,,,,,,,
,,orders.csv,,,1278.0,,,,,,,,,902.0,4.0,2017-05-21,2017-05-24,2017-05-22,2.0,6.0,,,,,,,,,,
,,orders.csv,,,179.0,,,,,,,,,903.0,4.0,2017-05-22,2017-05-23,2017-05-24,2.0,7.0,,,,,,,,,,
,,orders.csv,,,1020.0,,,,,,,,,904.0,4.0,2017-05-23,2017-05-26,2017-05-24,1.0,2.0,,,,,,,,,,
,,orders.csv,,,609.0,,,,,,,,,905.0,4.0,2017-05-23,2017-05-26,2017-05-24,2.0,6.0,,,,,,,,,,
,,orders.csv,,,877.0,,,,,,,,,906.0,4.0,2017-05-23,2017-05-26,2017-05-26,2.0,7.0,,,,,,,,,,
,,orders.csv,,,120.0,,,,,,,,,907.0,4.0,2017-05-24,2017-05-26,2017-05-27,1.0,2.0,,,,,,,,,,
,,orders.csv,,,402.0,,,,,,,,,908.0,4.0,2017-05-25,2017-05-28,2017-05-27,2.0,7.0,,,,,,,,,,
,,orders.csv,,,188.0,,,,,,,,,909.0,4.0,2017-05-26,2017-05-27,2017-05-28,1.0,2.0,,,,,,,,,,
,,orders.csv,,,342.0,,,,,,,,,910.0,4.0,2017-05-26,2017-05-28,2017-05-28,2.0,7.0,,,,,,,,,,
,,orders.csv,,,887.0,,,,,,,,,911.0,4.0,2017-05-26,2017-05-29,2017-05-29,2.0,6.0,,,,,,,,,,
,,orders.csv,,,519.0,,,,,,,,,912.0,4.0,2017-05-27,2017-05-29,2017-05-29,1.0,2.0,,,,,,,,,,
,,orders.csv,,,699.0,,,,,,,,,913.0,4.0,2017-05-27,2017-05-29,2017-05-29,2.0,6.0,,,,,,,,,,
,,orders.csv,,,1068.0,,,,,,,,,914.0,4.0,2017-05-28,2017-05-31,2017-05-31,1.0,2.0,,,,,,,,,,
,,orders.csv,,,215.0,,,,,,,,,915.0,4.0,2017-05-28,2017-05-30,2017-05-30,2.0,6.0,,,,,,,,,,
,,orders.csv,,,718.0,,,,,,,,,916.0,4.0,2017-05-28,2017-05-29,2017-05-29,2.0,6.0,,,,,,,,,,
,,orders.csv,,,881.0,,,,,,,,,917.0,4.0,2017-05-29,2017-05-31,2017-06-01,1.0,2.0,,,,,,,,,,
,,orders.csv,,,242.0,,,,,,,,,918.0,4.0,2017-05-30,2017-05-31,2017-05-31,1.0,3.0,,,,,,,,,,
,,orders.csv,,,781.0,,,,,,,,,919.0,4.0,2017-05-30,2017-05-31,2017-05-31,2.0,7.0,,,,,,,,,,
,,orders.csv,,,966.0,,,,,,,,,920.0,4.0,2017-05-30,2017-06-01,2017-06-02,2.0,7.0,,,,,,,,,,
,,orders.csv,,,628.0,,,,,,,,,921.0,4.0,2017-05-31,2017-06-02,2017-06-02,2.0,6.0,,,,,,,,,,
,,orders.csv,,,656.0,,,,,,,,,922.0,4.0,2017-05-31,2017-06-01,2017-06-03,2.0,6.0,,,,,,,,,,
,,orders.csv,,,769.0,,,,,,,,,923.0,4.0,2017-05-31,2017-06-03,2017-06-02,2.0,7.0,,,,,,,,,,
,,orders.csv,,,68.0,,,,,,,,,924.0,3.0,2017-06-02,2017-06-02,,3.0,8.0,,,,,,,,,,
,,orders.csv,,,1316.0,,,,,,,,,925.0,4.0,2017-06-02,2017-06-05,2017-06-03,2.0,7.0,,,,,,,,,,
,,orders.csv,,,233.0,,,,,,,,,926.0,4.0,2017-06-03,2017-06-05,2017-06-06,1.0,2.0,,,,,,,,,,
,,orders.csv,,,1438.0,,,,,,,,,927.0,4.0,2017-06-03,2017-06-05,2017-06-06,1.0,2.0,,,,,,,,,,
,,orders.csv,,,957.0,,,,,,,,,928.0,4.0,2017-06-05,2017-06-06,2017-06-06,1.0,3.0,,,,,,,,,,
,,orders.csv,,,472.0,,,,,,,,,929.0,4.0,2017-06-05,2017-06-06,2017-06-08,2.0,6.0,,,,,,,,,,
,,orders.csv,,,1224.0,,,,,,,,,930.0,4.0,2017-06-05,2017-06-06,2017-06-06,3.0,9.0,,,,,,,,,,
,,orders.csv,,,631.0,,,,,,,,,931.0,4.0,2017-06-07,2017-06-08,2017-06-08,2.0,6.0,,,,,,,,,,
,,orders.csv,,,804.0,,,,,,,,,932.0,4.0,2017-06-07,2017-06-08,2017-06-09,2.0,6.0,,,,,,,,,,
,,orders.csv,,,909.0,,,,,,,,,933.0,4.0,2017-06-07,2017-06-10,2017-06-08,2.0,6.0,,,,,,,,,,
,,orders.csv,,,93.0,,,,,,,,,934.0,4.0,2017-06-09,2017-06-10,2017-06-12,2.0,7.0,,,,,,,,,,
,,orders.csv,,,43.0,,,,,,,,,935.0,3.0,2017-06-10,2017-06-10,,3.0,8.0,,,,,,,,,,
,,orders.csv,,,265.0,,,,,,,,,936.0,4.0,2017-06-10,2017-06-13,2017-06-12,2.0,6.0,,,,,,,,,,
,,orders.csv,,,73.0,,,,,,,,,937.0,4.0,2017-06-11,2017-06-14,2017-06-13,2.0,7.0,,,,,,,,,,
,,orders.csv,,,129.0,,,,,,,,,938.0,4.0,2017-06-11,2017-06-12,2017-06-12,2.0,6.0,,,,,,,,,,
,,orders.csv,,,1407.0,,,,,,,,,939.0,4.0,2017-06-11,2017-06-12,2017-06-14,2.0,6.0,,,,,,,,,,
,,orders.csv,,,585.0,,,,,,,,,940.0,4.0,2017-06-12,2017-06-14,2017-06-13,1.0,2.0,,,,,,,,,,
,,orders.csv,,,736.0,,,,,,,,,941.0,4.0,2017-06-12,2017-06-14,2017-06-14,1.0,2.0,,,,,,,,,,
,,orders.csv,,,537.0,,,,,,,,,942.0,4.0,2017-06-13,2017-06-16,2017-06-15,2.0,6.0,,,,,,,,,,
,,orders.csv,,,1025.0,,,,,,,,,943.0,4.0,2017-06-13,2017-06-15,2017-06-15,2.0,6.0,,,,,,,,,,
,,orders.csv,,,138.0,,,,,,,,,944.0,4.0,2017-06-14,2017-06-15,2017-06-17,1.0,3.0,,,,,,,,,,
,,orders.csv,,,167.0,,,,,,,,,945.0,4.0,2017-06-14,2017-06-15,2017-06-16,2.0,7.0,,,,,,,,,,
,,orders.csv,,,525.0,,,,,,,,,946.0,4.0,2017-06-14,2017-06-16,2017-06-15,2.0,6.0,,,,,,,,,,
,,orders.csv,,,278.0,,,,,,,,,947.0,4.0,2017-06-15,2017-06-18,2017-06-17,1.0,3.0,,,,,,,,,,
,,orders.csv,,,618.0,,,,,,,,,948.0,4.0,2017-06-15,2017-06-17,2017-06-17,2.0,6.0,,,,,,,,,,
,,orders.csv,,,867.0,,,,,,,,,949.0,4.0,2017-06-16,2017-06-18,2017-06-17,1.0,3.0,,,,,,,,,,
,,orders.csv,,,142.0,,,,,,,,,950.0,4.0,2017-06-16,2017-06-19,2017-06-18,2.0,6.0,,,,,,,,,,
,,orders.csv,,,339.0,,,,,,,,,951.0,4.0,2017-06-16,2017-06-19,2017-06-19,2.0,7.0,,,,,,,,,,
,,orders.csv,,,355.0,,,,,,,,,952.0,4.0,2017-06-16,2017-06-18,2017-06-18,2.0,7.0,,,,,,,,,,
,,orders.csv,,,658.0,,,,,,,,,953.0,4.0,2017-06-16,2017-06-18,2017-06-17,2.0,7.0,,,,,,,,,,
,,orders.csv,,,611.0,,,,,,,,,954.0,4.0,2017-06-17,2017-06-20,2017-06-20,2.0,6.0,,,,,,,,,,
,,orders.csv,,,880.0,,,,,,,,,955.0,4.0,2017-06-17,2017-06-19,2017-06-18,2.0,6.0,,,,,,,,,,
,,orders.csv,,,1184.0,,,,,,,,,956.0,4.0,2017-06-17,2017-06-19,2017-06-20,2.0,6.0,,,,,,,,,,
,,orders.csv,,,722.0,,,,,,,,,957.0,4.0,2017-06-17,2017-06-20,2017-06-20,3.0,9.0,,,,,,,,,,
,,orders.csv,,,1276.0,,,,,,,,,958.0,4.0,2017-06-18,2017-06-20,2017-06-19,1.0,2.0,,,,,,,,,,
,,orders.csv,,,650.0,,,,,,,,,959.0,4.0,2017-06-18,2017-06-21,2017-06-21,2.0,7.0,,,,,,,,,,
,,orders.csv,,,1390.0,,,,,,,,,960.0,4.0,2017-06-18,2017-06-19,2017-06-19,2.0,7.0,,,,,,,,,,
,,orders.csv,,,82.0,,,,,,,,,961.0,4.0,2017-06-19,2017-06-21,2017-06-22,1.0,2.0,,,,,,,,,,
,,orders.csv,,,570.0,,,,,,,,,962.0,4.0,2017-06-19,2017-06-22,2017-06-20,2.0,7.0,,,,,,,,,,
,,orders.csv,,,1432.0,,,,,,,,,963.0,4.0,2017-06-19,2017-06-21,2017-06-21,2.0,6.0,,,,,,,,,,
,,orders.csv,,,404.0,,,,,,,,,964.0,4.0,2017-06-20,2017-06-22,2017-06-22,2.0,7.0,,,,,,,,,,
,,orders.csv,,,457.0,,,,,,,,,965.0,4.0,2017-06-20,2017-06-22,2017-06-23,2.0,6.0,,,,,,,,,,
,,orders.csv,,,389.0,,,,,,,,,966.0,4.0,2017-06-20,2017-06-22,2017-06-22,3.0,8.0,,,,,,,,,,
,,orders.csv,,,1323.0,,,,,,,,,967.0,4.0,2017-06-21,2017-06-24,2017-06-24,2.0,6.0,,,,,,,,,,
,,orders.csv,,,1403.0,,,,,,,,,968.0,4.0,2017-06-21,2017-06-23,2017-06-23,2.0,6.0,,,,,,,,,,
,,orders.csv,,,248.0,,,,,,,,,969.0,4.0,2017-06-21,2017-06-24,2017-06-22,3.0,9.0,,,,,,,,,,
,,orders.csv,,,836.0,,,,,,,,,970.0,4.0,2017-06-22,2017-06-25,2017-06-23,2.0,7.0,,,,,,,,,,
,,orders.csv,,,1426.0,,,,,,,,,971.0,4.0,2017-06-22,2017-06-23,2017-06-24,3.0,8.0,,,,,,,,,,
,,orders.csv,,,270.0,,,,,,,,,972.0,4.0,2017-06-23,2017-06-24,2017-06-25,2.0,7.0,,,,,,,,,,
,,orders.csv,,,238.0,,,,,,,,,973.0,4.0,2017-06-24,2017-06-27,2017-06-27,2.0,6.0,,,,,,,,,,
,,orders.csv,,,511.0,,,,,,,,,974.0,4.0,2017-06-24,2017-06-27,2017-06-27,3.0,8.0,,,,,,,,,,
,,orders.csv,,,1092.0,,,,,,,,,975.0,4.0,2017-06-25,2017-06-27,2017-06-28,2.0,6.0,,,,,,,,,,
,,orders.csv,,,1266.0,,,,,,,,,976.0,4.0,2017-06-25,2017-06-28,2017-06-27,3.0,9.0,,,,,,,,,,
,,orders.csv,,,400.0,,,,,,,,,977.0,4.0,2017-06-26,2017-06-28,2017-06-27,2.0,7.0,,,,,,,,,,
,,orders.csv,,,1123.0,,,,,,,,,978.0,4.0,2017-06-26,2017-06-28,2017-06-27,2.0,6.0,,,,,,,,,,
,,orders.csv,,,1190.0,,,,,,,,,979.0,4.0,2017-06-26,2017-06-29,2017-06-27,2.0,6.0,,,,,,,,,,
,,orders.csv,,,328.0,,,,,,,,,980.0,4.0,2017-06-26,2017-06-28,2017-06-27,3.0,9.0,,,,,,,,,,
,,orders.csv,,,687.0,,,,,,,,,981.0,4.0,2017-06-26,2017-06-29,2017-06-28,3.0,8.0,,,,,,,,,,
,,orders.csv,,,1423.0,,,,,,,,,982.0,4.0,2017-06-26,2017-06-29,2017-06-28,3.0,9.0,,,,,,,,,,
,,orders.csv,,,1158.0,,,,,,,,,983.0,4.0,2017-06-27,2017-06-28,2017-06-29,2.0,6.0,,,,,,,,,,
,,orders.csv,,,1287.0,,,,,,,,,984.0,4.0,2017-06-27,2017-06-28,2017-06-29,2.0,7.0,,,,,,,,,,
,,orders.csv,,,461.0,,,,,,,,,985.0,4.0,2017-06-30,2017-07-02,2017-07-01,2.0,6.0,,,,,,,,,,
,,orders.csv,,,556.0,,,,,,,,,986.0,4.0,2017-06-30,2017-07-03,2017-07-01,2.0,7.0,,,,,,,,,,
,,orders.csv,,,172.0,,,,,,,,,987.0,4.0,2017-07-02,2017-07-04,2017-07-04,1.0,2.0,,,,,,,,,,
,,orders.csv,,,436.0,,,,,,,,,988.0,4.0,2017-07-02,2017-07-04,2017-07-05,2.0,6.0,,,,,,,,,,
,,orders.csv,,,1145.0,,,,,,,,,989.0,4.0,2017-07-02,2017-07-04,2017-07-03,2.0,6.0,,,,,,,,,,
,,orders.csv,,,706.0,,,,,,,,,990.0,4.0,2017-07-04,2017-07-07,2017-07-07,2.0,7.0,,,,,,,,,,
,,orders.csv,,,751.0,,,,,,,,,991.0,4.0,2017-07-06,2017-07-07,2017-07-09,1.0,2.0,,,,,,,,,,
,,orders.csv,,,723.0,,,,,,,,,992.0,4.0,2017-07-07,2017-07-10,2017-07-09,2.0,7.0,,,,,,,,,,
,,orders.csv,,,1415.0,,,,,,,,,993.0,4.0,2017-07-09,2017-07-11,2017-07-11,1.0,3.0,,,,,,,,,,
,,orders.csv,,,419.0,,,,,,,,,994.0,4.0,2017-07-09,2017-07-11,2017-07-11,2.0,7.0,,,,,,,,,,
,,orders.csv,,,621.0,,,,,,,,,995.0,4.0,2017-07-11,2017-07-13,2017-07-14,1.0,2.0,,,,,,,,,,
,,orders.csv,,,915.0,,,,,,,,,996.0,4.0,2017-07-11,2017-07-12,2017-07-12,1.0,2.0,,,,,,,,,,
,,orders.csv,,,485.0,,,,,,,,,997.0,4.0,2017-07-11,2017-07-13,2017-07-14,2.0,7.0,,,,,,,,,,
,,orders.csv,,,219.0,,,,,,,,,998.0,4.0,2017-07-12,2017-07-13,2017-07-14,2.0,7.0,,,,,,,,,,
,,orders.csv,,,590.0,,,,,,,,,999.0,4.0,2017-07-12,2017-07-13,2017-07-14,2.0,6.0,,,,,,,,,,
,,orders.csv,,,645.0,,,,,,,,,1000.0,4.0,2017-07-12,2017-07-14,2017-07-15,2.0,7.0,,,,,,,,,,
,,orders.csv,,,354.0,,,,,,,,,1001.0,4.0,2017-07-13,2017-07-16,2017-07-15,2.0,6.0,,,,,,,,,,
,,orders.csv,,,1418.0,,,,,,,,,1002.0,4.0,2017-07-14,2017-07-16,2017-07-16,1.0,3.0,,,,,,,,,,
,,orders.csv,,,503.0,,,,,,,,,1003.0,4.0,2017-07-14,2017-07-16,2017-07-16,2.0,7.0,,,,,,,,,,
,,orders.csv,,,1389.0,,,,,,,,,1004.0,4.0,2017-07-14,2017-07-17,2017-07-16,2.0,6.0,,,,,,,,,,
,,orders.csv,,,266.0,,,,,,,,,1005.0,4.0,2017-07-15,2017-07-17,2017-07-16,2.0,7.0,,,,,,,,,,
,,orders.csv,,,1070.0,,,,,,,,,1006.0,4.0,2017-07-15,2017-07-18,2017-07-17,2.0,7.0,,,,,,,,,,
,,orders.csv,,,1115.0,,,,,,,,,1007.0,4.0,2017-07-16,2017-07-17,2017-07-17,2.0,6.0,,,,,,,,,,
,,orders.csv,,,1345.0,,,,,,,,,1008.0,4.0,2017-07-16,2017-07-18,2017-07-18,2.0,6.0,,,,,,,,,,
,,orders.csv,,,1064.0,,,,,,,,,1009.0,4.0,2017-07-16,2017-07-19,2017-07-19,3.0,8.0,,,,,,,,,,
,,orders.csv,,,8.0,,,,,,,,,1010.0,3.0,2017-07-18,2017-07-18,,2.0,7.0,,,,,,,,,,
,,orders.csv,,,495.0,,,,,,,,,1011.0,4.0,2017-07-18,2017-07-21,2017-07-21,1.0,3.0,,,,,,,,,,
,,orders.csv,,,620.0,,,,,,,,,1012.0,4.0,2017-07-18,2017-07-20,2017-07-20,2.0,7.0,,,,,,,,,,
,,orders.csv,,,174.0,,,,,,,,,1013.0,4.0,2017-07-19,2017-07-22,2017-07-21,2.0,6.0,,,,,,,,,,
,,orders.csv,,,748.0,,,,,,,,,1014.0,4.0,2017-07-19,2017-07-21,2017-07-21,2.0,6.0,,,,,,,,,,
,,orders.csv,,,799.0,,,,,,,,,1015.0,4.0,2017-07-19,2017-07-22,2017-07-21,2.0,7.0,,,,,,,,,,
,,orders.csv,,,1417.0,,,,,,,,,1016.0,4.0,2017-07-19,2017-07-20,2017-07-21,3.0,9.0,,,,,,,,,,
,,orders.csv,,,168.0,,,,,,,,,1017.0,4.0,2017-07-20,2017-07-21,2017-07-23,2.0,6.0,,,,,,,,,,
,,orders.csv,,,290.0,,,,,,,,,1018.0,4.0,2017-07-22,2017-07-23,2017-07-23,2.0,6.0,,,,,,,,,,
,,orders.csv,,,408.0,,,,,,,,,1019.0,4.0,2017-07-22,2017-07-23,2017-07-24,2.0,7.0,,,,,,,,,,
,,orders.csv,,,16.0,,,,,,,,,1020.0,3.0,2017-07-23,2017-07-23,,2.0,6.0,,,,,,,,,,
,,orders.csv,,,125.0,,,,,,,,,1021.0,4.0,2017-07-23,2017-07-24,2017-07-26,2.0,6.0,,,,,,,,,,
,,orders.csv,,,353.0,,,,,,,,,1022.0,4.0,2017-07-23,2017-07-26,2017-07-24,2.0,7.0,,,,,,,,,,
,,orders.csv,,,356.0,,,,,,,,,1023.0,4.0,2017-07-23,2017-07-26,2017-07-25,2.0,6.0,,,,,,,,,,
,,orders.csv,,,837.0,,,,,,,,,1024.0,4.0,2017-07-23,2017-07-25,2017-07-26,2.0,7.0,,,,,,,,,,
,,orders.csv,,,1304.0,,,,,,,,,1025.0,4.0,2017-07-23,2017-07-26,2017-07-26,2.0,6.0,,,,,,,,,,
,,orders.csv,,,1370.0,,,,,,,,,1026.0,4.0,2017-07-26,2017-07-28,2017-07-29,1.0,2.0,,,,,,,,,,
,,orders.csv,,,588.0,,,,,,,,,1027.0,4.0,2017-07-26,2017-07-28,2017-07-28,2.0,6.0,,,,,,,,,,
,,orders.csv,,,1273.0,,,,,,,,,1028.0,4.0,2017-07-27,2017-07-28,2017-07-30,2.0,7.0,,,,,,,,,,
,,orders.csv,,,407.0,,,,,,,,,1029.0,4.0,2017-07-29,2017-07-30,2017-08-01,1.0,3.0,,,,,,,,,,
,,orders.csv,,,161.0,,,,,,,,,1030.0,4.0,2017-07-29,2017-07-30,2017-07-31,2.0,6.0,,,,,,,,,,
,,orders.csv,,,1308.0,,,,,,,,,1031.0,4.0,2017-07-30,2017-08-01,2017-08-02,1.0,2.0,,,,,,,,,,
,,orders.csv,,,429.0,,,,,,,,,1032.0,4.0,2017-07-30,2017-08-02,2017-08-01,2.0,6.0,,,,,,,,,,
,,orders.csv,,,582.0,,,,,,,,,1033.0,4.0,2017-07-30,2017-07-31,2017-08-02,2.0,7.0,,,,,,,,,,
,,orders.csv,,,895.0,,,,,,,,,1034.0,4.0,2017-07-30,2017-07-31,2017-07-31,2.0,7.0,,,,,,,,,,
,,orders.csv,,,1283.0,,,,,,,,,1035.0,4.0,2017-07-30,2017-08-02,2017-08-02,2.0,6.0,,,,,,,,,,
,,orders.csv,,,1442.0,,,,,,,,,1036.0,4.0,2017-07-30,2017-08-01,2017-07-31,2.0,6.0,,,,,,,,,,
,,orders.csv,,,1229.0,,,,,,,,,1037.0,4.0,2017-07-31,2017-08-02,2017-08-03,2.0,6.0,,,,,,,,,,
,,orders.csv,,,1281.0,,,,,,,,,1038.0,4.0,2017-07-31,2017-08-01,2017-08-03,2.0,7.0,,,,,,,,,,
,,orders.csv,,,1077.0,,,,,,,,,1039.0,4.0,2017-08-02,2017-08-04,2017-08-03,2.0,7.0,,,,,,,,,,
,,orders.csv,,,1225.0,,,,,,,,,1040.0,4.0,2017-08-04,2017-08-07,2017-08-05,1.0,2.0,,,,,,,,,,
,,orders.csv,,,70.0,,,,,,,,,1041.0,4.0,2017-08-04,2017-08-06,2017-08-05,2.0,7.0,,,,,,,,,,
,,orders.csv,,,539.0,,,,,,,,,1042.0,4.0,2017-08-06,2017-08-07,2017-08-07,2.0,7.0,,,,,,,,,,
,,orders.csv,,,1235.0,,,,,,,,,1043.0,4.0,2017-08-06,2017-08-09,2017-08-08,2.0,6.0,,,,,,,,,,
,,orders.csv,,,1270.0,,,,,,,,,1044.0,4.0,2017-08-07,2017-08-10,2017-08-08,2.0,7.0,,,,,,,,,,
,,orders.csv,,,185.0,,,,,,,,,1045.0,4.0,2017-08-07,2017-08-09,2017-08-10,3.0,9.0,,,,,,,,,,
,,orders.csv,,,1134.0,,,,,,,,,1046.0,4.0,2017-08-07,2017-08-09,2017-08-08,3.0,8.0,,,,,,,,,,
,,orders.csv,,,116.0,,,,,,,,,1047.0,3.0,2017-08-08,2017-08-08,,3.0,8.0,,,,,,,,,,
,,orders.csv,,,777.0,,,,,,,,,1048.0,4.0,2017-08-08,2017-08-10,2017-08-09,2.0,7.0,,,,,,,,,,
,,orders.csv,,,194.0,,,,,,,,,1049.0,4.0,2017-08-09,2017-08-11,2017-08-10,1.0,2.0,,,,,,,,,,
,,orders.csv,,,239.0,,,,,,,,,1050.0,4.0,2017-08-09,2017-08-12,2017-08-12,1.0,3.0,,,,,,,,,,
,,orders.csv,,,209.0,,,,,,,,,1051.0,4.0,2017-08-10,2017-08-11,2017-08-11,2.0,7.0,,,,,,,,,,
,,orders.csv,,,460.0,,,,,,,,,1052.0,4.0,2017-08-10,2017-08-12,2017-08-13,2.0,6.0,,,,,,,,,,
,,orders.csv,,,1439.0,,,,,,,,,1053.0,4.0,2017-08-10,2017-08-11,2017-08-12,2.0,6.0,,,,,,,,,,
,,orders.csv,,,189.0,,,,,,,,,1054.0,4.0,2017-08-11,2017-08-12,2017-08-12,2.0,7.0,,,,,,,,,,
,,orders.csv,,,140.0,,,,,,,,,1055.0,4.0,2017-08-12,2017-08-15,2017-08-15,2.0,6.0,,,,,,,,,,
,,orders.csv,,,325.0,,,,,,,,,1056.0,4.0,2017-08-12,2017-08-15,2017-08-13,2.0,7.0,,,,,,,,,,
,,orders.csv,,,456.0,,,,,,,,,1057.0,4.0,2017-08-12,2017-08-15,2017-08-13,2.0,7.0,,,,,,,,,,
,,orders.csv,,,782.0,,,,,,,,,1058.0,4.0,2017-08-13,2017-08-16,2017-08-14,2.0,6.0,,,,,,,,,,
,,orders.csv,,,6.0,,,,,,,,,1059.0,4.0,2017-08-14,2017-08-17,2017-08-17,2.0,7.0,,,,,,,,,,
,,orders.csv,,,182.0,,,,,,,,,1060.0,4.0,2017-08-15,2017-08-18,2017-08-17,2.0,6.0,,,,,,,,,,
,,orders.csv,,,655.0,,,,,,,,,1061.0,4.0,2017-08-15,2017-08-18,2017-08-18,2.0,7.0,,,,,,,,,,
,,orders.csv,,,1210.0,,,,,,,,,1062.0,4.0,2017-08-15,2017-08-17,2017-08-18,2.0,6.0,,,,,,,,,,
,,orders.csv,,,198.0,,,,,,,,,1063.0,4.0,2017-08-16,2017-08-19,2017-08-19,3.0,8.0,,,,,,,,,,
,,orders.csv,,,898.0,,,,,,,,,1064.0,4.0,2017-08-16,2017-08-18,2017-08-19,3.0,9.0,,,,,,,,,,
,,orders.csv,,,25.0,,,,,,,,,1065.0,4.0,2017-08-17,2017-08-19,2017-08-19,2.0,7.0,,,,,,,,,,
,,orders.csv,,,106.0,,,,,,,,,1066.0,4.0,2017-08-17,2017-08-20,2017-08-19,2.0,7.0,,,,,,,,,,
,,orders.csv,,,225.0,,,,,,,,,1067.0,4.0,2017-08-17,2017-08-19,2017-08-19,2.0,7.0,,,,,,,,,,
,,orders.csv,,,453.0,,,,,,,,,1068.0,4.0,2017-08-17,2017-08-20,2017-08-19,2.0,7.0,,,,,,,,,,
,,orders.csv,,,493.0,,,,,,,,,1069.0,4.0,2017-08-17,2017-08-19,2017-08-18,2.0,6.0,,,,,,,,,,
,,orders.csv,,,596.0,,,,,,,,,1070.0,4.0,2017-08-17,2017-08-20,2017-08-18,2.0,7.0,,,,,,,,,,
,,orders.csv,,,602.0,,,,,,,,,1071.0,4.0,2017-08-17,2017-08-20,2017-08-18,3.0,8.0,,,,,,,,,,
,,orders.csv,,,47.0,,,,,,,,,1072.0,3.0,2017-08-18,2017-08-18,,1.0,3.0,,,,,,,,,,
,,orders.csv,,,911.0,,,,,,,,,1073.0,4.0,2017-08-18,2017-08-19,2017-08-21,2.0,7.0,,,,,,,,,,
,,orders.csv,,,11.0,,,,,,,,,1074.0,3.0,2017-08-19,2017-08-19,,2.0,6.0,,,,,,,,,,
,,orders.csv,,,1003.0,,,,,,,,,1075.0,4.0,2017-08-19,2017-08-21,2017-08-22,1.0,3.0,,,,,,,,,,
,,orders.csv,,,42.0,,,,,,,,,1076.0,4.0,2017-08-19,2017-08-22,2017-08-22,2.0,6.0,,,,,,,,,,
,,orders.csv,,,412.0,,,,,,,,,1077.0,4.0,2017-08-19,2017-08-20,2017-08-21,2.0,6.0,,,,,,,,,,
,,orders.csv,,,793.0,,,,,,,,,1078.0,4.0,2017-08-19,2017-08-21,2017-08-20,2.0,6.0,,,,,,,,,,
,,orders.csv,,,812.0,,,,,,,,,1079.0,4.0,2017-08-19,2017-08-20,2017-08-20,2.0,7.0,,,,,,,,,,
,,orders.csv,,,1086.0,,,,,,,,,1080.0,4.0,2017-08-19,2017-08-20,2017-08-20,2.0,7.0,,,,,,,,,,
,,orders.csv,,,1106.0,,,,,,,,,1081.0,4.0,2017-08-19,2017-08-22,2017-08-22,2.0,6.0,,,,,,,,,,
,,orders.csv,,,1327.0,,,,,,,,,1082.0,4.0,2017-08-20,2017-08-22,2017-08-21,2.0,6.0,,,,,,,,,,
,,orders.csv,,,1372.0,,,,,,,,,1083.0,4.0,2017-08-20,2017-08-23,2017-08-23,2.0,6.0,,,,,,,,,,
,,orders.csv,,,2.0,,,,,,,,,1084.0,4.0,2017-08-21,2017-08-24,2017-08-23,1.0,2.0,,,,,,,,,,
,,orders.csv,,,305.0,,,,,,,,,1085.0,4.0,2017-08-21,2017-08-23,2017-08-23,1.0,3.0,,,,,,,,,,
,,orders.csv,,,220.0,,,,,,,,,1086.0,4.0,2017-08-21,2017-08-23,2017-08-24,2.0,7.0,,,,,,,,,,
,,orders.csv,,,675.0,,,,,,,,,1087.0,4.0,2017-08-22,2017-08-23,2017-08-25,3.0,8.0,,,,,,,,,,
,,orders.csv,,,1160.0,,,,,,,,,1088.0,4.0,2017-08-22,2017-08-23,2017-08-23,3.0,8.0,,,,,,,,,,
,,orders.csv,,,46.0,,,,,,,,,1089.0,3.0,2017-08-23,2017-08-23,,1.0,2.0,,,,,,,,,,
,,orders.csv,,,1427.0,,,,,,,,,1090.0,4.0,2017-08-24,2017-08-26,2017-08-26,1.0,2.0,,,,,,,,,,
,,orders.csv,,,1260.0,,,,,,,,,1091.0,4.0,2017-08-24,2017-08-25,2017-08-25,2.0,7.0,,,,,,,,,,
,,orders.csv,,,40.0,,,,,,,,,1092.0,4.0,2017-08-25,2017-08-28,2017-08-27,1.0,2.0,,,,,,,,,,
,,orders.csv,,,326.0,,,,,,,,,1093.0,4.0,2017-08-25,2017-08-28,2017-08-26,1.0,3.0,,,,,,,,,,
,,orders.csv,,,828.0,,,,,,,,,1094.0,4.0,2017-08-25,2017-08-27,2017-08-28,2.0,6.0,,,,,,,,,,
,,orders.csv,,,1382.0,,,,,,,,,1095.0,4.0,2017-08-26,2017-08-28,2017-08-27,3.0,9.0,,,,,,,,,,
,,orders.csv,,,589.0,,,,,,,,,1096.0,4.0,2017-08-27,2017-08-29,2017-08-29,1.0,2.0,,,,,,,,,,
,,orders.csv,,,1311.0,,,,,,,,,1097.0,4.0,2017-08-27,2017-08-30,2017-08-28,2.0,6.0,,,,,,,,,,
,,orders.csv,,,752.0,,,,,,,,,1098.0,4.0,2017-08-28,2017-08-30,2017-08-30,1.0,2.0,,,,,,,,,,
,,orders.csv,,,1128.0,,,,,,,,,1099.0,4.0,2017-08-28,2017-08-29,2017-08-30,2.0,6.0,,,,,,,,,,
,,orders.csv,,,1392.0,,,,,,,,,1100.0,4.0,2017-08-28,2017-08-29,2017-08-29,2.0,7.0,,,,,,,,,,
,,orders.csv,,,379.0,,,,,,,,,1101.0,4.0,2017-08-29,2017-08-30,2017-08-30,2.0,7.0,,,,,,,,,,
,,orders.csv,,,1317.0,,,,,,,,,1102.0,4.0,2017-08-29,2017-08-31,2017-08-31,2.0,6.0,,,,,,,,,,
,,orders.csv,,,1394.0,,,,,,,,,1103.0,4.0,2017-08-31,2017-09-02,2017-09-02,2.0,7.0,,,,,,,,,,
,,orders.csv,,,268.0,,,,,,,,,1104.0,4.0,2017-09-01,2017-09-04,2017-09-03,2.0,6.0,,,,,,,,,,
,,orders.csv,,,747.0,,,,,,,,,1105.0,4.0,2017-09-01,2017-09-04,2017-09-03,3.0,8.0,,,,,,,,,,
,,orders.csv,,,1009.0,,,,,,,,,1106.0,4.0,2017-09-02,2017-09-04,2017-09-04,2.0,6.0,,,,,,,,,,
,,orders.csv,,,1424.0,,,,,,,,,1107.0,4.0,2017-09-02,2017-09-05,2017-09-05,2.0,7.0,,,,,,,,,,
,,orders.csv,,,735.0,,,,,,,,,1108.0,4.0,2017-09-03,2017-09-05,2017-09-04,1.0,3.0,,,,,,,,,,
,,orders.csv,,,23.0,,,,,,,,,1109.0,4.0,2017-09-03,2017-09-04,2017-09-04,2.0,6.0,,,,,,,,,,
,,orders.csv,,,912.0,,,,,,,,,1110.0,4.0,2017-09-04,2017-09-07,2017-09-07,2.0,6.0,,,,,,,,,,
,,orders.csv,,,930.0,,,,,,,,,1111.0,4.0,2017-09-04,2017-09-06,2017-09-05,2.0,6.0,,,,,,,,,,
,,orders.csv,,,798.0,,,,,,,,,1112.0,4.0,2017-09-05,2017-09-08,2017-09-07,2.0,7.0,,,,,,,,,,
,,orders.csv,,,388.0,,,,,,,,,1113.0,4.0,2017-09-06,2017-09-08,2017-09-07,2.0,7.0,,,,,,,,,,
,,orders.csv,,,1036.0,,,,,,,,,1114.0,4.0,2017-09-06,2017-09-08,2017-09-08,2.0,6.0,,,,,,,,,,
,,orders.csv,,,1100.0,,,,,,,,,1115.0,4.0,2017-09-07,2017-09-09,2017-09-09,2.0,6.0,,,,,,,,,,
,,orders.csv,,,52.0,,,,,,,,,1116.0,4.0,2017-09-08,2017-09-10,2017-09-10,2.0,7.0,,,,,,,,,,
,,orders.csv,,,334.0,,,,,,,,,1117.0,4.0,2017-09-08,2017-09-10,2017-09-10,2.0,6.0,,,,,,,,,,
,,orders.csv,,,1023.0,,,,,,,,,1118.0,4.0,2017-09-08,2017-09-11,2017-09-11,2.0,6.0,,,,,,,,,,
,,orders.csv,,,749.0,,,,,,,,,1119.0,4.0,2017-09-10,2017-09-12,2017-09-13,1.0,2.0,,,,,,,,,,
,,orders.csv,,,1269.0,,,,,,,,,1120.0,4.0,2017-09-10,2017-09-12,2017-09-13,2.0,7.0,,,,,,,,,,
,,orders.csv,,,143.0,,,,,,,,,1121.0,4.0,2017-09-11,2017-09-13,2017-09-12,2.0,7.0,,,,,,,,,,
,,orders.csv,,,1132.0,,,,,,,,,1122.0,4.0,2017-09-12,2017-09-14,2017-09-14,2.0,6.0,,,,,,,,,,
,,orders.csv,,,598.0,,,,,,,,,1123.0,4.0,2017-09-13,2017-09-14,2017-09-14,2.0,7.0,,,,,,,,,,
,,orders.csv,,,275.0,,,,,,,,,1124.0,4.0,2017-09-13,2017-09-14,2017-09-16,3.0,9.0,,,,,,,,,,
,,orders.csv,,,945.0,,,,,,,,,1125.0,4.0,2017-09-14,2017-09-15,2017-09-15,2.0,7.0,,,,,,,,,,
,,orders.csv,,,1213.0,,,,,,,,,1126.0,4.0,2017-09-14,2017-09-16,2017-09-15,3.0,8.0,,,,,,,,,,
,,orders.csv,,,494.0,,,,,,,,,1127.0,4.0,2017-09-15,2017-09-16,2017-09-16,2.0,7.0,,,,,,,,,,
,,orders.csv,,,936.0,,,,,,,,,1128.0,4.0,2017-09-15,2017-09-17,2017-09-16,2.0,6.0,,,,,,,,,,
,,orders.csv,,,663.0,,,,,,,,,1129.0,4.0,2017-09-17,2017-09-18,2017-09-20,2.0,6.0,,,,,,,,,,
,,orders.csv,,,69.0,,,,,,,,,1130.0,4.0,2017-09-18,2017-09-20,2017-09-20,1.0,3.0,,,,,,,,,,
,,orders.csv,,,1178.0,,,,,,,,,1131.0,4.0,2017-09-18,2017-09-20,2017-09-19,1.0,3.0,,,,,,,,,,
,,orders.csv,,,351.0,,,,,,,,,1132.0,4.0,2017-09-19,2017-09-20,2017-09-20,2.0,6.0,,,,,,,,,,
,,orders.csv,,,517.0,,,,,,,,,1133.0,4.0,2017-09-19,2017-09-21,2017-09-21,2.0,7.0,,,,,,,,,,
,,orders.csv,,,978.0,,,,,,,,,1134.0,4.0,2017-09-19,2017-09-22,2017-09-20,2.0,6.0,,,,,,,,,,
,,orders.csv,,,1347.0,,,,,,,,,1135.0,4.0,2017-09-19,2017-09-21,2017-09-20,2.0,6.0,,,,,,,,,,
,,orders.csv,,,1050.0,,,,,,,,,1136.0,4.0,2017-09-20,2017-09-21,2017-09-21,2.0,6.0,,,,,,,,,,
,,orders.csv,,,810.0,,,,,,,,,1137.0,4.0,2017-09-20,2017-09-23,2017-09-23,3.0,8.0,,,,,,,,,,
,,orders.csv,,,254.0,,,,,,,,,1138.0,4.0,2017-09-21,2017-09-23,2017-09-22,1.0,2.0,,,,,,,,,,
,,orders.csv,,,1006.0,,,,,,,,,1139.0,4.0,2017-09-21,2017-09-22,2017-09-23,1.0,2.0,,,,,,,,,,
,,orders.csv,,,1063.0,,,,,,,,,1140.0,4.0,2017-09-21,2017-09-22,2017-09-22,3.0,8.0,,,,,,,,,,
,,orders.csv,,,1076.0,,,,,,,,,1141.0,4.0,2017-09-22,2017-09-23,2017-09-24,1.0,2.0,,,,,,,,,,
,,orders.csv,,,554.0,,,,,,,,,1142.0,4.0,2017-09-23,2017-09-26,2017-09-26,1.0,3.0,,,,,,,,,,
,,orders.csv,,,1087.0,,,,,,,,,1143.0,4.0,2017-09-24,2017-09-26,2017-09-27,1.0,2.0,,,,,,,,,,
,,orders.csv,,,1414.0,,,,,,,,,1144.0,4.0,2017-09-24,2017-09-27,2017-09-27,2.0,7.0,,,,,,,,,,
,,orders.csv,,,617.0,,,,,,,,,1145.0,4.0,2017-09-25,2017-09-27,2017-09-26,2.0,6.0,,,,,,,,,,
,,orders.csv,,,757.0,,,,,,,,,1146.0,4.0,2017-09-25,2017-09-26,2017-09-28,2.0,7.0,,,,,,,,,,
,,orders.csv,,,1344.0,,,,,,,,,1147.0,4.0,2017-09-25,2017-09-26,2017-09-27,2.0,6.0,,,,,,,,,,
,,orders.csv,,,1379.0,,,,,,,,,1148.0,4.0,2017-09-25,2017-09-26,2017-09-27,2.0,7.0,,,,,,,,,,
,,orders.csv,,,787.0,,,,,,,,,1149.0,4.0,2017-09-27,2017-09-30,2017-09-30,2.0,7.0,,,,,,,,,,
,,orders.csv,,,1183.0,,,,,,,,,1150.0,4.0,2017-09-28,2017-10-01,2017-09-30,2.0,7.0,,,,,,,,,,
,,orders.csv,,,708.0,,,,,,,,,1151.0,4.0,2017-09-29,2017-09-30,2017-09-30,1.0,3.0,,,,,,,,,,
,,orders.csv,,,1244.0,,,,,,,,,1152.0,4.0,2017-09-29,2017-10-02,2017-10-01,2.0,6.0,,,,,,,,,,
,,orders.csv,,,720.0,,,,,,,,,1153.0,4.0,2017-09-30,2017-10-03,2017-10-03,2.0,7.0,,,,,,,,,,
,,orders.csv,,,789.0,,,,,,,,,1154.0,4.0,2017-09-30,2017-10-03,2017-10-03,2.0,7.0,,,,,,,,,,
,,orders.csv,,,865.0,,,,,,,,,1155.0,4.0,2017-09-30,2017-10-01,2017-10-01,2.0,7.0,,,,,,,,,,
,,orders.csv,,,869.0,,,,,,,,,1156.0,4.0,2017-09-30,2017-10-03,2017-10-03,2.0,7.0,,,,,,,,,,
,,orders.csv,,,24.0,,,,,,,,,1157.0,4.0,2017-10-01,2017-10-03,2017-10-04,1.0,3.0,,,,,,,,,,
,,orders.csv,,,889.0,,,,,,,,,1158.0,4.0,2017-10-01,2017-10-03,2017-10-02,1.0,2.0,,,,,,,,,,
,,orders.csv,,,1221.0,,,,,,,,,1159.0,4.0,2017-10-01,2017-10-02,2017-10-03,1.0,3.0,,,,,,,,,,
,,orders.csv,,,1262.0,,,,,,,,,1160.0,4.0,2017-10-01,2017-10-02,2017-10-04,1.0,2.0,,,,,,,,,,
,,orders.csv,,,41.0,,,,,,,,,1161.0,4.0,2017-10-01,2017-10-04,2017-10-02,2.0,7.0,,,,,,,,,,
,,orders.csv,,,888.0,,,,,,,,,1162.0,4.0,2017-10-01,2017-10-03,2017-10-03,2.0,6.0,,,,,,,,,,
,,orders.csv,,,934.0,,,,,,,,,1163.0,4.0,2017-10-01,2017-10-02,2017-10-02,2.0,6.0,,,,,,,,,,
,,orders.csv,,,1067.0,,,,,,,,,1164.0,4.0,2017-10-01,2017-10-02,2017-10-03,2.0,6.0,,,,,,,,,,
,,orders.csv,,,652.0,,,,,,,,,1165.0,4.0,2017-10-02,2017-10-03,2017-10-05,2.0,7.0,,,,,,,,,,
,,orders.csv,,,286.0,,,,,,,,,1166.0,4.0,2017-10-03,2017-10-04,2017-10-04,2.0,7.0,,,,,,,,,,
,,orders.csv,,,900.0,,,,,,,,,1167.0,4.0,2017-10-04,2017-10-07,2017-10-06,1.0,2.0,,,,,,,,,,
,,orders.csv,,,1031.0,,,,,,,,,1168.0,4.0,2017-10-04,2017-10-05,2017-10-06,2.0,6.0,,,,,,,,,,
,,orders.csv,,,1421.0,,,,,,,,,1169.0,4.0,2017-10-04,2017-10-06,2017-10-07,2.0,7.0,,,,,,,,,,
,,orders.csv,,,534.0,,,,,,,,,1170.0,4.0,2017-10-05,2017-10-07,2017-10-06,2.0,6.0,,,,,,,,,,
,,orders.csv,,,826.0,,,,,,,,,1171.0,4.0,2017-10-05,2017-10-06,2017-10-08,2.0,6.0,,,,,,,,,,
,,orders.csv,,,1339.0,,,,,,,,,1172.0,4.0,2017-10-07,2017-10-10,2017-10-09,2.0,7.0,,,,,,,,,,
,,orders.csv,,,548.0,,,,,,,,,1173.0,4.0,2017-10-08,2017-10-10,2017-10-09,2.0,7.0,,,,,,,,,,
,,orders.csv,,,1109.0,,,,,,,,,1174.0,4.0,2017-10-08,2017-10-10,2017-10-11,2.0,6.0,,,,,,,,,,
,,orders.csv,,,292.0,,,,,,,,,1175.0,4.0,2017-10-09,2017-10-11,2017-10-12,2.0,6.0,,,,,,,,,,
,,orders.csv,,,1111.0,,,,,,,,,1176.0,4.0,2017-10-10,2017-10-13,2017-10-11,3.0,9.0,,,,,,,,,,
,,orders.csv,,,21.0,,,,,,,,,1177.0,3.0,2017-10-12,2017-10-12,,3.0,9.0,,,,,,,,,,
,,orders.csv,,,771.0,,,,,,,,,1178.0,4.0,2017-10-12,2017-10-15,2017-10-13,2.0,6.0,,,,,,,,,,
,,orders.csv,,,1150.0,,,,,,,,,1179.0,4.0,2017-10-12,2017-10-15,2017-10-15,3.0,9.0,,,,,,,,,,
,,orders.csv,,,1065.0,,,,,,,,,1180.0,4.0,2017-10-13,2017-10-16,2017-10-16,1.0,3.0,,,,,,,,,,
,,orders.csv,,,1022.0,,,,,,,,,1181.0,4.0,2017-10-13,2017-10-16,2017-10-15,2.0,7.0,,,,,,,,,,
,,orders.csv,,,1422.0,,,,,,,,,1182.0,4.0,2017-10-13,2017-10-14,2017-10-16,2.0,7.0,,,,,,,,,,
,,orders.csv,,,216.0,,,,,,,,,1183.0,4.0,2017-10-14,2017-10-17,2017-10-17,2.0,6.0,,,,,,,,,,
,,orders.csv,,,369.0,,,,,,,,,1184.0,4.0,2017-10-14,2017-10-15,2017-10-16,2.0,6.0,,,,,,,,,,
,,orders.csv,,,960.0,,,,,,,,,1185.0,4.0,2017-10-14,2017-10-16,2017-10-17,2.0,6.0,,,,,,,,,,
,,orders.csv,,,1120.0,,,,,,,,,1186.0,4.0,2017-10-14,2017-10-16,2017-10-15,2.0,6.0,,,,,,,,,,
,,orders.csv,,,486.0,,,,,,,,,1187.0,4.0,2017-10-15,2017-10-18,2017-10-16,2.0,6.0,,,,,,,,,,
,,orders.csv,,,647.0,,,,,,,,,1188.0,4.0,2017-10-15,2017-10-18,2017-10-17,2.0,7.0,,,,,,,,,,
,,orders.csv,,,1090.0,,,,,,,,,1189.0,4.0,2017-10-15,2017-10-17,2017-10-18,2.0,6.0,,,,,,,,,,
,,orders.csv,,,34.0,,,,,,,,,1190.0,4.0,2017-10-16,2017-10-19,2017-10-17,2.0,6.0,,,,,,,,,,
,,orders.csv,,,186.0,,,,,,,,,1191.0,4.0,2017-10-17,2017-10-18,2017-10-18,2.0,6.0,,,,,,,,,,
,,orders.csv,,,1114.0,,,,,,,,,1192.0,4.0,2017-10-17,2017-10-19,2017-10-18,2.0,6.0,,,,,,,,,,
,,orders.csv,,,1412.0,,,,,,,,,1193.0,4.0,2017-10-17,2017-10-19,2017-10-19,2.0,7.0,,,,,,,,,,
,,orders.csv,,,192.0,,,,,,,,,1194.0,4.0,2017-10-19,2017-10-22,2017-10-22,1.0,2.0,,,,,,,,,,
,,orders.csv,,,229.0,,,,,,,,,1195.0,4.0,2017-10-19,2017-10-21,2017-10-21,2.0,7.0,,,,,,,,,,
,,orders.csv,,,508.0,,,,,,,,,1196.0,4.0,2017-10-19,2017-10-21,2017-10-20,2.0,6.0,,,,,,,,,,
,,orders.csv,,,269.0,,,,,,,,,1197.0,4.0,2017-10-21,2017-10-23,2017-10-23,2.0,6.0,,,,,,,,,,
,,orders.csv,,,1289.0,,,,,,,,,1198.0,4.0,2017-10-22,2017-10-24,2017-10-24,2.0,7.0,,,,,,,,,,
,,orders.csv,,,318.0,,,,,,,,,1199.0,4.0,2017-10-23,2017-10-24,2017-10-26,1.0,2.0,,,,,,,,,,
,,orders.csv,,,48.0,,,,,,,,,1200.0,4.0,2017-10-23,2017-10-25,2017-10-26,2.0,6.0,,,,,,,,,,
,,orders.csv,,,201.0,,,,,,,,,1201.0,4.0,2017-10-23,2017-10-24,2017-10-24,2.0,6.0,,,,,,,,,,
,,orders.csv,,,593.0,,,,,,,,,1202.0,4.0,2017-10-24,2017-10-25,2017-10-25,2.0,6.0,,,,,,,,,,
,,orders.csv,,,1191.0,,,,,,,,,1203.0,4.0,2017-10-25,2017-10-27,2017-10-26,2.0,7.0,,,,,,,,,,
,,orders.csv,,,1277.0,,,,,,,,,1204.0,4.0,2017-10-25,2017-10-28,2017-10-28,2.0,6.0,,,,,,,,,,
,,orders.csv,,,1091.0,,,,,,,,,1205.0,4.0,2017-10-26,2017-10-28,2017-10-28,1.0,2.0,,,,,,,,,,
,,orders.csv,,,222.0,,,,,,,,,1206.0,4.0,2017-10-26,2017-10-29,2017-10-29,2.0,6.0,,,,,,,,,,
,,orders.csv,,,1002.0,,,,,,,,,1207.0,4.0,2017-10-26,2017-10-28,2017-10-27,2.0,6.0,,,,,,,,,,
,,orders.csv,,,1226.0,,,,,,,,,1208.0,4.0,2017-10-26,2017-10-28,2017-10-27,2.0,7.0,,,,,,,,,,
,,orders.csv,,,1342.0,,,,,,,,,1209.0,4.0,2017-10-26,2017-10-27,2017-10-29,2.0,7.0,,,,,,,,,,
,,orders.csv,,,730.0,,,,,,,,,1210.0,4.0,2017-10-26,2017-10-27,2017-10-29,3.0,8.0,,,,,,,,,,
,,orders.csv,,,19.0,,,,,,,,,1211.0,4.0,2017-10-27,2017-10-28,2017-10-29,2.0,7.0,,,,,,,,,,
,,orders.csv,,,213.0,,,,,,,,,1212.0,4.0,2017-10-27,2017-10-30,2017-10-29,2.0,6.0,,,,,,,,,,
,,orders.csv,,,669.0,,,,,,,,,1213.0,4.0,2017-10-27,2017-10-29,2017-10-29,3.0,9.0,,,,,,,,,,
,,orders.csv,,,783.0,,,,,,,,,1214.0,4.0,2017-10-28,2017-10-29,2017-10-29,2.0,6.0,,,,,,,,,,
,,orders.csv,,,807.0,,,,,,,,,1215.0,4.0,2017-10-28,2017-10-31,2017-10-30,2.0,7.0,,,,,,,,,,
,,orders.csv,,,886.0,,,,,,,,,1216.0,4.0,2017-10-28,2017-10-30,2017-10-29,2.0,7.0,,,,,,,,,,
,,orders.csv,,,1155.0,,,,,,,,,1217.0,4.0,2017-10-28,2017-10-31,2017-10-30,2.0,7.0,,,,,,,,,,
,,orders.csv,,,1017.0,,,,,,,,,1218.0,4.0,2017-10-30,2017-11-01,2017-10-31,1.0,2.0,,,,,,,,,,
,,orders.csv,,,840.0,,,,,,,,,1219.0,4.0,2017-10-30,2017-11-02,2017-11-02,2.0,7.0,,,,,,,,,,
,,orders.csv,,,803.0,,,,,,,,,1220.0,4.0,2017-10-31,2017-11-03,2017-11-03,2.0,6.0,,,,,,,,,,
,,orders.csv,,,1290.0,,,,,,,,,1221.0,4.0,2017-10-31,2017-11-02,2017-11-01,2.0,7.0,,,,,,,,,,
,,orders.csv,,,482.0,,,,,,,,,1222.0,4.0,2017-11-01,2017-11-04,2017-11-03,3.0,9.0,,,,,,,,,,
,,orders.csv,,,1207.0,,,,,,,,,1223.0,4.0,2017-11-02,2017-11-03,2017-11-03,2.0,6.0,,,,,,,,,,
,,orders.csv,,,544.0,,,,,,,,,1224.0,4.0,2017-11-03,2017-11-04,2017-11-04,2.0,6.0,,,,,,,,,,
,,orders.csv,,,768.0,,,,,,,,,1225.0,4.0,2017-11-04,2017-11-05,2017-11-07,1.0,2.0,,,,,,,,,,
,,orders.csv,,,226.0,,,,,,,,,1226.0,4.0,2017-11-04,2017-11-07,2017-11-06,2.0,7.0,,,,,,,,,,
,,orders.csv,,,702.0,,,,,,,,,1227.0,4.0,2017-11-04,2017-11-07,2017-11-06,2.0,6.0,,,,,,,,,,
,,orders.csv,,,1041.0,,,,,,,,,1228.0,4.0,2017-11-04,2017-11-06,2017-11-06,2.0,6.0,,,,,,,,,,
,,orders.csv,,,89.0,,,,,,,,,1229.0,4.0,2017-11-05,2017-11-08,2017-11-06,1.0,3.0,,,,,,,,,,
,,orders.csv,,,1107.0,,,,,,,,,1230.0,4.0,2017-11-05,2017-11-06,2017-11-07,2.0,6.0,,,,,,,,,,
,,orders.csv,,,1180.0,,,,,,,,,1231.0,4.0,2017-11-05,2017-11-07,2017-11-06,2.0,6.0,,,,,,,,,,
,,orders.csv,,,665.0,,,,,,,,,1232.0,4.0,2017-11-06,2017-11-07,2017-11-09,1.0,3.0,,,,,,,,,,
,,orders.csv,,,462.0,,,,,,,,,1233.0,4.0,2017-11-06,2017-11-07,2017-11-08,2.0,6.0,,,,,,,,,,
,,orders.csv,,,19.0,,,,,,,,,1234.0,3.0,2017-11-07,2017-11-07,,2.0,6.0,,,,,,,,,,
,,orders.csv,,,210.0,,,,,,,,,1235.0,4.0,2017-11-07,2017-11-08,2017-11-09,2.0,6.0,,,,,,,,,,
,,orders.csv,,,243.0,,,,,,,,,1236.0,4.0,2017-11-08,2017-11-11,2017-11-09,2.0,7.0,,,,,,,,,,
,,orders.csv,,,571.0,,,,,,,,,1237.0,4.0,2017-11-09,2017-11-12,2017-11-11,1.0,2.0,,,,,,,,,,
,,orders.csv,,,998.0,,,,,,,,,1238.0,4.0,2017-11-09,2017-11-10,2017-11-11,2.0,6.0,,,,,,,,,,
,,orders.csv,,,1197.0,,,,,,,,,1239.0,4.0,2017-11-09,2017-11-10,2017-11-11,2.0,7.0,,,,,,,,,,
,,orders.csv,,,903.0,,,,,,,,,1240.0,4.0,2017-11-10,2017-11-11,2017-11-11,2.0,7.0,,,,,,,,,,
,,orders.csv,,,1170.0,,,,,,,,,1241.0,4.0,2017-11-10,2017-11-12,2017-11-11,2.0,7.0,,,,,,,,,,
,,orders.csv,,,303.0,,,,,,,,,1242.0,4.0,2017-11-11,2017-11-12,2017-11-12,2.0,6.0,,,,,,,,,,
,,orders.csv,,,346.0,,,,,,,,,1243.0,4.0,2017-11-11,2017-11-13,2017-11-14,2.0,6.0,,,,,,,,,,
,,orders.csv,,,333.0,,,,,,,,,1244.0,4.0,2017-11-12,2017-11-14,2017-11-13,2.0,6.0,,,,,,,,,,
,,orders.csv,,,1166.0,,,,,,,,,1245.0,4.0,2017-11-13,2017-11-16,2017-11-14,2.0,7.0,,,,,,,,,,
,,orders.csv,,,1329.0,,,,,,,,,1246.0,4.0,2017-11-13,2017-11-16,2017-11-16,2.0,7.0,,,,,,,,,,
,,orders.csv,,,426.0,,,,,,,,,1247.0,4.0,2017-11-16,2017-11-18,2017-11-17,1.0,2.0,,,,,,,,,,
,,orders.csv,,,1367.0,,,,,,,,,1248.0,4.0,2017-11-16,2017-11-17,2017-11-18,1.0,3.0,,,,,,,,,,
,,orders.csv,,,545.0,,,,,,,,,1249.0,4.0,2017-11-17,2017-11-18,2017-11-20,2.0,6.0,,,,,,,,,,
,,orders.csv,,,1188.0,,,,,,,,,1250.0,4.0,2017-11-17,2017-11-19,2017-11-18,2.0,6.0,,,,,,,,,,
,,orders.csv,,,289.0,,,,,,,,,1251.0,4.0,2017-11-17,2017-11-19,2017-11-19,3.0,9.0,,,,,,,,,,
,,orders.csv,,,110.0,,,,,,,,,1252.0,4.0,2017-11-18,2017-11-20,2017-11-21,1.0,3.0,,,,,,,,,,
,,orders.csv,,,44.0,,,,,,,,,1253.0,4.0,2017-11-18,2017-11-21,2017-11-21,2.0,6.0,,,,,,,,,,
,,orders.csv,,,1098.0,,,,,,,,,1254.0,4.0,2017-11-18,2017-11-19,2017-11-19,2.0,7.0,,,,,,,,,,
,,orders.csv,,,375.0,,,,,,,,,1255.0,4.0,2017-11-19,2017-11-20,2017-11-21,2.0,6.0,,,,,,,,,,
,,orders.csv,,,458.0,,,,,,,,,1256.0,4.0,2017-11-19,2017-11-20,2017-11-22,2.0,6.0,,,,,,,,,,
,,orders.csv,,,1136.0,,,,,,,,,1257.0,4.0,2017-11-19,2017-11-22,2017-11-20,2.0,7.0,,,,,,,,,,
,,orders.csv,,,1099.0,,,,,,,,,1258.0,4.0,2017-11-20,2017-11-21,2017-11-22,2.0,7.0,,,,,,,,,,
,,orders.csv,,,4.0,,,,,,,,,1259.0,3.0,2017-11-21,2017-11-21,,2.0,7.0,,,,,,,,,,
,,orders.csv,,,1117.0,,,,,,,,,1260.0,4.0,2017-11-22,2017-11-23,2017-11-24,2.0,6.0,,,,,,,,,,
,,orders.csv,,,435.0,,,,,,,,,1261.0,4.0,2017-11-23,2017-11-25,2017-11-24,2.0,7.0,,,,,,,,,,
,,orders.csv,,,509.0,,,,,,,,,1262.0,4.0,2017-11-23,2017-11-26,2017-11-26,2.0,6.0,,,,,,,,,,
,,orders.csv,,,1408.0,,,,,,,,,1263.0,4.0,2017-11-23,2017-11-26,2017-11-26,2.0,6.0,,,,,,,,,,
,,orders.csv,,,113.0,,,,,,,,,1264.0,4.0,2017-11-24,2017-11-27,2017-11-25,2.0,6.0,,,,,,,,,,
,,orders.csv,,,950.0,,,,,,,,,1265.0,4.0,2017-11-24,2017-11-27,2017-11-27,2.0,7.0,,,,,,,,,,
,,orders.csv,,,387.0,,,,,,,,,1266.0,4.0,2017-11-25,2017-11-28,2017-11-27,2.0,6.0,,,,,,,,,,
,,orders.csv,,,467.0,,,,,,,,,1267.0,4.0,2017-11-25,2017-11-26,2017-11-26,2.0,6.0,,,,,,,,,,
,,orders.csv,,,774.0,,,,,,,,,1268.0,4.0,2017-11-26,2017-11-28,2017-11-29,1.0,3.0,,,,,,,,,,
,,orders.csv,,,1236.0,,,,,,,,,1269.0,4.0,2017-11-26,2017-11-29,2017-11-29,2.0,6.0,,,,,,,,,,
,,orders.csv,,,1388.0,,,,,,,,,1270.0,4.0,2017-11-26,2017-11-29,2017-11-29,2.0,6.0,,,,,,,,,,
,,orders.csv,,,734.0,,,,,,,,,1271.0,4.0,2017-11-27,2017-11-30,2017-11-30,2.0,6.0,,,,,,,,,,
,,orders.csv,,,935.0,,,,,,,,,1272.0,4.0,2017-11-27,2017-11-29,2017-11-30,2.0,6.0,,,,,,,,,,
,,orders.csv,,,1268.0,,,,,,,,,1273.0,4.0,2017-11-27,2017-11-29,2017-11-29,2.0,6.0,,,,,,,,,,
,,orders.csv,,,1364.0,,,,,,,,,1274.0,4.0,2017-11-28,2017-11-29,2017-12-01,2.0,7.0,,,,,,,,,,
,,orders.csv,,,165.0,,,,,,,,,1275.0,4.0,2017-11-29,2017-12-01,2017-11-30,1.0,2.0,,,,,,,,,,
,,orders.csv,,,893.0,,,,,,,,,1276.0,4.0,2017-11-30,2017-12-03,2017-12-02,2.0,6.0,,,,,,,,,,
,,orders.csv,,,227.0,,,,,,,,,1277.0,4.0,2017-12-01,2017-12-04,2017-12-02,2.0,6.0,,,,,,,,,,
,,orders.csv,,,980.0,,,,,,,,,1278.0,4.0,2017-12-01,2017-12-02,2017-12-04,2.0,7.0,,,,,,,,,,
,,orders.csv,,,1014.0,,,,,,,,,1279.0,4.0,2017-12-01,2017-12-04,2017-12-03,2.0,6.0,,,,,,,,,,
,,orders.csv,,,123.0,,,,,,,,,1280.0,4.0,2017-12-01,2017-12-03,2017-12-03,3.0,9.0,,,,,,,,,,
,,orders.csv,,,1060.0,,,,,,,,,1281.0,4.0,2017-12-02,2017-12-05,2017-12-05,2.0,6.0,,,,,,,,,,
,,orders.csv,,,320.0,,,,,,,,,1282.0,4.0,2017-12-03,2017-12-05,2017-12-05,2.0,6.0,,,,,,,,,,
,,orders.csv,,,85.0,,,,,,,,,1283.0,4.0,2017-12-04,2017-12-07,2017-12-07,2.0,7.0,,,,,,,,,,
,,orders.csv,,,128.0,,,,,,,,,1284.0,4.0,2017-12-04,2017-12-06,2017-12-07,2.0,7.0,,,,,,,,,,
,,orders.csv,,,262.0,,,,,,,,,1285.0,4.0,2017-12-04,2017-12-07,2017-12-07,2.0,7.0,,,,,,,,,,
,,orders.csv,,,1033.0,,,,,,,,,1286.0,4.0,2017-12-04,2017-12-07,2017-12-06,2.0,7.0,,,,,,,,,,
,,orders.csv,,,279.0,,,,,,,,,1287.0,4.0,2017-12-07,2017-12-10,2017-12-09,1.0,3.0,,,,,,,,,,
,,orders.csv,,,778.0,,,,,,,,,1288.0,4.0,2017-12-07,2017-12-10,2017-12-09,3.0,9.0,,,,,,,,,,
,,orders.csv,,,1292.0,,,,,,,,,1289.0,4.0,2017-12-08,2017-12-11,2017-12-10,1.0,3.0,,,,,,,,,,
,,orders.csv,,,967.0,,,,,,,,,1290.0,4.0,2017-12-08,2017-12-10,2017-12-10,2.0,6.0,,,,,,,,,,
,,orders.csv,,,1284.0,,,,,,,,,1291.0,4.0,2017-12-09,2017-12-11,2017-12-12,2.0,6.0,,,,,,,,,,
,,orders.csv,,,285.0,,,,,,,,,1292.0,4.0,2017-12-10,2017-12-13,2017-12-11,2.0,6.0,,,,,,,,,,
,,orders.csv,,,1401.0,,,,,,,,,1293.0,4.0,2017-12-10,2017-12-12,2017-12-11,2.0,7.0,,,,,,,,,,
,,orders.csv,,,947.0,,,,,,,,,1294.0,4.0,2017-12-11,2017-12-13,2017-12-14,1.0,2.0,,,,,,,,,,
,,orders.csv,,,37.0,,,,,,,,,1295.0,4.0,2017-12-11,2017-12-12,2017-12-14,2.0,7.0,,,,,,,,,,
,,orders.csv,,,231.0,,,,,,,,,1296.0,4.0,2017-12-14,2017-12-17,2017-12-15,1.0,3.0,,,,,,,,,,
,,orders.csv,,,108.0,,,,,,,,,1297.0,4.0,2017-12-14,2017-12-17,2017-12-16,2.0,6.0,,,,,,,,,,
,,orders.csv,,,533.0,,,,,,,,,1298.0,4.0,2017-12-14,2017-12-17,2017-12-16,3.0,9.0,,,,,,,,,,
,,orders.csv,,,1216.0,,,,,,,,,1299.0,4.0,2017-12-15,2017-12-18,2017-12-16,1.0,2.0,,,,,,,,,,
,,orders.csv,,,824.0,,,,,,,,,1300.0,4.0,2017-12-15,2017-12-17,2017-12-17,2.0,6.0,,,,,,,,,,
,,orders.csv,,,1088.0,,,,,,,,,1301.0,4.0,2017-12-16,2017-12-19,2017-12-19,1.0,3.0,,,,,,,,,,
,,orders.csv,,,322.0,,,,,,,,,1302.0,4.0,2017-12-16,2017-12-18,2017-12-19,2.0,7.0,,,,,,,,,,
,,orders.csv,,,878.0,,,,,,,,,1303.0,4.0,2017-12-16,2017-12-19,2017-12-18,2.0,7.0,,,,,,,,,,
,,orders.csv,,,1409.0,,,,,,,,,1304.0,4.0,2017-12-16,2017-12-17,2017-12-17,2.0,6.0,,,,,,,,,,
,,orders.csv,,,257.0,,,,,,,,,1305.0,4.0,2017-12-17,2017-12-19,2017-12-18,2.0,7.0,,,,,,,,,,
,,orders.csv,,,28.0,,,,,,,,,1306.0,4.0,2017-12-20,2017-12-21,2017-12-22,2.0,6.0,,,,,,,,,,
,,orders.csv,,,1384.0,,,,,,,,,1307.0,4.0,2017-12-22,2017-12-23,2017-12-25,1.0,2.0,,,,,,,,,,
,,orders.csv,,,713.0,,,,,,,,,1308.0,4.0,2017-12-22,2017-12-24,2017-12-24,2.0,7.0,,,,,,,,,,
,,orders.csv,,,821.0,,,,,,,,,1309.0,4.0,2017-12-22,2017-12-25,2017-12-24,2.0,6.0,,,,,,,,,,
,,orders.csv,,,444.0,,,,,,,,,1310.0,4.0,2017-12-24,2017-12-25,2017-12-26,1.0,3.0,,,,,,,,,,
,,orders.csv,,,1021.0,,,,,,,,,1311.0,4.0,2017-12-24,2017-12-26,2017-12-27,2.0,6.0,,,,,,,,,,
,,orders.csv,,,311.0,,,,,,,,,1312.0,4.0,2017-12-25,2017-12-28,2017-12-26,1.0,3.0,,,,,,,,,,
,,orders.csv,,,1294.0,,,,,,,,,1313.0,4.0,2017-12-25,2017-12-27,2017-12-27,1.0,3.0,,,,,,,,,,
,,orders.csv,,,1027.0,,,,,,,,,1314.0,4.0,2017-12-25,2017-12-26,2017-12-28,2.0,7.0,,,,,,,,,,
,,orders.csv,,,931.0,,,,,,,,,1315.0,4.0,2017-12-25,2017-12-27,2017-12-28,3.0,9.0,,,,,,,,,,
,,orders.csv,,,846.0,,,,,,,,,1316.0,4.0,2017-12-26,2017-12-29,2017-12-27,1.0,3.0,,,,,,,,,,
,,orders.csv,,,418.0,,,,,,,,,1317.0,4.0,2017-12-27,2017-12-28,2017-12-29,1.0,3.0,,,,,,,,,,
,,orders.csv,,,75.0,,,,,,,,,1318.0,4.0,2017-12-27,2017-12-30,2017-12-29,2.0,6.0,,,,,,,,,,
,,orders.csv,,,604.0,,,,,,,,,1319.0,4.0,2017-12-27,2017-12-30,2017-12-30,2.0,6.0,,,,,,,,,,
,,orders.csv,,,244.0,,,,,,,,,1320.0,4.0,2017-12-28,2017-12-30,2017-12-29,1.0,3.0,,,,,,,,,,
,,orders.csv,,,217.0,,,,,,,,,1321.0,4.0,2017-12-30,2017-12-31,2017-12-31,1.0,3.0,,,,,,,,,,
,,orders.csv,,,39.0,,,,,,,,,1322.0,4.0,2017-12-31,2018-01-03,2018-01-02,2.0,7.0,,,,,,,,,,
,,orders.csv,,,273.0,,,,,,,,,1323.0,4.0,2017-12-31,2018-01-01,2018-01-01,2.0,6.0,,,,,,,,,,
,,orders.csv,,,862.0,,,,,,,,,1324.0,4.0,2018-01-01,2018-01-04,2018-01-03,2.0,6.0,,,,,,,,,,
,,orders.csv,,,68.0,,,,,,,,,1325.0,4.0,2018-01-01,2018-01-02,2018-01-03,3.0,8.0,,,,,,,,,,
,,orders.csv,,,567.0,,,,,,,,,1326.0,4.0,2018-01-01,2018-01-03,2018-01-02,3.0,9.0,,,,,,,,,,
,,orders.csv,,,1026.0,,,,,,,,,1327.0,4.0,2018-01-02,2018-01-03,2018-01-05,2.0,6.0,,,,,,,,,,
,,orders.csv,,,1083.0,,,,,,,,,1328.0,4.0,2018-01-02,2018-01-03,2018-01-03,2.0,6.0,,,,,,,,,,
,,orders.csv,,,443.0,,,,,,,,,1329.0,4.0,2018-01-04,2018-01-05,2018-01-06,1.0,3.0,,,,,,,,,,
,,orders.csv,,,761.0,,,,,,,,,1330.0,4.0,2018-01-04,2018-01-05,2018-01-07,2.0,7.0,,,,,,,,,,
,,orders.csv,,,1122.0,,,,,,,,,1331.0,4.0,2018-01-05,2018-01-06,2018-01-08,2.0,6.0,,,,,,,,,,
,,orders.csv,,,256.0,,,,,,,,,1332.0,4.0,2018-01-06,2018-01-07,2018-01-09,2.0,7.0,,,,,,,,,,
,,orders.csv,,,203.0,,,,,,,,,1333.0,4.0,2018-01-06,2018-01-07,2018-01-07,3.0,8.0,,,,,,,,,,
,,orders.csv,,,425.0,,,,,,,,,1334.0,4.0,2018-01-07,2018-01-09,2018-01-10,2.0,6.0,,,,,,,,,,
,,orders.csv,,,955.0,,,,,,,,,1335.0,4.0,2018-01-07,2018-01-08,2018-01-08,2.0,7.0,,,,,,,,,,
,,orders.csv,,,904.0,,,,,,,,,1336.0,4.0,2018-01-09,2018-01-10,2018-01-12,1.0,2.0,,,,,,,,,,
,,orders.csv,,,970.0,,,,,,,,,1337.0,4.0,2018-01-09,2018-01-12,2018-01-12,2.0,7.0,,,,,,,,,,
,,orders.csv,,,905.0,,,,,,,,,1338.0,4.0,2018-01-10,2018-01-11,2018-01-13,2.0,6.0,,,,,,,,,,
,,orders.csv,,,580.0,,,,,,,,,1339.0,4.0,2018-01-11,2018-01-14,2018-01-13,1.0,3.0,,,,,,,,,,
,,orders.csv,,,1066.0,,,,,,,,,1340.0,4.0,2018-01-12,2018-01-13,2018-01-13,1.0,3.0,,,,,,,,,,
,,orders.csv,,,1258.0,,,,,,,,,1341.0,4.0,2018-01-12,2018-01-13,2018-01-14,2.0,7.0,,,,,,,,,,
,,orders.csv,,,1393.0,,,,,,,,,1342.0,4.0,2018-01-12,2018-01-13,2018-01-15,2.0,7.0,,,,,,,,,,
,,orders.csv,,,594.0,,,,,,,,,1343.0,4.0,2018-01-13,2018-01-15,2018-01-14,2.0,6.0,,,,,,,,,,
,,orders.csv,,,916.0,,,,,,,,,1344.0,4.0,2018-01-13,2018-01-16,2018-01-15,2.0,6.0,,,,,,,,,,
,,orders.csv,,,1037.0,,,,,,,,,1345.0,4.0,2018-01-14,2018-01-15,2018-01-15,2.0,6.0,,,,,,,,,,
,,orders.csv,,,136.0,,,,,,,,,1346.0,4.0,2018-01-14,2018-01-15,2018-01-15,3.0,8.0,,,,,,,,,,
,,orders.csv,,,247.0,,,,,,,,,1347.0,4.0,2018-01-15,2018-01-18,2018-01-18,1.0,2.0,,,,,,,,,,
,,orders.csv,,,1214.0,,,,,,,,,1348.0,4.0,2018-01-15,2018-01-17,2018-01-17,1.0,2.0,,,,,,,,,,
,,orders.csv,,,464.0,,,,,,,,,1349.0,4.0,2018-01-15,2018-01-17,2018-01-16,2.0,6.0,,,,,,,,,,
,,orders.csv,,,637.0,,,,,,,,,1350.0,4.0,2018-01-15,2018-01-18,2018-01-17,2.0,7.0,,,,,,,,,,
,,orders.csv,,,1016.0,,,,,,,,,1351.0,4.0,2018-01-16,2018-01-19,2018-01-19,2.0,7.0,,,,,,,,,,
,,orders.csv,,,1433.0,,,,,,,,,1352.0,4.0,2018-01-16,2018-01-18,2018-01-18,2.0,6.0,,,,,,,,,,
,,orders.csv,,,502.0,,,,,,,,,1353.0,4.0,2018-01-17,2018-01-19,2018-01-18,2.0,6.0,,,,,,,,,,
,,orders.csv,,,476.0,,,,,,,,,1354.0,4.0,2018-01-19,2018-01-20,2018-01-21,1.0,3.0,,,,,,,,,,
,,orders.csv,,,1010.0,,,,,,,,,1355.0,4.0,2018-01-19,2018-01-21,2018-01-20,2.0,7.0,,,,,,,,,,
,,orders.csv,,,1161.0,,,,,,,,,1356.0,4.0,2018-01-19,2018-01-21,2018-01-22,2.0,6.0,,,,,,,,,,
,,orders.csv,,,440.0,,,,,,,,,1357.0,4.0,2018-01-20,2018-01-23,2018-01-21,2.0,6.0,,,,,,,,,,
,,orders.csv,,,253.0,,,,,,,,,1358.0,4.0,2018-01-21,2018-01-23,2018-01-24,1.0,2.0,,,,,,,,,,
,,orders.csv,,,1008.0,,,,,,,,,1359.0,4.0,2018-01-21,2018-01-22,2018-01-22,3.0,9.0,,,,,,,,,,
,,orders.csv,,,71.0,,,,,,,,,1360.0,4.0,2018-01-22,2018-01-25,2018-01-24,2.0,6.0,,,,,,,,,,
,,orders.csv,,,1084.0,,,,,,,,,1361.0,4.0,2018-01-22,2018-01-24,2018-01-23,2.0,7.0,,,,,,,,,,
,,orders.csv,,,310.0,,,,,,,,,1362.0,4.0,2018-01-23,2018-01-24,2018-01-25,2.0,6.0,,,,,,,,,,
,,orders.csv,,,860.0,,,,,,,,,1363.0,4.0,2018-01-24,2018-01-25,2018-01-25,2.0,6.0,,,,,,,,,,
,,orders.csv,,,122.0,,,,,,,,,1364.0,4.0,2018-01-25,2018-01-28,2018-01-28,2.0,6.0,,,,,,,,,,
,,orders.csv,,,689.0,,,,,,,,,1365.0,4.0,2018-01-25,2018-01-28,2018-01-27,2.0,7.0,,,,,,,,,,
,,orders.csv,,,1441.0,,,,,,,,,1366.0,4.0,2018-01-26,2018-01-27,2018-01-28,2.0,6.0,,,,,,,,,,
,,orders.csv,,,1118.0,,,,,,,,,1367.0,4.0,2018-01-27,2018-01-28,2018-01-28,1.0,3.0,,,,,,,,,,
,,orders.csv,,,765.0,,,,,,,,,1368.0,4.0,2018-01-27,2018-01-28,2018-01-29,2.0,6.0,,,,,,,,,,
,,orders.csv,,,92.0,,,,,,,,,1369.0,4.0,2018-01-28,2018-01-30,2018-01-30,2.0,6.0,,,,,,,,,,
,,orders.csv,,,115.0,,,,,,,,,1370.0,4.0,2018-01-28,2018-01-29,2018-01-29,2.0,7.0,,,,,,,,,,
,,orders.csv,,,937.0,,,,,,,,,1371.0,4.0,2018-01-29,2018-01-30,2018-02-01,2.0,7.0,,,,,,,,,,
,,orders.csv,,,1013.0,,,,,,,,,1372.0,4.0,2018-01-29,2018-02-01,2018-01-30,2.0,6.0,,,,,,,,,,
,,orders.csv,,,427.0,,,,,,,,,1373.0,4.0,2018-01-29,2018-01-31,2018-01-31,3.0,9.0,,,,,,,,,,
,,orders.csv,,,1330.0,,,,,,,,,1374.0,4.0,2018-01-30,2018-02-01,2018-02-01,1.0,3.0,,,,,,,,,,
,,orders.csv,,,312.0,,,,,,,,,1375.0,4.0,2018-01-30,2018-02-01,2018-02-01,3.0,8.0,,,,,,,,,,
,,orders.csv,,,1186.0,,,,,,,,,1376.0,4.0,2018-02-01,2018-02-02,2018-02-03,1.0,2.0,,,,,,,,,,
,,orders.csv,,,1007.0,,,,,,,,,1377.0,4.0,2018-02-01,2018-02-03,2018-02-03,2.0,7.0,,,,,,,,,,
,,orders.csv,,,983.0,,,,,,,,,1378.0,4.0,2018-02-02,2018-02-05,2018-02-04,1.0,2.0,,,,,,,,,,
,,orders.csv,,,1256.0,,,,,,,,,1379.0,4.0,2018-02-02,2018-02-05,2018-02-05,2.0,6.0,,,,,,,,,,
,,orders.csv,,,818.0,,,,,,,,,1380.0,4.0,2018-02-05,2018-02-08,2018-02-08,1.0,3.0,,,,,,,,,,
,,orders.csv,,,680.0,,,,,,,,,1381.0,4.0,2018-02-05,2018-02-06,2018-02-08,2.0,7.0,,,,,,,,,,
,,orders.csv,,,1303.0,,,,,,,,,1382.0,4.0,2018-02-06,2018-02-09,2018-02-08,2.0,6.0,,,,,,,,,,
,,orders.csv,,,488.0,,,,,,,,,1383.0,4.0,2018-02-07,2018-02-08,2018-02-08,1.0,3.0,,,,,,,,,,
,,orders.csv,,,1126.0,,,,,,,,,1384.0,4.0,2018-02-08,2018-02-10,2018-02-09,2.0,7.0,,,,,,,,,,
,,orders.csv,,,866.0,,,,,,,,,1385.0,4.0,2018-02-08,2018-02-11,2018-02-09,3.0,9.0,,,,,,,,,,
,,orders.csv,,,1254.0,,,,,,,,,1386.0,4.0,2018-02-09,2018-02-10,2018-02-11,1.0,2.0,,,,,,,,,,
,,orders.csv,,,11.0,,,,,,,,,1387.0,4.0,2018-02-09,2018-02-11,2018-02-11,2.0,7.0,,,,,,,,,,
,,orders.csv,,,323.0,,,,,,,,,1388.0,4.0,2018-02-09,2018-02-12,2018-02-12,2.0,7.0,,,,,,,,,,
,,orders.csv,,,491.0,,,,,,,,,1389.0,4.0,2018-02-11,2018-02-12,2018-02-14,2.0,7.0,,,,,,,,,,
,,orders.csv,,,63.0,,,,,,,,,1390.0,4.0,2018-02-12,2018-02-13,2018-02-13,2.0,7.0,,,,,,,,,,
,,orders.csv,,,914.0,,,,,,,,,1391.0,4.0,2018-02-13,2018-02-14,2018-02-14,2.0,7.0,,,,,,,,,,
,,orders.csv,,,1187.0,,,,,,,,,1392.0,4.0,2018-02-13,2018-02-14,2018-02-14,2.0,6.0,,,,,,,,,,
,,orders.csv,,,547.0,,,,,,,,,1393.0,4.0,2018-02-14,2018-02-15,2018-02-15,2.0,7.0,,,,,,,,,,
,,orders.csv,,,906.0,,,,,,,,,1394.0,4.0,2018-02-14,2018-02-16,2018-02-16,3.0,8.0,,,,,,,,,,
,,orders.csv,,,1052.0,,,,,,,,,1395.0,4.0,2018-02-15,2018-02-18,2018-02-16,1.0,3.0,,,,,,,,,,
,,orders.csv,,,856.0,,,,,,,,,1396.0,4.0,2018-02-15,2018-02-18,2018-02-16,2.0,7.0,,,,,,,,,,
,,orders.csv,,,920.0,,,,,,,,,1397.0,4.0,2018-02-15,2018-02-17,2018-02-16,2.0,6.0,,,,,,,,,,
,,orders.csv,,,1383.0,,,,,,,,,1398.0,4.0,2018-02-16,2018-02-19,2018-02-19,1.0,3.0,,,,,,,,,,
,,orders.csv,,,146.0,,,,,,,,,1399.0,4.0,2018-02-16,2018-02-18,2018-02-18,2.0,6.0,,,,,,,,,,
,,orders.csv,,,987.0,,,,,,,,,1400.0,4.0,2018-02-17,2018-02-18,2018-02-18,2.0,6.0,,,,,,,,,,
,,orders.csv,,,15.0,,,,,,,,,1401.0,4.0,2018-02-18,2018-02-19,2018-02-20,2.0,7.0,,,,,,,,,,
,,orders.csv,,,1171.0,,,,,,,,,1402.0,4.0,2018-02-19,2018-02-21,2018-02-21,2.0,6.0,,,,,,,,,,
,,orders.csv,,,452.0,,,,,,,,,1403.0,4.0,2018-02-21,2018-02-22,2018-02-22,2.0,7.0,,,,,,,,,,
,,orders.csv,,,1240.0,,,,,,,,,1404.0,4.0,2018-02-23,2018-02-26,2018-02-24,1.0,3.0,,,,,,,,,,
,,orders.csv,,,100.0,,,,,,,,,1405.0,4.0,2018-02-25,2018-02-28,2018-02-27,2.0,6.0,,,,,,,,,,
,,orders.csv,,,1053.0,,,,,,,,,1406.0,4.0,2018-02-25,2018-02-27,2018-02-27,2.0,7.0,,,,,,,,,,
,,orders.csv,,,18.0,,,,,,,,,1407.0,3.0,2018-02-26,2018-02-26,,2.0,6.0,,,,,,,,,,
,,orders.csv,,,1172.0,,,,,,,,,1408.0,4.0,2018-02-26,2018-02-27,2018-03-01,2.0,6.0,,,,,,,,,,
,,orders.csv,,,21.0,,,,,,,,,1409.0,4.0,2018-02-26,2018-02-28,2018-02-28,3.0,8.0,,,,,,,,,,
,,orders.csv,,,1005.0,,,,,,,,,1410.0,4.0,2018-02-27,2018-02-28,2018-02-28,2.0,7.0,,,,,,,,,,
,,orders.csv,,,109.0,,,,,,,,,1411.0,4.0,2018-03-01,2018-03-02,2018-03-02,1.0,2.0,,,,,,,,,,
,,orders.csv,,,1043.0,,,,,,,,,1412.0,4.0,2018-03-01,2018-03-02,2018-03-04,2.0,7.0,,,,,,,,,,
,,orders.csv,,,56.0,,,,,,,,,1413.0,4.0,2018-03-01,2018-03-03,2018-03-04,3.0,8.0,,,,,,,,,,
,,orders.csv,,,293.0,,,,,,,,,1414.0,4.0,2018-03-03,2018-03-05,2018-03-06,2.0,7.0,,,,,,,,,,
,,orders.csv,,,839.0,,,,,,,,,1415.0,4.0,2018-03-03,2018-03-04,2018-03-05,2.0,7.0,,,,,,,,,,
,,orders.csv,,,566.0,,,,,,,,,1416.0,4.0,2018-03-03,2018-03-04,2018-03-06,3.0,8.0,,,,,,,,,,
,,orders.csv,,,300.0,,,,,,,,,1417.0,4.0,2018-03-04,2018-03-06,2018-03-07,1.0,2.0,,,,,,,,,,
,,orders.csv,,,364.0,,,,,,,,,1418.0,4.0,2018-03-04,2018-03-05,2018-03-07,2.0,6.0,,,,,,,,,,
,,orders.csv,,,474.0,,,,,,,,,1419.0,4.0,2018-03-04,2018-03-07,2018-03-07,2.0,6.0,,,,,,,,,,
,,orders.csv,,,838.0,,,,,,,,,1420.0,4.0,2018-03-04,2018-03-05,2018-03-07,2.0,7.0,,,,,,,,,,
,,orders.csv,,,1176.0,,,,,,,,,1421.0,4.0,2018-03-05,2018-03-07,2018-03-07,2.0,7.0,,,,,,,,,,
,,orders.csv,,,599.0,,,,,,,,,1422.0,4.0,2018-03-05,2018-03-06,2018-03-08,3.0,8.0,,,,,,,,,,
,,orders.csv,,,1231.0,,,,,,,,,1423.0,4.0,2018-03-06,2018-03-07,2018-03-07,1.0,2.0,,,,,,,,,,
,,orders.csv,,,1445.0,,,,,,,,,1424.0,4.0,2018-03-07,2018-03-10,2018-03-10,1.0,2.0,,,,,,,,,,
,,orders.csv,,,126.0,,,,,,,,,1425.0,4.0,2018-03-07,2018-03-09,2018-03-09,2.0,6.0,,,,,,,,,,
,,orders.csv,,,938.0,,,,,,,,,1426.0,4.0,2018-03-07,2018-03-08,2018-03-10,2.0,6.0,,,,,,,,,,
,,orders.csv,,,999.0,,,,,,,,,1427.0,4.0,2018-03-07,2018-03-08,2018-03-08,2.0,6.0,,,,,,,,,,
,,orders.csv,,,195.0,,,,,,,,,1428.0,4.0,2018-03-08,2018-03-10,2018-03-11,2.0,7.0,,,,,,,,,,
,,orders.csv,,,1116.0,,,,,,,,,1429.0,4.0,2018-03-08,2018-03-09,2018-03-09,2.0,6.0,,,,,,,,,,
,,orders.csv,,,1239.0,,,,,,,,,1430.0,4.0,2018-03-10,2018-03-13,2018-03-11,2.0,7.0,,,,,,,,,,
,,orders.csv,,,308.0,,,,,,,,,1431.0,4.0,2018-03-11,2018-03-12,2018-03-14,2.0,6.0,,,,,,,,,,
,,orders.csv,,,483.0,,,,,,,,,1432.0,4.0,2018-03-11,2018-03-12,2018-03-14,2.0,6.0,,,,,,,,,,
,,orders.csv,,,1142.0,,,,,,,,,1433.0,4.0,2018-03-11,2018-03-13,2018-03-12,2.0,7.0,,,,,,,,,,
,,orders.csv,,,595.0,,,,,,,,,1434.0,4.0,2018-03-14,2018-03-16,2018-03-16,2.0,6.0,,,,,,,,,,
,,orders.csv,,,744.0,,,,,,,,,1435.0,4.0,2018-03-14,2018-03-15,2018-03-16,2.0,6.0,,,,,,,,,,
,,orders.csv,,,1044.0,,,,,,,,,1436.0,4.0,2018-03-14,2018-03-17,2018-03-16,2.0,6.0,,,,,,,,,,
,,orders.csv,,,518.0,,,,,,,,,1437.0,4.0,2018-03-15,2018-03-16,2018-03-16,1.0,2.0,,,,,,,,,,
,,orders.csv,,,263.0,,,,,,,,,1438.0,4.0,2018-03-15,2018-03-17,2018-03-16,2.0,6.0,,,,,,,,,,
,,orders.csv,,,463.0,,,,,,,,,1439.0,4.0,2018-03-15,2018-03-16,2018-03-17,2.0,7.0,,,,,,,,,,
,,orders.csv,,,859.0,,,,,,,,,1440.0,4.0,2018-03-15,2018-03-18,2018-03-16,3.0,8.0,,,,,,,,,,
,,orders.csv,,,982.0,,,,,,,,,1441.0,4.0,2018-03-15,2018-03-16,2018-03-18,3.0,8.0,,,,,,,,,,
,,orders.csv,,,478.0,,,,,,,,,1442.0,4.0,2018-03-16,2018-03-17,2018-03-17,2.0,7.0,,,,,,,,,,
,,orders.csv,,,972.0,,,,,,,,,1443.0,4.0,2018-03-16,2018-03-17,2018-03-17,2.0,7.0,,,,,,,,,,
,,orders.csv,,,1154.0,,,,,,,,,1444.0,4.0,2018-03-16,2018-03-17,2018-03-19,2.0,6.0,,,,,,,,,,
,,orders.csv,,,515.0,,,,,,,,,1445.0,4.0,2018-03-17,2018-03-18,2018-03-20,2.0,7.0,,,,,,,,,,
,,orders.csv,,,820.0,,,,,,,,,1446.0,4.0,2018-03-17,2018-03-18,2018-03-18,2.0,6.0,,,,,,,,,,
,,orders.csv,,,1419.0,,,,,,,,,1447.0,4.0,2018-03-18,2018-03-20,2018-03-20,1.0,3.0,,,,,,,,,,
,,orders.csv,,,228.0,,,,,,,,,1448.0,4.0,2018-03-18,2018-03-19,2018-03-21,2.0,6.0,,,,,,,,,,
,,orders.csv,,,330.0,,,,,,,,,1449.0,4.0,2018-03-18,2018-03-19,2018-03-20,2.0,7.0,,,,,,,,,,
,,orders.csv,,,296.0,,,,,,,,,1450.0,4.0,2018-03-19,2018-03-20,2018-03-22,2.0,7.0,,,,,,,,,,
,,orders.csv,,,822.0,,,,,,,,,1451.0,4.0,2018-03-19,2018-03-22,2018-03-20,2.0,6.0,,,,,,,,,,
,,orders.csv,,,287.0,,,,,,,,,1452.0,4.0,2018-03-20,2018-03-23,2018-03-23,1.0,3.0,,,,,,,,,,
,,orders.csv,,,601.0,,,,,,,,,1453.0,4.0,2018-03-20,2018-03-23,2018-03-22,1.0,3.0,,,,,,,,,,
,,orders.csv,,,395.0,,,,,,,,,1454.0,4.0,2018-03-20,2018-03-21,2018-03-22,2.0,6.0,,,,,,,,,,
,,orders.csv,,,405.0,,,,,,,,,1455.0,4.0,2018-03-20,2018-03-22,2018-03-21,2.0,6.0,,,,,,,,,,
,,orders.csv,,,754.0,,,,,,,,,1456.0,4.0,2018-03-20,2018-03-21,2018-03-23,2.0,7.0,,,,,,,,,,
,,orders.csv,,,1411.0,,,,,,,,,1457.0,4.0,2018-03-20,2018-03-23,2018-03-23,2.0,6.0,,,,,,,,,,
,,orders.csv,,,1029.0,,,,,,,,,1458.0,4.0,2018-03-20,2018-03-22,2018-03-21,3.0,8.0,,,,,,,,,,
,,orders.csv,,,9.0,,,,,,,,,1459.0,4.0,2018-03-21,2018-03-22,2018-03-22,2.0,7.0,,,,,,,,,,
,,orders.csv,,,1131.0,,,,,,,,,1460.0,4.0,2018-03-21,2018-03-23,2018-03-23,2.0,7.0,,,,,,,,,,
,,orders.csv,,,139.0,,,,,,,,,1461.0,4.0,2018-03-22,2018-03-25,2018-03-23,2.0,6.0,,,,,,,,,,
,,orders.csv,,,1101.0,,,,,,,,,1462.0,4.0,2018-03-22,2018-03-24,2018-03-24,2.0,6.0,,,,,,,,,,
,,orders.csv,,,692.0,,,,,,,,,1463.0,4.0,2018-03-23,2018-03-24,2018-03-24,2.0,7.0,,,,,,,,,,
,,orders.csv,,,1279.0,,,,,,,,,1464.0,4.0,2018-03-24,2018-03-25,2018-03-25,2.0,7.0,,,,,,,,,,
,,orders.csv,,,623.0,,,,,,,,,1465.0,4.0,2018-03-25,2018-03-28,2018-03-28,2.0,7.0,,,,,,,,,,
,,orders.csv,,,738.0,,,,,,,,,1466.0,4.0,2018-03-26,2018-03-29,2018-03-28,1.0,3.0,,,,,,,,,,
,,orders.csv,,,152.0,,,,,,,,,1467.0,4.0,2018-03-26,2018-03-27,2018-03-29,2.0,7.0,,,,,,,,,,
,,orders.csv,,,3.0,,,,,,,,,1468.0,4.0,2018-03-27,2018-03-30,2018-03-29,1.0,2.0,,,,,,,,,,
,,orders.csv,,,1135.0,,,,,,,,,1469.0,4.0,2018-03-27,2018-03-28,2018-03-30,3.0,8.0,,,,,,,,,,
,,orders.csv,,,505.0,,,,,,,,,1470.0,4.0,2018-03-28,2018-03-31,2018-03-31,2.0,7.0,,,,,,,,,,
,,orders.csv,,,1310.0,,,,,,,,,1471.0,4.0,2018-03-28,2018-03-30,2018-03-29,2.0,7.0,,,,,,,,,,
,,orders.csv,,,114.0,,,,,,,,,1472.0,4.0,2018-03-29,2018-03-30,2018-03-31,2.0,6.0,,,,,,,,,,
,,orders.csv,,,302.0,,,,,,,,,1473.0,4.0,2018-03-30,2018-04-01,2018-04-02,1.0,2.0,,,,,,,,,,
,,orders.csv,,,816.0,,,,,,,,,1474.0,4.0,2018-03-30,2018-04-01,2018-04-02,1.0,3.0,,,,,,,,,,
,,orders.csv,,,112.0,,,,,,,,,1475.0,4.0,2018-03-30,2018-04-01,2018-03-31,2.0,6.0,,,,,,,,,,
,,orders.csv,,,35.0,,,,,,,,,1476.0,4.0,2018-03-31,2018-04-01,2018-04-01,2.0,7.0,,,,,,,,,,
,,orders.csv,,,180.0,,,,,,,,,1477.0,4.0,2018-03-31,2018-04-03,2018-04-01,2.0,6.0,,,,,,,,,,
,,orders.csv,,,392.0,,,,,,,,,1478.0,4.0,2018-03-31,2018-04-02,2018-04-02,2.0,6.0,,,,,,,,,,
,,orders.csv,,,23.0,,,,,,,,,1479.0,2.0,2018-04-01,2018-04-01,,2.0,7.0,,,,,,,,,,
,,orders.csv,,,27.0,,,,,,,,,1480.0,2.0,2018-04-01,2018-04-01,,2.0,7.0,,,,,,,,,,
,,orders.csv,,,62.0,,,,,,,,,1481.0,1.0,2018-04-01,2018-04-01,,2.0,6.0,,,,,,,,,,
,,orders.csv,,,94.0,,,,,,,,,1482.0,1.0,2018-04-01,2018-04-01,,2.0,7.0,,,,,,,,,,
,,orders.csv,,,15.0,,,,,,,,,1483.0,1.0,2018-04-02,2018-04-02,,2.0,7.0,,,,,,,,,,
,,orders.csv,,,35.0,,,,,,,,,1484.0,2.0,2018-04-02,2018-04-02,,2.0,6.0,,,,,,,,,,
,,orders.csv,,,51.0,,,,,,,,,1485.0,2.0,2018-04-02,2018-04-02,,2.0,7.0,,,,,,,,,,
,,orders.csv,,,84.0,,,,,,,,,1486.0,2.0,2018-04-02,2018-04-02,,2.0,7.0,,,,,,,,,,
,,orders.csv,,,33.0,,,,,,,,,1487.0,1.0,2018-04-03,2018-04-03,,1.0,3.0,,,,,,,,,,
,,orders.csv,,,181.0,,,,,,,,,1488.0,2.0,2018-04-03,2018-04-03,,1.0,3.0,,,,,,,,,,
,,orders.csv,,,194.0,,,,,,,,,1489.0,1.0,2018-04-03,2018-04-03,,1.0,3.0,,,,,,,,,,
,,orders.csv,,,217.0,,,,,,,,,1490.0,2.0,2018-04-03,2018-04-03,,1.0,3.0,,,,,,,,,,
,,orders.csv,,,82.0,,,,,,,,,1491.0,1.0,2018-04-04,2018-04-04,,1.0,3.0,,,,,,,,,,
,,orders.csv,,,41.0,,,,,,,,,1492.0,1.0,2018-04-04,2018-04-04,,2.0,7.0,,,,,,,,,,
,,orders.csv,,,64.0,,,,,,,,,1493.0,2.0,2018-04-04,2018-04-04,,3.0,8.0,,,,,,,,,,
,,orders.csv,,,69.0,,,,,,,,,1494.0,2.0,2018-04-05,2018-04-05,,1.0,3.0,,,,,,,,,,
,,orders.csv,,,86.0,,,,,,,,,1495.0,2.0,2018-04-05,2018-04-05,,2.0,7.0,,,,,,,,,,
,,orders.csv,,,3.0,,,,,,,,,1496.0,1.0,2018-04-06,2018-04-06,,1.0,3.0,,,,,,,,,,
,,orders.csv,,,31.0,,,,,,,,,1497.0,2.0,2018-04-06,2018-04-06,,1.0,2.0,,,,,,,,,,
,,orders.csv,,,81.0,,,,,,,,,1498.0,1.0,2018-04-06,2018-04-06,,1.0,2.0,,,,,,,,,,
,,orders.csv,,,120.0,,,,,,,,,1499.0,2.0,2018-04-06,2018-04-06,,1.0,2.0,,,,,,,,,,
,,orders.csv,,,151.0,,,,,,,,,1500.0,2.0,2018-04-06,2018-04-06,,1.0,3.0,,,,,,,,,,
,,orders.csv,,,52.0,,,,,,,,,1501.0,1.0,2018-04-06,2018-04-06,,2.0,6.0,,,,,,,,,,
,,orders.csv,,,83.0,,,,,,,,,1502.0,2.0,2018-04-06,2018-04-06,,2.0,6.0,,,,,,,,,,
,,orders.csv,,,208.0,,,,,,,,,1503.0,2.0,2018-04-07,2018-04-07,,1.0,3.0,,,,,,,,,,
,,orders.csv,,,237.0,,,,,,,,,1504.0,2.0,2018-04-08,2018-04-08,,1.0,2.0,,,,,,,,,,
,,orders.csv,,,22.0,,,,,,,,,1505.0,1.0,2018-04-08,2018-04-08,,2.0,7.0,,,,,,,,,,
,,orders.csv,,,75.0,,,,,,,,,1506.0,1.0,2018-04-08,2018-04-08,,2.0,7.0,,,,,,,,,,
,,orders.csv,,,85.0,,,,,,,,,1507.0,2.0,2018-04-08,2018-04-08,,2.0,6.0,,,,,,,,,,
,,orders.csv,,,92.0,,,,,,,,,1508.0,2.0,2018-04-08,2018-04-08,,2.0,6.0,,,,,,,,,,
,,orders.csv,,,2.0,,,,,,,,,1509.0,1.0,2018-04-09,2018-04-09,,1.0,3.0,,,,,,,,,,
,,orders.csv,,,16.0,,,,,,,,,1510.0,2.0,2018-04-09,2018-04-09,,2.0,6.0,,,,,,,,,,
,,orders.csv,,,25.0,,,,,,,,,1511.0,1.0,2018-04-09,2018-04-09,,2.0,6.0,,,,,,,,,,
,,orders.csv,,,68.0,,,,,,,,,1512.0,1.0,2018-04-09,2018-04-09,,3.0,9.0,,,,,,,,,,
,,orders.csv,,,32.0,,,,,,,,,1513.0,2.0,2018-04-10,2018-04-10,,1.0,2.0,,,,,,,,,,
,,orders.csv,,,87.0,,,,,,,,,1514.0,2.0,2018-04-10,2018-04-10,,1.0,3.0,,,,,,,,,,
,,orders.csv,,,61.0,,,,,,,,,1515.0,1.0,2018-04-10,2018-04-10,,3.0,9.0,,,,,,,,,,
,,orders.csv,,,47.0,,,,,,,,,1516.0,2.0,2018-04-11,2018-04-11,,1.0,3.0,,,,,,,,,,
,,orders.csv,,,97.0,,,,,,,,,1517.0,1.0,2018-04-11,2018-04-11,,1.0,2.0,,,,,,,,,,
,,orders.csv,,,175.0,,,,,,,,,1518.0,1.0,2018-04-11,2018-04-11,,1.0,2.0,,,,,,,,,,
,,orders.csv,,,26.0,,,,,,,,,1519.0,2.0,2018-04-11,2018-04-11,,2.0,7.0,,,,,,,,,,
,,orders.csv,,,66.0,,,,,,,,,1520.0,2.0,2018-04-11,2018-04-11,,3.0,8.0,,,,,,,,,,
,,orders.csv,,,53.0,,,,,,,,,1521.0,1.0,2018-04-12,2018-04-12,,1.0,3.0,,,,,,,,,,
,,orders.csv,,,78.0,,,,,,,,,1522.0,1.0,2018-04-12,2018-04-12,,1.0,3.0,,,,,,,,,,
,,orders.csv,,,8.0,,,,,,,,,1523.0,1.0,2018-04-12,2018-04-12,,2.0,7.0,,,,,,,,,,
,,orders.csv,,,37.0,,,,,,,,,1524.0,1.0,2018-04-12,2018-04-12,,2.0,6.0,,,,,,,,,,
,,orders.csv,,,38.0,,,,,,,,,1525.0,2.0,2018-04-12,2018-04-12,,2.0,7.0,,,,,,,,,,
,,orders.csv,,,59.0,,,,,,,,,1526.0,2.0,2018-04-12,2018-04-12,,2.0,7.0,,,,,,,,,,
,,orders.csv,,,13.0,,,,,,,,,1527.0,2.0,2018-04-12,2018-04-12,,3.0,9.0,,,,,,,,,,
,,orders.csv,,,20.0,,,,,,,,,1528.0,1.0,2018-04-12,2018-04-12,,3.0,8.0,,,,,,,,,,
,,orders.csv,,,50.0,,,,,,,,,1529.0,1.0,2018-04-12,2018-04-12,,3.0,8.0,,,,,,,,,,
,,orders.csv,,,110.0,,,,,,,,,1530.0,1.0,2018-04-13,2018-04-13,,1.0,2.0,,,,,,,,,,
,,orders.csv,,,233.0,,,,,,,,,1531.0,1.0,2018-04-13,2018-04-13,,1.0,2.0,,,,,,,,,,
,,orders.csv,,,7.0,,,,,,,,,1532.0,2.0,2018-04-13,2018-04-13,,2.0,7.0,,,,,,,,,,
,,orders.csv,,,28.0,,,,,,,,,1533.0,2.0,2018-04-13,2018-04-13,,2.0,6.0,,,,,,,,,,
,,orders.csv,,,18.0,,,,,,,,,1534.0,2.0,2018-04-14,2018-04-14,,2.0,7.0,,,,,,,,,,
,,orders.csv,,,19.0,,,,,,,,,1535.0,2.0,2018-04-14,2018-04-14,,2.0,7.0,,,,,,,,,,
,,orders.csv,,,34.0,,,,,,,,,1536.0,2.0,2018-04-14,2018-04-14,,2.0,7.0,,,,,,,,,,
,,orders.csv,,,36.0,,,,,,,,,1537.0,1.0,2018-04-15,2018-04-15,,2.0,6.0,,,,,,,,,,
,,orders.csv,,,79.0,,,,,,,,,1538.0,2.0,2018-04-15,2018-04-15,,2.0,6.0,,,,,,,,,,
,,orders.csv,,,116.0,,,,,,,,,1539.0,1.0,2018-04-15,2018-04-15,,3.0,9.0,,,,,,,,,,
,,orders.csv,,,187.0,,,,,,,,,1540.0,1.0,2018-04-16,2018-04-16,,1.0,2.0,,,,,,,,,,
,,orders.csv,,,10.0,,,,,,,,,1541.0,2.0,2018-04-16,2018-04-16,,2.0,7.0,,,,,,,,,,
,,orders.csv,,,58.0,,,,,,,,,1542.0,2.0,2018-04-16,2018-04-16,,2.0,6.0,,,,,,,,,,
,,orders.csv,,,76.0,,,,,,,,,1543.0,1.0,2018-04-16,2018-04-16,,2.0,6.0,,,,,,,,,,
,,orders.csv,,,5.0,,,,,,,,,1544.0,1.0,2018-04-17,2018-04-17,,1.0,2.0,,,,,,,,,,
,,orders.csv,,,67.0,,,,,,,,,1545.0,1.0,2018-04-17,2018-04-17,,1.0,3.0,,,,,,,,,,
,,orders.csv,,,91.0,,,,,,,,,1546.0,2.0,2018-04-17,2018-04-17,,1.0,3.0,,,,,,,,,,
,,orders.csv,,,169.0,,,,,,,,,1547.0,1.0,2018-04-17,2018-04-17,,1.0,3.0,,,,,,,,,,
,,orders.csv,,,170.0,,,,,,,,,1548.0,1.0,2018-04-17,2018-04-17,,1.0,2.0,,,,,,,,,,
,,orders.csv,,,17.0,,,,,,,,,1549.0,1.0,2018-04-17,2018-04-17,,2.0,7.0,,,,,,,,,,
,,orders.csv,,,39.0,,,,,,,,,1550.0,1.0,2018-04-17,2018-04-17,,2.0,6.0,,,,,,,,,,
,,orders.csv,,,70.0,,,,,,,,,1551.0,1.0,2018-04-17,2018-04-17,,2.0,7.0,,,,,,,,,,
,,orders.csv,,,73.0,,,,,,,,,1552.0,1.0,2018-04-17,2018-04-17,,2.0,7.0,,,,,,,,,,
,,orders.csv,,,30.0,,,,,,,,,1553.0,2.0,2018-04-18,2018-04-18,,1.0,3.0,,,,,,,,,,
,,orders.csv,,,172.0,,,,,,,,,1554.0,1.0,2018-04-18,2018-04-18,,1.0,3.0,,,,,,,,,,
,,orders.csv,,,1.0,,,,,,,,,1555.0,1.0,2018-04-18,2018-04-18,,2.0,7.0,,,,,,,,,,
,,orders.csv,,,4.0,,,,,,,,,1556.0,2.0,2018-04-18,2018-04-18,,2.0,6.0,,,,,,,,,,
,,orders.csv,,,121.0,,,,,,,,,1557.0,2.0,2018-04-19,2018-04-19,,1.0,3.0,,,,,,,,,,
,,orders.csv,,,63.0,,,,,,,,,1558.0,1.0,2018-04-19,2018-04-19,,2.0,6.0,,,,,,,,,,
,,orders.csv,,,42.0,,,,,,,,,1559.0,2.0,2018-04-20,2018-04-20,,2.0,6.0,,,,,,,,,,
,,orders.csv,,,57.0,,,,,,,,,1560.0,1.0,2018-04-20,2018-04-20,,2.0,7.0,,,,,,,,,,
,,orders.csv,,,65.0,,,,,,,,,1561.0,2.0,2018-04-20,2018-04-20,,2.0,7.0,,,,,,,,,,
,,orders.csv,,,88.0,,,,,,,,,1562.0,1.0,2018-04-20,2018-04-20,,2.0,7.0,,,,,,,,,,
,,orders.csv,,,77.0,,,,,,,,,1563.0,2.0,2018-04-20,2018-04-20,,3.0,9.0,,,,,,,,,,
,,orders.csv,,,46.0,,,,,,,,,1564.0,1.0,2018-04-21,2018-04-21,,1.0,3.0,,,,,,,,,,
,,orders.csv,,,60.0,,,,,,,,,1565.0,2.0,2018-04-21,2018-04-21,,1.0,2.0,,,,,,,,,,
,,orders.csv,,,72.0,,,,,,,,,1566.0,1.0,2018-04-21,2018-04-21,,1.0,3.0,,,,,,,,,,
,,orders.csv,,,89.0,,,,,,,,,1567.0,2.0,2018-04-21,2018-04-21,,1.0,2.0,,,,,,,,,,
,,orders.csv,,,192.0,,,,,,,,,1568.0,2.0,2018-04-21,2018-04-21,,1.0,3.0,,,,,,,,,,
,,orders.csv,,,29.0,,,,,,,,,1569.0,2.0,2018-04-22,2018-04-22,,2.0,7.0,,,,,,,,,,
,,orders.csv,,,54.0,,,,,,,,,1570.0,2.0,2018-04-22,2018-04-22,,2.0,7.0,,,,,,,,,,
,,orders.csv,,,80.0,,,,,,,,,1571.0,1.0,2018-04-22,2018-04-22,,2.0,7.0,,,,,,,,,,
,,orders.csv,,,14.0,,,,,,,,,1572.0,1.0,2018-04-22,2018-04-22,,3.0,9.0,,,,,,,,,,
,,orders.csv,,,24.0,,,,,,,,,1573.0,2.0,2018-04-23,2018-04-23,,1.0,2.0,,,,,,,,,,
,,orders.csv,,,124.0,,,,,,,,,1574.0,1.0,2018-04-23,2018-04-23,,1.0,2.0,,,,,,,,,,
,,orders.csv,,,224.0,,,,,,,,,1575.0,2.0,2018-04-23,2018-04-23,,1.0,3.0,,,,,,,,,,
,,orders.csv,,,12.0,,,,,,,,,1576.0,2.0,2018-04-23,2018-04-23,,2.0,7.0,,,,,,,,,,
,,orders.csv,,,48.0,,,,,,,,,1577.0,1.0,2018-04-23,2018-04-23,,2.0,7.0,,,,,,,,,,
,,orders.csv,,,93.0,,,,,,,,,1578.0,2.0,2018-04-23,2018-04-23,,2.0,7.0,,,,,,,,,,
,,orders.csv,,,104.0,,,,,,,,,1579.0,2.0,2018-04-24,2018-04-24,,1.0,2.0,,,,,,,,,,
,,orders.csv,,,191.0,,,,,,,,,1580.0,2.0,2018-04-24,2018-04-24,,1.0,2.0,,,,,,,,,,
,,orders.csv,,,188.0,,,,,,,,,1581.0,2.0,2018-04-25,2018-04-25,,1.0,2.0,,,,,,,,,,
,,orders.csv,,,240.0,,,,,,,,,1582.0,1.0,2018-04-25,2018-04-25,,1.0,3.0,,,,,,,,,,
,,orders.csv,,,44.0,,,,,,,,,1583.0,1.0,2018-04-25,2018-04-25,,2.0,6.0,,,,,,,,,,
,,orders.csv,,,109.0,,,,,,,,,1584.0,2.0,2018-04-26,2018-04-26,,1.0,3.0,,,,,,,,,,
,,orders.csv,,,157.0,,,,,,,,,1585.0,1.0,2018-04-26,2018-04-26,,1.0,3.0,,,,,,,,,,
,,orders.csv,,,176.0,,,,,,,,,1586.0,1.0,2018-04-26,2018-04-26,,1.0,2.0,,,,,,,,,,
,,orders.csv,,,231.0,,,,,,,,,1587.0,2.0,2018-04-26,2018-04-26,,1.0,2.0,,,,,,,,,,
,,orders.csv,,,11.0,,,,,,,,,1588.0,1.0,2018-04-26,2018-04-26,,2.0,6.0,,,,,,,,,,
,,orders.csv,,,40.0,,,,,,,,,1589.0,2.0,2018-04-27,2018-04-27,,1.0,3.0,,,,,,,,,,
,,orders.csv,,,138.0,,,,,,,,,1590.0,1.0,2018-04-27,2018-04-27,,1.0,3.0,,,,,,,,,,
,,orders.csv,,,165.0,,,,,,,,,1591.0,2.0,2018-04-27,2018-04-27,,1.0,2.0,,,,,,,,,,
,,orders.csv,,,6.0,,,,,,,,,1592.0,2.0,2018-04-27,2018-04-27,,2.0,7.0,,,,,,,,,,
,,orders.csv,,,9.0,,,,,,,,,1593.0,1.0,2018-04-27,2018-04-27,,2.0,6.0,,,,,,,,,,
,,orders.csv,,,45.0,,,,,,,,,1594.0,1.0,2018-04-28,2018-04-28,,2.0,7.0,,,,,,,,,,
,,orders.csv,,,71.0,,,,,,,,,1595.0,2.0,2018-04-28,2018-04-28,,2.0,7.0,,,,,,,,,,
,,orders.csv,,,21.0,,,,,,,,,1596.0,2.0,2018-04-28,2018-04-28,,3.0,8.0,,,,,,,,,,
,,orders.csv,,,56.0,,,,,,,,,1597.0,1.0,2018-04-28,2018-04-28,,3.0,9.0,,,,,,,,,,
,,orders.csv,,,239.0,,,,,,,,,1598.0,2.0,2018-04-29,2018-04-29,,1.0,3.0,,,,,,,,,,
,,orders.csv,,,49.0,,,,,,,,,1599.0,1.0,2018-04-29,2018-04-29,,2.0,7.0,,,,,,,,,,
,,orders.csv,,,90.0,,,,,,,,,1600.0,1.0,2018-04-29,2018-04-29,,2.0,6.0,,,,,,,,,,
,,orders.csv,,,43.0,,,,,,,,,1601.0,1.0,2018-04-29,2018-04-29,,3.0,8.0,,,,,,,,,,
,,orders.csv,,,55.0,,,,,,,,,1602.0,1.0,2018-04-30,2018-04-30,,2.0,6.0,,,,,,,,,,
,,orders.csv,,,74.0,,,,,,,,,1603.0,2.0,2018-04-30,2018-04-30,,2.0,6.0,,,,,,,,,,
,,orders.csv,,,7.0,,,,,,,,,1604.0,3.0,2018-06-17,2018-06-17,,2.0,7.0,,,,,,,,,,
,,orders.csv,,,123.0,,,,,,,,,1605.0,3.0,2018-07-01,2018-07-01,,3.0,8.0,,,,,,,,,,
,,orders.csv,,,119.0,,,,,,,,,1606.0,3.0,2018-07-10,2018-07-10,,3.0,8.0,,,,,,,,,,
,,orders.csv,,,33.0,,,,,,,,,1607.0,3.0,2018-07-11,2018-07-11,,1.0,2.0,,,,,,,,,,
,,orders.csv,,,53.0,,,,,,,,,1608.0,3.0,2018-07-12,2018-07-12,,1.0,2.0,,,,,,,,,,
,,orders.csv,,,10.0,,,,,,,,,1609.0,3.0,2018-08-23,2018-08-23,,2.0,7.0,,,,,,,,,,
,,orders.csv,,,15.0,,,,,,,,,1610.0,3.0,2018-08-25,2018-08-25,,2.0,7.0,,,,,,,,,,
,,orders.csv,,,6.0,,,,,,,,,1611.0,3.0,2018-09-06,2018-09-06,,2.0,7.0,,,,,,,,,,
,,orders.csv,,,3.0,,,,,,,,,1612.0,3.0,2018-10-21,2018-10-21,,1.0,3.0,,,,,,,,,,
,,orders.csv,,,1.0,,,,,,,,,1613.0,3.0,2018-11-18,2018-11-18,,2.0,6.0,,,,,,,,,,
,,orders.csv,,,135.0,,,,,,,,,1614.0,3.0,2018-11-28,2018-11-28,,3.0,8.0,,,,,,,,,,
,,orders.csv,,,136.0,,,,,,,,,1615.0,3.0,2018-12-28,2018-12-28,,3.0,8.0,,,,,,,,,,
,,order_items.csv,,,,,,,,,,,,1.0,,,,,,,1.0,20.0,1.0,599.99,0.2,,,,,
,,order_items.csv,,,,,,,,,,,,1.0,,,,,,,2.0,8.0,2.0,1799.99,0.07,,,,,
,,order_items.csv,,,,,,,,,,,,1.0,,,,,,,3.0,10.0,2.0,1549.0,0.05,,,,,
,,order_items.csv,,,,,,,,,,,,1.0,,,,,,,4.0,16.0,2.0,599.99,0.05,,,,,
,,order_items.csv,,,,,,,,,,,,1.0,,,,,,,5.0,4.0,1.0,2899.99,0.2,,,,,
,,order_items.csv,,,,,,,,,,,,2.0,,,,,,,1.0,20.0,1.0,599.99,0.07,,,,,
,,order_items.csv,,,,,,,,,,,,2.0,,,,,,,2.0,16.0,2.0,599.99,0.05,,,,,
,,order_items.csv,,,,,,,,,,,,3.0,,,,,,,1.0,3.0,1.0,999.99,0.05,,,,,
,,order_items.csv,,,,,,,,,,,,3.0,,,,,,,2.0,20.0,1.0,599.99,0.05,,,,,
,,order_items.csv,,,,,,,,,,,,4.0,,,,,,,1.0,2.0,2.0,749.99,0.1,,,,,
,,order_items.csv,,,,,,,,,,,,5.0,,,,,,,1.0,10.0,2.0,1549.0,0.05,,,,,
,,order_items.csv,,,,,,,,,,,,5.0,,,,,,,2.0,17.0,1.0,429.0,0.07,,,,,
,,order_items.csv,,,,,,,,,,,,5.0,,,,,,,3.0,26.0,1.0,599.99,0.07,,,,,
,,order_items.csv,,,,,,,,,,,,6.0,,,,,,,1.0,18.0,1.0,449.0,0.07,,,,,
,,order_items.csv,,,,,,,,,,,,6.0,,,,,,,2.0,12.0,2.0,549.99,0.05,,,,,
,,order_items.csv,,,,,,,,,,,,6.0,,,,,,,3.0,20.0,1.0,599.99,0.1,,,,,
,,order_items.csv,,,,,,,,,,,,6.0,,,,,,,4.0,3.0,2.0,999.99,0.07,,,,,
,,order_items.csv,,,,,,,,,,,,6.0,,,,,,,5.0,9.0,2.0,2999.99,0.07,,,,,
,,order_items.csv,,,,,,,,,,,,7.0,,,,,,,1.0,15.0,1.0,529.99,0.07,,,,,
,,order_items.csv,,,,,,,,,,,,7.0,,,,,,,2.0,3.0,1.0,999.99,0.1,,,,,
,,order_items.csv,,,,,,,,,,,,7.0,,,,,,,3.0,17.0,2.0,429.0,0.1,,,,,
,,order_items.csv,,,,,,,,,,,,8.0,,,,,,,1.0,22.0,1.0,269.99,0.05,,,,,
,,order_items.csv,,,,,,,,,,,,8.0,,,,,,,2.0,20.0,2.0,599.99,0.07,,,,,
,,order_items.csv,,,,,,,,,,,,9.0,,,,,,,1.0,7.0,2.0,3999.99,0.1,,,,,
,,order_items.csv,,,,,,,,,,,,10.0,,,,,,,1.0,14.0,1.0,269.99,0.1,,,,,
,,order_items.csv,,,,,,,,,,,,11.0,,,,,,,1.0,8.0,1.0,1799.99,0.05,,,,,
,,order_items.csv,,,,,,,,,,,,11.0,,,,,,,2.0,22.0,2.0,269.99,0.1,,,,,
,,order_items.csv,,,,,,,,,,,,11.0,,,,,,,3.0,16.0,2.0,599.99,0.2,,,,,
,,order_items.csv,,,,,,,,,,,,12.0,,,,,,,1.0,4.0,2.0,2899.99,0.1,,,,,
,,order_items.csv,,,,,,,,,,,,12.0,,,,,,,2.0,11.0,1.0,1680.99,0.05,,,,,
,,order_items.csv,,,,,,,,,,,,13.0,,,,,,,1.0,13.0,1.0,269.99,0.1,,,,,
,,order_items.csv,,,,,,,,,,,,13.0,,,,,,,2.0,17.0,2.0,429.0,0.05,,,,,
,,order_items.csv,,,,,,,,,,,,13.0,,,,,,,3.0,20.0,2.0,599.99,0.1,,,,,
,,order_items.csv,,,,,,,,,,,,13.0,,,,,,,4.0,16.0,2.0,599.99,0.05,,,,,
,,order_items.csv,,,,,,,,,,,,14.0,,,,,,,1.0,6.0,1.0,469.99,0.07,,,,,
,,order_items.csv,,,,,,,,,,,,15.0,,,,,,,1.0,12.0,2.0,549.99,0.07,,,,,
,,order_items.csv,,,,,,,,,,,,15.0,,,,,,,2.0,8.0,1.0,1799.99,0.07,,,,,
,,order_items.csv,,,,,,,,,,,,15.0,,,,,,,3.0,18.0,2.0,449.0,0.05,,,,,
,,order_items.csv,,,,,,,,,,,,15.0,,,,,,,4.0,23.0,2.0,299.99,0.2,,,,,
,,order_items.csv,,,,,,,,,,,,16.0,,,,,,,1.0,8.0,1.0,1799.99,0.2,,,,,
,,order_items.csv,,,,,,,,,,,,16.0,,,,,,,2.0,21.0,1.0,269.99,0.05,,,,,
,,order_items.csv,,,,,,,,,,,,16.0,,,,,,,3.0,13.0,2.0,269.99,0.07,,,,,
,,order_items.csv,,,,,,,,,,,,16.0,,,,,,,4.0,14.0,1.0,269.99,0.07,,,,,
,,order_items.csv,,,,,,,,,,,,17.0,,,,,,,1.0,8.0,1.0,1799.99,0.07,,,,,
,,order_items.csv,,,,,,,,,,,,17.0,,,,,,,2.0,23.0,1.0,299.99,0.1,,,,,
,,order_items.csv,,,,,,,,,,,,17.0,,,,,,,3.0,5.0,1.0,1320.99,0.1,,,,,
,,order_items.csv,,,,,,,,,,,,17.0,,,,,,,4.0,20.0,2.0,599.99,0.2,,,,,
,,order_items.csv,,,,,,,,,,,,18.0,,,,,,,1.0,2.0,2.0,749.99,0.2,,,,,
,,order_items.csv,,,,,,,,,,,,18.0,,,,,,,2.0,22.0,1.0,269.99,0.05,,,,,
,,order_items.csv,,,,,,,,,,,,18.0,,,,,,,3.0,7.0,1.0,3999.99,0.1,,,,,
,,order_items.csv,,,,,,,,,,,,18.0,,,,,,,4.0,25.0,2.0,499.99,0.05,,,,,
,,order_items.csv,,,,,,,,,,,,18.0,,,,,,,5.0,9.0,2.0,2999.99,0.1,,,,,
,,order_items.csv,,,,,,,,,,,,19.0,,,,,,,1.0,10.0,1.0,1549.0,0.07,,,,,
,,order_items.csv,,,,,,,,,,,,19.0,,,,,,,2.0,9.0,2.0,2999.99,0.2,,,,,
,,order_items.csv,,,,,,,,,,,,20.0,,,,,,,1.0,9.0,1.0,2999.99,0.07,,,,,
,,order_items.csv,,,,,,,,,,,,20.0,,,,,,,2.0,10.0,2.0,1549.0,0.07,,,,,
,,order_items.csv,,,,,,,,,,,,21.0,,,,,,,1.0,14.0,1.0,269.99,0.05,,,,,
,,order_items.csv,,,,,,,,,,,,21.0,,,,,,,2.0,17.0,1.0,429.0,0.1,,,,,
,,order_items.csv,,,,,,,,,,,,21.0,,,,,,,3.0,10.0,1.0,1549.0,0.07,,,,,
,,order_items.csv,,,,,,,,,,,,22.0,,,,,,,1.0,15.0,2.0,529.99,0.2,,,,,
,,order_items.csv,,,,,,,,,,,,22.0,,,,,,,2.0,22.0,1.0,269.99,0.05,,,,,
,,order_items.csv,,,,,,,,,,,,23.0,,,,,,,1.0,4.0,2.0,2899.99,0.05,,,,,
,,order_items.csv,,,,,,,,,,,,23.0,,,,,,,2.0,23.0,2.0,299.99,0.1,,,,,
,,order_items.csv,,,,,,,,,,,,23.0,,,,,,,3.0,13.0,1.0,269.99,0.2,,,,,
,,order_items.csv,,,,,,,,,,,,24.0,,,,,,,1.0,3.0,2.0,999.99,0.1,,,,,
,,order_items.csv,,,,,,,,,,,,24.0,,,,,,,2.0,18.0,2.0,449.0,0.07,,,,,
,,order_items.csv,,,,,,,,,,,,25.0,,,,,,,1.0,23.0,2.0,299.99,0.2,,,,,
,,order_items.csv,,,,,,,,,,,,25.0,,,,,,,2.0,10.0,2.0,1549.0,0.2,,,,,
,,order_items.csv,,,,,,,,,,,,25.0,,,,,,,3.0,22.0,1.0,269.99,0.2,,,,,
,,order_items.csv,,,,,,,,,,,,25.0,,,,,,,4.0,14.0,1.0,269.99,0.2,,,,,
,,order_items.csv,,,,,,,,,,,,25.0,,,,,,,5.0,21.0,1.0,269.99,0.1,,,,,
,,order_items.csv,,,,,,,,,,,,26.0,,,,,,,1.0,7.0,1.0,3999.99,0.05,,,,,
,,order_items.csv,,,,,,,,,,,,26.0,,,,,,,2.0,2.0,1.0,749.99,0.2,,,,,
,,order_items.csv,,,,,,,,,,,,26.0,,,,,,,3.0,12.0,1.0,549.99,0.2,,,,,
,,order_items.csv,,,,,,,,,,,,26.0,,,,,,,4.0,21.0,2.0,269.99,0.07,,,,,
,,order_items.csv,,,,,,,,,,,,27.0,,,,,,,1.0,5.0,1.0,1320.99,0.2,,,,,
,,order_items.csv,,,,,,,,,,,,27.0,,,,,,,2.0,19.0,1.0,449.0,0.2,,,,,
,,order_items.csv,,,,,,,,,,,,27.0,,,,,,,3.0,26.0,2.0,599.99,0.07,,,,,
,,order_items.csv,,,,,,,,,,,,27.0,,,,,,,4.0,8.0,1.0,1799.99,0.07,,,,,
,,order_items.csv,,,,,,,,,,,,28.0,,,,,,,1.0,5.0,1.0,1320.99,0.05,,,,,
,,order_items.csv,,,,,,,,,,,,28.0,,,,,,,2.0,7.0,2.0,3999.99,0.2,,,,,
,,order_items.csv,,,,,,,,,,,,28.0,,,,,,,3.0,14.0,2.0,269.99,0.1,,,,,
,,order_items.csv,,,,,,,,,,,,28.0,,,,,,,4.0,6.0,1.0,469.99,0.05,,,,,
,,order_items.csv,,,,,,,,,,,,29.0,,,,,,,1.0,24.0,2.0,549.99,0.05,,,,,
,,order_items.csv,,,,,,,,,,,,29.0,,,,,,,2.0,6.0,1.0,469.99,0.2,,,,,
,,order_items.csv,,,,,,,,,,,,29.0,,,,,,,3.0,21.0,2.0,269.99,0.1,,,,,
,,order_items.csv,,,,,,,,,,,,29.0,,,,,,,4.0,8.0,1.0,1799.99,0.2,,,,,
,,order_items.csv,,,,,,,,,,,,29.0,,,,,,,5.0,14.0,2.0,269.99,0.05,,,,,
,,order_items.csv,,,,,,,,,,,,30.0,,,,,,,1.0,26.0,1.0,599.99,0.05,,,,,
,,order_items.csv,,,,,,,,,,,,30.0,,,,,,,2.0,17.0,1.0,429.0,0.07,,,,,
,,order_items.csv,,,,,,,,,,,,30.0,,,,,,,3.0,19.0,1.0,449.0,0.1,,,,,
,,order_items.csv,,,,,,,,,,,,30.0,,,,,,,4.0,4.0,1.0,2899.99,0.1,,,,,
,,order_items.csv,,,,,,,,,,,,30.0,,,,,,,5.0,7.0,2.0,3999.99,0.1,,,,,
,,order_items.csv,,,,,,,,,,,,31.0,,,,,,,1.0,11.0,2.0,1680.99,0.05,,,,,
,,order_items.csv,,,,,,,,,,,,31.0,,,,,,,2.0,9.0,2.0,2999.99,0.2,,,,,
,,order_items.csv,,,,,,,,,,,,32.0,,,,,,,1.0,8.0,2.0,1799.99,0.07,,,,,
,,order_items.csv,,,,,,,,,,,,32.0,,,,,,,2.0,12.0,2.0,549.99,0.07,,,,,
,,order_items.csv,,,,,,,,,,,,32.0,,,,,,,3.0,25.0,2.0,499.99,0.1,,,,,
,,order_items.csv,,,,,,,,,,,,33.0,,,,,,,1.0,23.0,2.0,299.99,0.07,,,,,
,,order_items.csv,,,,,,,,,,,,33.0,,,,,,,2.0,7.0,1.0,3999.99,0.1,,,,,
,,order_items.csv,,,,,,,,,,,,34.0,,,,,,,1.0,8.0,2.0,1799.99,0.07,,,,,
,,order_items.csv,,,,,,,,,,,,34.0,,,,,,,2.0,10.0,2.0,1549.0,0.1,,,,,
,,order_items.csv,,,,,,,,,,,,34.0,,,,,,,3.0,17.0,2.0,429.0,0.2,,,,,
,,order_items.csv,,,,,,,,,,,,35.0,,,,,,,1.0,18.0,1.0,449.0,0.05,,,,,
,,order_items.csv,,,,,,,,,,,,35.0,,,,,,,2.0,20.0,2.0,599.99,0.05,,,,,
,,order_items.csv,,,,,,,,,,,,35.0,,,,,,,3.0,5.0,1.0,1320.99,0.2,,,,,
,,order_items.csv,,,,,,,,,,,,35.0,,,,,,,4.0,21.0,2.0,269.99,0.07,,,,,
,,order_items.csv,,,,,,,,,,,,35.0,,,,,,,5.0,22.0,1.0,269.99,0.07,,,,,
,,order_items.csv,,,,,,,,,,,,36.0,,,,,,,1.0,9.0,1.0,2999.99,0.07,,,,,
,,order_items.csv,,,,,,,,,,,,36.0,,,,,,,2.0,5.0,1.0,1320.99,0.05,,,,,
,,order_items.csv,,,,,,,,,,,,36.0,,,,,,,3.0,3.0,2.0,999.99,0.2,,,,,
,,order_items.csv,,,,,,,,,,,,37.0,,,,,,,1.0,16.0,2.0,599.99,0.05,,,,,
,,order_items.csv,,,,,,,,,,,,38.0,,,,,,,1.0,7.0,2.0,3999.99,0.05,,,,,
,,order_items.csv,,,,,,,,,,,,38.0,,,,,,,2.0,23.0,1.0,299.99,0.07,,,,,
,,order_items.csv,,,,,,,,,,,,38.0,,,,,,,3.0,25.0,1.0,499.99,0.2,,,,,
,,order_items.csv,,,,,,,,,,,,38.0,,,,,,,4.0,10.0,2.0,1549.0,0.1,,,,,
,,order_items.csv,,,,,,,,,,,,38.0,,,,,,,5.0,24.0,1.0,549.99,0.07,,,,,
,,order_items.csv,,,,,,,,,,,,39.0,,,,,,,1.0,22.0,2.0,269.99,0.2,,,,,
,,order_items.csv,,,,,,,,,,,,39.0,,,,,,,2.0,16.0,2.0,599.99,0.2,,,,,
,,order_items.csv,,,,,,,,,,,,39.0,,,,,,,3.0,3.0,2.0,999.99,0.05,,,,,
,,order_items.csv,,,,,,,,,,,,39.0,,,,,,,4.0,15.0,1.0,529.99,0.1,,,,,
,,order_items.csv,,,,,,,,,,,,40.0,,,,,,,1.0,17.0,1.0,429.0,0.2,,,,,
,,order_items.csv,,,,,,,,,,,,40.0,,,,,,,2.0,8.0,2.0,1799.99,0.2,,,,,
,,order_items.csv,,,,,,,,,,,,41.0,,,,,,,1.0,5.0,1.0,1320.99,0.1,,,,,
,,order_items.csv,,,,,,,,,,,,41.0,,,,,,,2.0,19.0,2.0,449.0,0.2,,,,,
,,order_items.csv,,,,,,,,,,,,41.0,,,,,,,3.0,26.0,2.0,599.99,0.2,,,,,
,,order_items.csv,,,,,,,,,,,,42.0,,,,,,,1.0,19.0,1.0,449.0,0.05,,,,,
,,order_items.csv,,,,,,,,,,,,43.0,,,,,,,1.0,13.0,2.0,269.99,0.1,,,,,
,,order_items.csv,,,,,,,,,,,,43.0,,,,,,,2.0,12.0,2.0,549.99,0.05,,,,,
,,order_items.csv,,,,,,,,,,,,44.0,,,,,,,1.0,7.0,1.0,3999.99,0.1,,,,,
,,order_items.csv,,,,,,,,,,,,44.0,,,,,,,2.0,16.0,1.0,599.99,0.05,,,,,
,,order_items.csv,,,,,,,,,,,,45.0,,,,,,,1.0,4.0,2.0,2899.99,0.2,,,,,
,,order_items.csv,,,,,,,,,,,,45.0,,,,,,,2.0,22.0,1.0,269.99,0.07,,,,,
,,order_items.csv,,,,,,,,,,,,45.0,,,,,,,3.0,21.0,2.0,269.99,0.05,,,,,
,,order_items.csv,,,,,,,,,,,,46.0,,,,,,,1.0,17.0,1.0,429.0,0.1,,,,,
,,order_items.csv,,,,,,,,,,,,47.0,,,,,,,1.0,6.0,1.0,469.99,0.05,,,,,
,,order_items.csv,,,,,,,,,,,,47.0,,,,,,,2.0,15.0,1.0,529.99,0.1,,,,,
,,order_items.csv,,,,,,,,,,,,47.0,,,,,,,3.0,25.0,2.0,499.99,0.07,,,,,
,,order_items.csv,,,,,,,,,,,,47.0,,,,,,,4.0,13.0,1.0,269.99,0.2,,,,,
,,order_items.csv,,,,,,,,,,,,48.0,,,,,,,1.0,11.0,1.0,1680.99,0.1,,,,,
,,order_items.csv,,,,,,,,,,,,48.0,,,,,,,2.0,4.0,1.0,2899.99,0.2,,,,,
,,order_items.csv,,,,,,,,,,,,48.0,,,,,,,3.0,5.0,2.0,1320.99,0.1,,,,,
,,order_items.csv,,,,,,,,,,,,48.0,,,,,,,4.0,14.0,2.0,269.99,0.07,,,,,
,,order_items.csv,,,,,,,,,,,,49.0,,,,,,,1.0,13.0,2.0,269.99,0.07,,,,,
,,order_items.csv,,,,,,,,,,,,50.0,,,,,,,1.0,3.0,1.0,999.99,0.05,,,,,
,,order_items.csv,,,,,,,,,,,,50.0,,,,,,,2.0,26.0,2.0,599.99,0.07,,,,,
,,order_items.csv,,,,,,,,,,,,50.0,,,,,,,3.0,13.0,2.0,269.99,0.2,,,,,
,,order_items.csv,,,,,,,,,,,,51.0,,,,,,,1.0,13.0,1.0,269.99,0.05,,,,,
,,order_items.csv,,,,,,,,,,,,51.0,,,,,,,2.0,20.0,1.0,599.99,0.05,,,,,
,,order_items.csv,,,,,,,,,,,,51.0,,,,,,,3.0,26.0,2.0,599.99,0.2,,,,,
,,order_items.csv,,,,,,,,,,,,52.0,,,,,,,1.0,25.0,1.0,499.99,0.07,,,,,
,,order_items.csv,,,,,,,,,,,,53.0,,,,,,,1.0,8.0,2.0,1799.99,0.2,,,,,
,,order_items.csv,,,,,,,,,,,,53.0,,,,,,,2.0,23.0,2.0,299.99,0.05,,,,,
,,order_items.csv,,,,,,,,,,,,53.0,,,,,,,3.0,14.0,2.0,269.99,0.2,,,,,
,,order_items.csv,,,,,,,,,,,,53.0,,,,,,,4.0,25.0,2.0,499.99,0.1,,,,,
,,order_items.csv,,,,,,,,,,,,54.0,,,,,,,1.0,26.0,2.0,599.99,0.2,,,,,
,,order_items.csv,,,,,,,,,,,,54.0,,,,,,,2.0,3.0,1.0,999.99,0.2,,,,,
,,order_items.csv,,,,,,,,,,,,55.0,,,,,,,1.0,21.0,1.0,269.99,0.05,,,,,
,,order_items.csv,,,,,,,,,,,,55.0,,,,,,,2.0,25.0,2.0,499.99,0.2,,,,,
,,order_items.csv,,,,,,,,,,,,55.0,,,,,,,3.0,15.0,2.0,529.99,0.2,,,,,
,,order_items.csv,,,,,,,,,,,,56.0,,,,,,,1.0,20.0,2.0,599.99,0.07,,,,,
,,order_items.csv,,,,,,,,,,,,57.0,,,,,,,1.0,23.0,2.0,299.99,0.1,,,,,
,,order_items.csv,,,,,,,,,,,,57.0,,,,,,,2.0,19.0,2.0,449.0,0.2,,,,,
,,order_items.csv,,,,,,,,,,,,57.0,,,,,,,3.0,13.0,1.0,269.99,0.07,,,,,
,,order_items.csv,,,,,,,,,,,,58.0,,,,,,,1.0,14.0,2.0,269.99,0.05,,,,,
,,order_items.csv,,,,,,,,,,,,58.0,,,,,,,2.0,18.0,1.0,449.0,0.07,,,,,
,,order_items.csv,,,,,,,,,,,,58.0,,,,,,,3.0,23.0,1.0,299.99,0.1,,,,,
,,order_items.csv,,,,,,,,,,,,59.0,,,,,,,1.0,21.0,1.0,269.99,0.05,,,,,
,,order_items.csv,,,,,,,,,,,,59.0,,,,,,,2.0,2.0,1.0,749.99,0.1,,,,,
,,order_items.csv,,,,,,,,,,,,59.0,,,,,,,3.0,17.0,2.0,429.0,0.1,,,,,
,,order_items.csv,,,,,,,,,,,,60.0,,,,,,,1.0,14.0,2.0,269.99,0.05,,,,,
,,order_items.csv,,,,,,,,,,,,60.0,,,,,,,2.0,4.0,1.0,2899.99,0.1,,,,,
,,order_items.csv,,,,,,,,,,,,60.0,,,,,,,3.0,15.0,1.0,529.99,0.07,,,,,
,,order_items.csv,,,,,,,,,,,,60.0,,,,,,,4.0,22.0,1.0,269.99,0.2,,,,,
,,order_items.csv,,,,,,,,,,,,61.0,,,,,,,1.0,25.0,1.0,499.99,0.1,,,,,
,,order_items.csv,,,,,,,,,,,,61.0,,,,,,,2.0,15.0,2.0,529.99,0.05,,,,,
,,order_items.csv,,,,,,,,,,,,61.0,,,,,,,3.0,5.0,2.0,1320.99,0.2,,,,,
,,order_items.csv,,,,,,,,,,,,62.0,,,,,,,1.0,14.0,1.0,269.99,0.07,,,,,
,,order_items.csv,,,,,,,,,,,,62.0,,,,,,,2.0,8.0,2.0,1799.99,0.1,,,,,
,,order_items.csv,,,,,,,,,,,,62.0,,,,,,,3.0,22.0,2.0,269.99,0.1,,,,,
,,order_items.csv,,,,,,,,,,,,63.0,,,,,,,1.0,25.0,2.0,499.99,0.1,,,,,
,,order_items.csv,,,,,,,,,,,,63.0,,,,,,,2.0,19.0,2.0,449.0,0.05,,,,,
,,order_items.csv,,,,,,,,,,,,63.0,,,,,,,3.0,3.0,1.0,999.99,0.1,,,,,
,,order_items.csv,,,,,,,,,,,,64.0,,,,,,,1.0,25.0,2.0,499.99,0.1,,,,,
,,order_items.csv,,,,,,,,,,,,64.0,,,,,,,2.0,22.0,2.0,269.99,0.2,,,,,
,,order_items.csv,,,,,,,,,,,,64.0,,,,,,,3.0,23.0,2.0,299.99,0.2,,,,,
,,order_items.csv,,,,,,,,,,,,64.0,,,,,,,4.0,24.0,2.0,549.99,0.1,,,,,
,,order_items.csv,,,,,,,,,,,,65.0,,,,,,,1.0,12.0,1.0,549.99,0.1,,,,,
,,order_items.csv,,,,,,,,,,,,66.0,,,,,,,1.0,2.0,1.0,749.99,0.2,,,,,
,,order_items.csv,,,,,,,,,,,,66.0,,,,,,,2.0,23.0,1.0,299.99,0.07,,,,,
,,order_items.csv,,,,,,,,,,,,66.0,,,,,,,3.0,12.0,1.0,549.99,0.07,,,,,
,,order_items.csv,,,,,,,,,,,,67.0,,,,,,,1.0,23.0,2.0,299.99,0.2,,,,,
,,order_items.csv,,,,,,,,,,,,67.0,,,,,,,2.0,12.0,2.0,549.99,0.1,,,,,
,,order_items.csv,,,,,,,,,,,,67.0,,,,,,,3.0,21.0,1.0,269.99,0.2,,,,,
,,order_items.csv,,,,,,,,,,,,67.0,,,,,,,4.0,5.0,2.0,1320.99,0.1,,,,,
,,order_items.csv,,,,,,,,,,,,67.0,,,,,,,5.0,19.0,1.0,449.0,0.2,,,,,
,,order_items.csv,,,,,,,,,,,,68.0,,,,,,,1.0,13.0,2.0,269.99,0.07,,,,,
,,order_items.csv,,,,,,,,,,,,68.0,,,,,,,2.0,17.0,1.0,429.0,0.1,,,,,
,,order_items.csv,,,,,,,,,,,,69.0,,,,,,,1.0,22.0,2.0,269.99,0.1,,,,,
,,order_items.csv,,,,,,,,,,,,69.0,,,,,,,2.0,5.0,1.0,1320.99,0.2,,,,,
,,order_items.csv,,,,,,,,,,,,69.0,,,,,,,3.0,10.0,1.0,1549.0,0.05,,,,,
,,order_items.csv,,,,,,,,,,,,70.0,,,,,,,1.0,3.0,2.0,999.99,0.05,,,,,
,,order_items.csv,,,,,,,,,,,,70.0,,,,,,,2.0,18.0,1.0,449.0,0.2,,,,,
,,order_items.csv,,,,,,,,,,,,70.0,,,,,,,3.0,20.0,1.0,599.99,0.05,,,,,
,,order_items.csv,,,,,,,,,,,,71.0,,,,,,,1.0,26.0,2.0,599.99,0.05,,,,,
,,order_items.csv,,,,,,,,,,,,71.0,,,,,,,2.0,24.0,1.0,549.99,0.2,,,,,
,,order_items.csv,,,,,,,,,,,,71.0,,,,,,,3.0,18.0,1.0,449.0,0.1,,,,,
,,order_items.csv,,,,,,,,,,,,72.0,,,,,,,1.0,17.0,2.0,429.0,0.07,,,,,
,,order_items.csv,,,,,,,,,,,,72.0,,,,,,,2.0,12.0,1.0,549.99,0.05,,,,,
,,order_items.csv,,,,,,,,,,,,72.0,,,,,,,3.0,13.0,2.0,269.99,0.1,,,,,
,,order_items.csv,,,,,,,,,,,,73.0,,,,,,,1.0,22.0,1.0,269.99,0.07,,,,,
,,order_items.csv,,,,,,,,,,,,73.0,,,,,,,2.0,26.0,2.0,599.99,0.05,,,,,
,,order_items.csv,,,,,,,,,,,,73.0,,,,,,,3.0,3.0,2.0,999.99,0.07,,,,,
,,order_items.csv,,,,,,,,,,,,73.0,,,,,,,4.0,25.0,1.0,499.99,0.07,,,,,
,,order_items.csv,,,,,,,,,,,,73.0,,,,,,,5.0,23.0,2.0,299.99,0.2,,,,,
,,order_items.csv,,,,,,,,,,,,74.0,,,,,,,1.0,16.0,2.0,599.99,0.05,,,,,
,,order_items.csv,,,,,,,,,,,,74.0,,,,,,,2.0,6.0,1.0,469.99,0.07,,,,,
,,order_items.csv,,,,,,,,,,,,75.0,,,,,,,1.0,3.0,1.0,999.99,0.1,,,,,
,,order_items.csv,,,,,,,,,,,,75.0,,,,,,,2.0,7.0,2.0,3999.99,0.07,,,,,
,,order_items.csv,,,,,,,,,,,,75.0,,,,,,,3.0,15.0,1.0,529.99,0.2,,,,,
,,order_items.csv,,,,,,,,,,,,76.0,,,,,,,1.0,12.0,1.0,549.99,0.05,,,,,
,,order_items.csv,,,,,,,,,,,,76.0,,,,,,,2.0,11.0,2.0,1680.99,0.1,,,,,
,,order_items.csv,,,,,,,,,,,,76.0,,,,,,,3.0,5.0,1.0,1320.99,0.07,,,,,
,,order_items.csv,,,,,,,,,,,,77.0,,,,,,,1.0,20.0,1.0,599.99,0.07,,,,,
,,order_items.csv,,,,,,,,,,,,77.0,,,,,,,2.0,24.0,2.0,549.99,0.1,,,,,
,,order_items.csv,,,,,,,,,,,,77.0,,,,,,,3.0,26.0,1.0,599.99,0.2,,,,,
,,order_items.csv,,,,,,,,,,,,77.0,,,,,,,4.0,25.0,1.0,499.99,0.2,,,,,
,,order_items.csv,,,,,,,,,,,,78.0,,,,,,,1.0,17.0,1.0,429.0,0.07,,,,,
,,order_items.csv,,,,,,,,,,,,78.0,,,,,,,2.0,19.0,1.0,449.0,0.2,,,,,
,,order_items.csv,,,,,,,,,,,,78.0,,,,,,,3.0,18.0,2.0,449.0,0.1,,,,,
,,order_items.csv,,,,,,,,,,,,78.0,,,,,,,4.0,14.0,2.0,269.99,0.1,,,,,
,,order_items.csv,,,,,,,,,,,,79.0,,,,,,,1.0,9.0,2.0,2999.99,0.1,,,,,
,,order_items.csv,,,,,,,,,,,,79.0,,,,,,,2.0,17.0,2.0,429.0,0.05,,,,,
,,order_items.csv,,,,,,,,,,,,79.0,,,,,,,3.0,6.0,1.0,469.99,0.1,,,,,
,,order_items.csv,,,,,,,,,,,,79.0,,,,,,,4.0,25.0,2.0,499.99,0.07,,,,,
,,order_items.csv,,,,,,,,,,,,80.0,,,,,,,1.0,26.0,1.0,599.99,0.1,,,,,
,,order_items.csv,,,,,,,,,,,,80.0,,,,,,,2.0,24.0,1.0,549.99,0.1,,,,,
,,order_items.csv,,,,,,,,,,,,80.0,,,,,,,3.0,17.0,1.0,429.0,0.2,,,,,
,,order_items.csv,,,,,,,,,,,,81.0,,,,,,,1.0,10.0,2.0,1549.0,0.2,,,,,
,,order_items.csv,,,,,,,,,,,,81.0,,,,,,,2.0,23.0,2.0,299.99,0.05,,,,,
,,order_items.csv,,,,,,,,,,,,81.0,,,,,,,3.0,25.0,2.0,499.99,0.05,,,,,
,,order_items.csv,,,,,,,,,,,,82.0,,,,,,,1.0,25.0,2.0,499.99,0.1,,,,,
,,order_items.csv,,,,,,,,,,,,82.0,,,,,,,2.0,11.0,2.0,1680.99,0.2,,,,,
,,order_items.csv,,,,,,,,,,,,83.0,,,,,,,1.0,20.0,1.0,599.99,0.2,,,,,
,,order_items.csv,,,,,,,,,,,,83.0,,,,,,,2.0,3.0,2.0,999.99,0.05,,,,,
,,order_items.csv,,,,,,,,,,,,84.0,,,,,,,1.0,23.0,2.0,299.99,0.07,,,,,
,,order_items.csv,,,,,,,,,,,,84.0,,,,,,,2.0,15.0,2.0,529.99,0.07,,,,,
,,order_items.csv,,,,,,,,,,,,85.0,,,,,,,1.0,4.0,2.0,2899.99,0.05,,,,,
,,order_items.csv,,,,,,,,,,,,85.0,,,,,,,2.0,18.0,1.0,449.0,0.07,,,,,
,,order_items.csv,,,,,,,,,,,,86.0,,,,,,,1.0,9.0,2.0,2999.99,0.1,,,,,
,,order_items.csv,,,,,,,,,,,,86.0,,,,,,,2.0,23.0,2.0,299.99,0.07,,,,,
,,order_items.csv,,,,,,,,,,,,86.0,,,,,,,3.0,21.0,2.0,269.99,0.2,,,,,
,,order_items.csv,,,,,,,,,,,,86.0,,,,,,,4.0,15.0,1.0,529.99,0.1,,,,,
,,order_items.csv,,,,,,,,,,,,87.0,,,,,,,1.0,20.0,2.0,599.99,0.2,,,,,
,,order_items.csv,,,,,,,,,,,,87.0,,,,,,,2.0,23.0,2.0,299.99,0.1,,,,,
,,order_items.csv,,,,,,,,,,,,88.0,,,,,,,1.0,10.0,1.0,1549.0,0.07,,,,,
,,order_items.csv,,,,,,,,,,,,88.0,,,,,,,2.0,8.0,2.0,1799.99,0.1,,,,,
,,order_items.csv,,,,,,,,,,,,88.0,,,,,,,3.0,7.0,1.0,3999.99,0.1,,,,,
,,order_items.csv,,,,,,,,,,,,89.0,,,,,,,1.0,5.0,1.0,1320.99,0.05,,,,,
,,order_items.csv,,,,,,,,,,,,89.0,,,,,,,2.0,6.0,2.0,469.99,0.1,,,,,
,,order_items.csv,,,,,,,,,,,,90.0,,,,,,,1.0,3.0,1.0,999.99,0.1,,,,,
,,order_items.csv,,,,,,,,,,,,90.0,,,,,,,2.0,6.0,1.0,469.99,0.07,,,,,
,,order_items.csv,,,,,,,,,,,,91.0,,,,,,,1.0,11.0,1.0,1680.99,0.1,,,,,
,,order_items.csv,,,,,,,,,,,,91.0,,,,,,,2.0,25.0,1.0,499.99,0.05,,,,,
,,order_items.csv,,,,,,,,,,,,91.0,,,,,,,3.0,15.0,2.0,529.99,0.07,,,,,
,,order_items.csv,,,,,,,,,,,,91.0,,,,,,,4.0,13.0,2.0,269.99,0.07,,,,,
,,order_items.csv,,,,,,,,,,,,92.0,,,,,,,1.0,8.0,1.0,1799.99,0.1,,,,,
,,order_items.csv,,,,,,,,,,,,93.0,,,,,,,1.0,22.0,2.0,269.99,0.07,,,,,
,,order_items.csv,,,,,,,,,,,,93.0,,,,,,,2.0,17.0,1.0,429.0,0.05,,,,,
,,order_items.csv,,,,,,,,,,,,93.0,,,,,,,3.0,21.0,1.0,269.99,0.1,,,,,
,,order_items.csv,,,,,,,,,,,,93.0,,,,,,,4.0,2.0,1.0,749.99,0.2,,,,,
,,order_items.csv,,,,,,,,,,,,93.0,,,,,,,5.0,10.0,2.0,1549.0,0.07,,,,,
,,order_items.csv,,,,,,,,,,,,94.0,,,,,,,1.0,12.0,1.0,549.99,0.05,,,,,
,,order_items.csv,,,,,,,,,,,,94.0,,,,,,,2.0,4.0,1.0,2899.99,0.2,,,,,
,,order_items.csv,,,,,,,,,,,,94.0,,,,,,,3.0,11.0,1.0,1680.99,0.2,,,,,
,,order_items.csv,,,,,,,,,,,,94.0,,,,,,,4.0,21.0,2.0,269.99,0.07,,,,,
,,order_items.csv,,,,,,,,,,,,95.0,,,,,,,1.0,10.0,2.0,1549.0,0.2,,,,,
,,order_items.csv,,,,,,,,,,,,95.0,,,,,,,2.0,19.0,1.0,449.0,0.1,,,,,
,,order_items.csv,,,,,,,,,,,,95.0,,,,,,,3.0,8.0,2.0,1799.99,0.2,,,,,
,,order_items.csv,,,,,,,,,,,,95.0,,,,,,,4.0,20.0,2.0,599.99,0.05,,,,,
,,order_items.csv,,,,,,,,,,,,96.0,,,,,,,1.0,26.0,1.0,599.99,0.1,,,,,
,,order_items.csv,,,,,,,,,,,,96.0,,,,,,,2.0,23.0,1.0,299.99,0.05,,,,,
,,order_items.csv,,,,,,,,,,,,97.0,,,,,,,1.0,20.0,2.0,599.99,0.2,,,,,
,,order_items.csv,,,,,,,,,,,,97.0,,,,,,,2.0,2.0,1.0,749.99,0.07,,,,,
,,order_items.csv,,,,,,,,,,,,97.0,,,,,,,3.0,6.0,2.0,469.99,0.2,,,,,
,,order_items.csv,,,,,,,,,,,,97.0,,,,,,,4.0,19.0,1.0,449.0,0.1,,,,,
,,order_items.csv,,,,,,,,,,,,98.0,,,,,,,1.0,19.0,1.0,449.0,0.07,,,,,
,,order_items.csv,,,,,,,,,,,,98.0,,,,,,,2.0,21.0,1.0,269.99,0.1,,,,,
,,order_items.csv,,,,,,,,,,,,98.0,,,,,,,3.0,2.0,1.0,749.99,0.2,,,,,
,,order_items.csv,,,,,,,,,,,,98.0,,,,,,,4.0,22.0,2.0,269.99,0.2,,,,,
,,order_items.csv,,,,,,,,,,,,99.0,,,,,,,1.0,13.0,1.0,269.99,0.2,,,,,
,,order_items.csv,,,,,,,,,,,,99.0,,,,,,,2.0,21.0,1.0,269.99,0.2,,,,,
,,order_items.csv,,,,,,,,,,,,99.0,,,,,,,3.0,25.0,2.0,499.99,0.05,,,,,
,,order_items.csv,,,,,,,,,,,,99.0,,,,,,,4.0,7.0,2.0,3999.99,0.07,,,,,
,,order_items.csv,,,,,,,,,,,,99.0,,,,,,,5.0,23.0,2.0,299.99,0.2,,,,,
,,order_items.csv,,,,,,,,,,,,100.0,,,,,,,1.0,12.0,2.0,549.99,0.05,,,,,
,,order_items.csv,,,,,,,,,,,,100.0,,,,,,,2.0,11.0,2.0,1680.99,0.1,,,,,
,,order_items.csv,,,,,,,,,,,,100.0,,,,,,,3.0,7.0,2.0,3999.99,0.2,,,,,
,,order_items.csv,,,,,,,,,,,,100.0,,,,,,,4.0,16.0,2.0,599.99,0.2,,,,,
,,order_items.csv,,,,,,,,,,,,100.0,,,,,,,5.0,24.0,2.0,549.99,0.1,,,,,
,,order_items.csv,,,,,,,,,,,,101.0,,,,,,,1.0,12.0,2.0,549.99,0.2,,,,,
,,order_items.csv,,,,,,,,,,,,102.0,,,,,,,1.0,15.0,1.0,529.99,0.05,,,,,
,,order_items.csv,,,,,,,,,,,,102.0,,,,,,,2.0,22.0,1.0,269.99,0.07,,,,,
,,order_items.csv,,,,,,,,,,,,103.0,,,,,,,1.0,17.0,1.0,429.0,0.07,,,,,
,,order_items.csv,,,,,,,,,,,,103.0,,,,,,,2.0,3.0,1.0,999.99,0.05,,,,,
,,order_items.csv,,,,,,,,,,,,103.0,,,,,,,3.0,18.0,1.0,449.0,0.2,,,,,
,,order_items.csv,,,,,,,,,,,,103.0,,,,,,,4.0,15.0,2.0,529.99,0.1,,,,,
,,order_items.csv,,,,,,,,,,,,103.0,,,,,,,5.0,9.0,2.0,2999.99,0.1,,,,,
,,order_items.csv,,,,,,,,,,,,104.0,,,,,,,1.0,19.0,2.0,449.0,0.1,,,,,
,,order_items.csv,,,,,,,,,,,,104.0,,,,,,,2.0,26.0,1.0,599.99,0.05,,,,,
,,order_items.csv,,,,,,,,,,,,105.0,,,,,,,1.0,11.0,2.0,1680.99,0.2,,,,,
,,order_items.csv,,,,,,,,,,,,105.0,,,,,,,2.0,3.0,1.0,999.99,0.05,,,,,
,,order_items.csv,,,,,,,,,,,,105.0,,,,,,,3.0,9.0,1.0,2999.99,0.05,,,,,
,,order_items.csv,,,,,,,,,,,,106.0,,,,,,,1.0,17.0,1.0,429.0,0.1,,,,,
,,order_items.csv,,,,,,,,,,,,106.0,,,,,,,2.0,13.0,2.0,269.99,0.1,,,,,
,,order_items.csv,,,,,,,,,,,,107.0,,,,,,,1.0,19.0,1.0,449.0,0.2,,,,,
,,order_items.csv,,,,,,,,,,,,107.0,,,,,,,2.0,13.0,2.0,269.99,0.1,,,,,
,,order_items.csv,,,,,,,,,,,,108.0,,,,,,,1.0,11.0,1.0,1680.99,0.1,,,,,
,,order_items.csv,,,,,,,,,,,,108.0,,,,,,,2.0,22.0,2.0,269.99,0.07,,,,,
,,order_items.csv,,,,,,,,,,,,108.0,,,,,,,3.0,16.0,2.0,599.99,0.05,,,,,
,,order_items.csv,,,,,,,,,,,,109.0,,,,,,,1.0,22.0,2.0,269.99,0.1,,,,,
,,order_items.csv,,,,,,,,,,,,109.0,,,,,,,2.0,6.0,1.0,469.99,0.07,,,,,
,,order_items.csv,,,,,,,,,,,,110.0,,,,,,,1.0,14.0,1.0,269.99,0.1,,,,,
,,order_items.csv,,,,,,,,,,,,111.0,,,,,,,1.0,14.0,1.0,269.99,0.1,,,,,
,,order_items.csv,,,,,,,,,,,,111.0,,,,,,,2.0,12.0,2.0,549.99,0.07,,,,,
,,order_items.csv,,,,,,,,,,,,112.0,,,,,,,1.0,23.0,2.0,299.99,0.2,,,,,
,,order_items.csv,,,,,,,,,,,,112.0,,,,,,,2.0,25.0,2.0,499.99,0.07,,,,,
,,order_items.csv,,,,,,,,,,,,112.0,,,,,,,3.0,24.0,2.0,549.99,0.05,,,,,
,,order_items.csv,,,,,,,,,,,,112.0,,,,,,,4.0,5.0,1.0,1320.99,0.2,,,,,
,,order_items.csv,,,,,,,,,,,,113.0,,,,,,,1.0,12.0,2.0,549.99,0.07,,,,,
,,order_items.csv,,,,,,,,,,,,113.0,,,,,,,2.0,24.0,2.0,549.99,0.1,,,,,
,,order_items.csv,,,,,,,,,,,,113.0,,,,,,,3.0,6.0,1.0,469.99,0.07,,,,,
,,order_items.csv,,,,,,,,,,,,113.0,,,,,,,4.0,23.0,1.0,299.99,0.2,,,,,
,,order_items.csv,,,,,,,,,,,,113.0,,,,,,,5.0,5.0,2.0,1320.99,0.2,,,,,
,,order_items.csv,,,,,,,,,,,,114.0,,,,,,,1.0,12.0,1.0,549.99,0.05,,,,,
,,order_items.csv,,,,,,,,,,,,114.0,,,,,,,2.0,2.0,1.0,749.99,0.07,,,,,
,,order_items.csv,,,,,,,,,,,,114.0,,,,,,,3.0,13.0,2.0,269.99,0.1,,,,,
,,order_items.csv,,,,,,,,,,,,115.0,,,,,,,1.0,22.0,1.0,269.99,0.2,,,,,
,,order_items.csv,,,,,,,,,,,,115.0,,,,,,,2.0,19.0,1.0,449.0,0.1,,,,,
,,order_items.csv,,,,,,,,,,,,116.0,,,,,,,1.0,26.0,1.0,599.99,0.05,,,,,
,,order_items.csv,,,,,,,,,,,,117.0,,,,,,,1.0,22.0,2.0,269.99,0.2,,,,,
,,order_items.csv,,,,,,,,,,,,117.0,,,,,,,2.0,26.0,1.0,599.99,0.05,,,,,
,,order_items.csv,,,,,,,,,,,,117.0,,,,,,,3.0,14.0,1.0,269.99,0.2,,,,,
,,order_items.csv,,,,,,,,,,,,117.0,,,,,,,4.0,19.0,1.0,449.0,0.05,,,,,
,,order_items.csv,,,,,,,,,,,,118.0,,,,,,,1.0,18.0,1.0,449.0,0.07,,,,,
,,order_items.csv,,,,,,,,,,,,118.0,,,,,,,2.0,4.0,1.0,2899.99,0.07,,,,,
,,order_items.csv,,,,,,,,,,,,118.0,,,,,,,3.0,6.0,1.0,469.99,0.07,,,,,
,,order_items.csv,,,,,,,,,,,,118.0,,,,,,,4.0,3.0,2.0,999.99,0.1,,,,,
,,order_items.csv,,,,,,,,,,,,118.0,,,,,,,5.0,23.0,2.0,299.99,0.07,,,,,
,,order_items.csv,,,,,,,,,,,,119.0,,,,,,,1.0,25.0,1.0,499.99,0.05,,,,,
,,order_items.csv,,,,,,,,,,,,120.0,,,,,,,1.0,13.0,2.0,269.99,0.05,,,,,
,,order_items.csv,,,,,,,,,,,,120.0,,,,,,,2.0,6.0,2.0,469.99,0.05,,,,,
,,order_items.csv,,,,,,,,,,,,120.0,,,,,,,3.0,10.0,2.0,1549.0,0.05,,,,,
,,order_items.csv,,,,,,,,,,,,120.0,,,,,,,4.0,17.0,1.0,429.0,0.05,,,,,
,,order_items.csv,,,,,,,,,,,,120.0,,,,,,,5.0,16.0,2.0,599.99,0.2,,,,,
,,order_items.csv,,,,,,,,,,,,121.0,,,,,,,1.0,5.0,1.0,1320.99,0.2,,,,,
,,order_items.csv,,,,,,,,,,,,121.0,,,,,,,2.0,14.0,2.0,269.99,0.1,,,,,
,,order_items.csv,,,,,,,,,,,,121.0,,,,,,,3.0,4.0,2.0,2899.99,0.1,,,,,
,,order_items.csv,,,,,,,,,,,,121.0,,,,,,,4.0,24.0,2.0,549.99,0.07,,,,,
,,order_items.csv,,,,,,,,,,,,121.0,,,,,,,5.0,2.0,2.0,749.99,0.05,,,,,
,,order_items.csv,,,,,,,,,,,,122.0,,,,,,,1.0,16.0,1.0,599.99,0.1,,,,,
,,order_items.csv,,,,,,,,,,,,123.0,,,,,,,1.0,12.0,2.0,549.99,0.1,,,,,
,,order_items.csv,,,,,,,,,,,,124.0,,,,,,,1.0,16.0,1.0,599.99,0.05,,,,,
,,order_items.csv,,,,,,,,,,,,124.0,,,,,,,2.0,4.0,1.0,2899.99,0.07,,,,,
,,order_items.csv,,,,,,,,,,,,124.0,,,,,,,3.0,7.0,2.0,3999.99,0.05,,,,,
,,order_items.csv,,,,,,,,,,,,125.0,,,,,,,1.0,17.0,1.0,429.0,0.1,,,,,
,,order_items.csv,,,,,,,,,,,,126.0,,,,,,,1.0,9.0,2.0,2999.99,0.05,,,,,
,,order_items.csv,,,,,,,,,,,,127.0,,,,,,,1.0,17.0,1.0,429.0,0.07,,,,,
,,order_items.csv,,,,,,,,,,,,127.0,,,,,,,2.0,20.0,1.0,599.99,0.1,,,,,
,,order_items.csv,,,,,,,,,,,,127.0,,,,,,,3.0,4.0,2.0,2899.99,0.07,,,,,
,,order_items.csv,,,,,,,,,,,,128.0,,,,,,,1.0,24.0,2.0,549.99,0.1,,,,,
,,order_items.csv,,,,,,,,,,,,128.0,,,,,,,2.0,16.0,2.0,599.99,0.1,,,,,
,,order_items.csv,,,,,,,,,,,,128.0,,,,,,,3.0,4.0,2.0,2899.99,0.2,,,,,
,,order_items.csv,,,,,,,,,,,,128.0,,,,,,,4.0,3.0,2.0,999.99,0.2,,,,,
,,order_items.csv,,,,,,,,,,,,129.0,,,,,,,1.0,18.0,1.0,449.0,0.1,,,,,
,,order_items.csv,,,,,,,,,,,,129.0,,,,,,,2.0,9.0,1.0,2999.99,0.1,,,,,
,,order_items.csv,,,,,,,,,,,,130.0,,,,,,,1.0,26.0,1.0,599.99,0.05,,,,,
,,order_items.csv,,,,,,,,,,,,130.0,,,,,,,2.0,5.0,2.0,1320.99,0.07,,,,,
,,order_items.csv,,,,,,,,,,,,131.0,,,,,,,1.0,22.0,2.0,269.99,0.2,,,,,
,,order_items.csv,,,,,,,,,,,,131.0,,,,,,,2.0,4.0,2.0,2899.99,0.07,,,,,
,,order_items.csv,,,,,,,,,,,,131.0,,,,,,,3.0,24.0,2.0,549.99,0.1,,,,,
,,order_items.csv,,,,,,,,,,,,132.0,,,,,,,1.0,2.0,2.0,749.99,0.05,,,,,
,,order_items.csv,,,,,,,,,,,,132.0,,,,,,,2.0,20.0,1.0,599.99,0.05,,,,,
,,order_items.csv,,,,,,,,,,,,132.0,,,,,,,3.0,9.0,1.0,2999.99,0.1,,,,,
,,order_items.csv,,,,,,,,,,,,133.0,,,,,,,1.0,13.0,2.0,269.99,0.05,,,,,
,,order_items.csv,,,,,,,,,,,,133.0,,,,,,,2.0,22.0,1.0,269.99,0.2,,,,,
,,order_items.csv,,,,,,,,,,,,134.0,,,,,,,1.0,19.0,2.0,449.0,0.1,,,,,
,,order_items.csv,,,,,,,,,,,,134.0,,,,,,,2.0,2.0,2.0,749.99,0.07,,,,,
,,order_items.csv,,,,,,,,,,,,134.0,,,,,,,3.0,18.0,2.0,449.0,0.07,,,,,
,,order_items.csv,,,,,,,,,,,,135.0,,,,,,,1.0,5.0,2.0,1320.99,0.05,,,,,
,,order_items.csv,,,,,,,,,,,,135.0,,,,,,,2.0,18.0,2.0,449.0,0.05,,,,,
,,order_items.csv,,,,,,,,,,,,135.0,,,,,,,3.0,25.0,1.0,499.99,0.2,,,,,
,,order_items.csv,,,,,,,,,,,,135.0,,,,,,,4.0,2.0,1.0,749.99,0.05,,,,,
,,order_items.csv,,,,,,,,,,,,136.0,,,,,,,1.0,7.0,2.0,3999.99,0.2,,,,,
,,order_items.csv,,,,,,,,,,,,136.0,,,,,,,2.0,3.0,2.0,999.99,0.05,,,,,
,,order_items.csv,,,,,,,,,,,,137.0,,,,,,,1.0,23.0,1.0,299.99,0.07,,,,,
,,order_items.csv,,,,,,,,,,,,137.0,,,,,,,2.0,22.0,1.0,269.99,0.1,,,,,
,,order_items.csv,,,,,,,,,,,,138.0,,,,,,,1.0,16.0,2.0,599.99,0.1,,,,,
,,order_items.csv,,,,,,,,,,,,138.0,,,,,,,2.0,6.0,1.0,469.99,0.2,,,,,
,,order_items.csv,,,,,,,,,,,,139.0,,,,,,,1.0,19.0,2.0,449.0,0.07,,,,,
,,order_items.csv,,,,,,,,,,,,139.0,,,,,,,2.0,3.0,1.0,999.99,0.07,,,,,
,,order_items.csv,,,,,,,,,,,,140.0,,,,,,,1.0,15.0,1.0,529.99,0.2,,,,,
,,order_items.csv,,,,,,,,,,,,140.0,,,,,,,2.0,21.0,1.0,269.99,0.2,,,,,
,,order_items.csv,,,,,,,,,,,,140.0,,,,,,,3.0,12.0,2.0,549.99,0.2,,,,,
,,order_items.csv,,,,,,,,,,,,140.0,,,,,,,4.0,3.0,1.0,999.99,0.05,,,,,
,,order_items.csv,,,,,,,,,,,,141.0,,,,,,,1.0,18.0,1.0,449.0,0.2,,,,,
,,order_items.csv,,,,,,,,,,,,142.0,,,,,,,1.0,16.0,2.0,599.99,0.1,,,,,
,,order_items.csv,,,,,,,,,,,,142.0,,,,,,,2.0,11.0,2.0,1680.99,0.1,,,,,
,,order_items.csv,,,,,,,,,,,,142.0,,,,,,,3.0,19.0,1.0,449.0,0.07,,,,,
,,order_items.csv,,,,,,,,,,,,143.0,,,,,,,1.0,6.0,1.0,469.99,0.2,,,,,
,,order_items.csv,,,,,,,,,,,,144.0,,,,,,,1.0,8.0,2.0,1799.99,0.05,,,,,
,,order_items.csv,,,,,,,,,,,,145.0,,,,,,,1.0,11.0,1.0,1680.99,0.2,,,,,
,,order_items.csv,,,,,,,,,,,,145.0,,,,,,,2.0,9.0,2.0,2999.99,0.1,,,,,
,,order_items.csv,,,,,,,,,,,,146.0,,,,,,,1.0,3.0,2.0,999.99,0.2,,,,,
,,order_items.csv,,,,,,,,,,,,146.0,,,,,,,2.0,12.0,1.0,549.99,0.1,,,,,
,,order_items.csv,,,,,,,,,,,,146.0,,,,,,,3.0,20.0,2.0,599.99,0.1,,,,,
,,order_items.csv,,,,,,,,,,,,146.0,,,,,,,4.0,6.0,2.0,469.99,0.05,,,,,
,,order_items.csv,,,,,,,,,,,,146.0,,,,,,,5.0,2.0,1.0,749.99,0.07,,,,,
,,order_items.csv,,,,,,,,,,,,147.0,,,,,,,1.0,26.0,2.0,599.99,0.2,,,,,
,,order_items.csv,,,,,,,,,,,,148.0,,,,,,,1.0,14.0,1.0,269.99,0.05,,,,,
,,order_items.csv,,,,,,,,,,,,149.0,,,,,,,1.0,12.0,2.0,549.99,0.07,,,,,
,,order_items.csv,,,,,,,,,,,,149.0,,,,,,,2.0,21.0,2.0,269.99,0.07,,,,,
,,order_items.csv,,,,,,,,,,,,150.0,,,,,,,1.0,7.0,1.0,3999.99,0.1,,,,,
,,order_items.csv,,,,,,,,,,,,150.0,,,,,,,2.0,3.0,1.0,999.99,0.2,,,,,
,,order_items.csv,,,,,,,,,,,,150.0,,,,,,,3.0,17.0,1.0,429.0,0.07,,,,,
,,order_items.csv,,,,,,,,,,,,150.0,,,,,,,4.0,25.0,2.0,499.99,0.07,,,,,
,,order_items.csv,,,,,,,,,,,,151.0,,,,,,,1.0,17.0,1.0,429.0,0.1,,,,,
,,order_items.csv,,,,,,,,,,,,151.0,,,,,,,2.0,26.0,1.0,599.99,0.1,,,,,
,,order_items.csv,,,,,,,,,,,,152.0,,,,,,,1.0,6.0,2.0,469.99,0.2,,,,,
,,order_items.csv,,,,,,,,,,,,152.0,,,,,,,2.0,22.0,2.0,269.99,0.2,,,,,
,,order_items.csv,,,,,,,,,,,,152.0,,,,,,,3.0,16.0,2.0,599.99,0.07,,,,,
,,order_items.csv,,,,,,,,,,,,153.0,,,,,,,1.0,16.0,1.0,599.99,0.07,,,,,
,,order_items.csv,,,,,,,,,,,,153.0,,,,,,,2.0,8.0,1.0,1799.99,0.07,,,,,
,,order_items.csv,,,,,,,,,,,,153.0,,,,,,,3.0,15.0,2.0,529.99,0.05,,,,,
,,order_items.csv,,,,,,,,,,,,154.0,,,,,,,1.0,12.0,1.0,549.99,0.1,,,,,
,,order_items.csv,,,,,,,,,,,,155.0,,,,,,,1.0,8.0,1.0,1799.99,0.1,,,,,
,,order_items.csv,,,,,,,,,,,,156.0,,,,,,,1.0,18.0,2.0,449.0,0.2,,,,,
,,order_items.csv,,,,,,,,,,,,156.0,,,,,,,2.0,17.0,2.0,429.0,0.05,,,,,
,,order_items.csv,,,,,,,,,,,,156.0,,,,,,,3.0,6.0,1.0,469.99,0.07,,,,,
,,order_items.csv,,,,,,,,,,,,157.0,,,,,,,1.0,4.0,1.0,2899.99,0.1,,,,,
,,order_items.csv,,,,,,,,,,,,157.0,,,,,,,2.0,7.0,2.0,3999.99,0.07,,,,,
,,order_items.csv,,,,,,,,,,,,158.0,,,,,,,1.0,24.0,1.0,549.99,0.1,,,,,
,,order_items.csv,,,,,,,,,,,,159.0,,,,,,,1.0,13.0,1.0,269.99,0.2,,,,,
,,order_items.csv,,,,,,,,,,,,160.0,,,,,,,1.0,21.0,1.0,269.99,0.07,,,,,
,,order_items.csv,,,,,,,,,,,,160.0,,,,,,,2.0,15.0,2.0,529.99,0.07,,,,,
,,order_items.csv,,,,,,,,,,,,160.0,,,,,,,3.0,18.0,2.0,449.0,0.1,,,,,
,,order_items.csv,,,,,,,,,,,,160.0,,,,,,,4.0,11.0,1.0,1680.99,0.05,,,,,
,,order_items.csv,,,,,,,,,,,,161.0,,,,,,,1.0,24.0,2.0,549.99,0.07,,,,,
,,order_items.csv,,,,,,,,,,,,161.0,,,,,,,2.0,22.0,1.0,269.99,0.05,,,,,
,,order_items.csv,,,,,,,,,,,,161.0,,,,,,,3.0,7.0,2.0,3999.99,0.05,,,,,
,,order_items.csv,,,,,,,,,,,,162.0,,,,,,,1.0,18.0,1.0,449.0,0.07,,,,,
,,order_items.csv,,,,,,,,,,,,162.0,,,,,,,2.0,21.0,2.0,269.99,0.07,,,,,
,,order_items.csv,,,,,,,,,,,,162.0,,,,,,,3.0,3.0,2.0,999.99,0.1,,,,,
,,order_items.csv,,,,,,,,,,,,163.0,,,,,,,1.0,12.0,1.0,549.99,0.1,,,,,
,,order_items.csv,,,,,,,,,,,,163.0,,,,,,,2.0,18.0,1.0,449.0,0.2,,,,,
,,order_items.csv,,,,,,,,,,,,164.0,,,,,,,1.0,4.0,2.0,2899.99,0.05,,,,,
,,order_items.csv,,,,,,,,,,,,164.0,,,,,,,2.0,10.0,2.0,1549.0,0.05,,,,,
,,order_items.csv,,,,,,,,,,,,164.0,,,,,,,3.0,14.0,1.0,269.99,0.1,,,,,
,,order_items.csv,,,,,,,,,,,,165.0,,,,,,,1.0,4.0,2.0,2899.99,0.05,,,,,
,,order_items.csv,,,,,,,,,,,,165.0,,,,,,,2.0,23.0,1.0,299.99,0.2,,,,,
,,order_items.csv,,,,,,,,,,,,165.0,,,,,,,3.0,2.0,1.0,749.99,0.05,,,,,
,,order_items.csv,,,,,,,,,,,,166.0,,,,,,,1.0,10.0,2.0,1549.0,0.1,,,,,
,,order_items.csv,,,,,,,,,,,,166.0,,,,,,,2.0,11.0,1.0,1680.99,0.2,,,,,
,,order_items.csv,,,,,,,,,,,,167.0,,,,,,,1.0,12.0,1.0,549.99,0.05,,,,,
,,order_items.csv,,,,,,,,,,,,167.0,,,,,,,2.0,10.0,1.0,1549.0,0.2,,,,,
,,order_items.csv,,,,,,,,,,,,167.0,,,,,,,3.0,13.0,2.0,269.99,0.05,,,,,
,,order_items.csv,,,,,,,,,,,,167.0,,,,,,,4.0,7.0,2.0,3999.99,0.05,,,,,
,,order_items.csv,,,,,,,,,,,,168.0,,,,,,,1.0,6.0,1.0,469.99,0.1,,,,,
,,order_items.csv,,,,,,,,,,,,168.0,,,,,,,2.0,11.0,2.0,1680.99,0.07,,,,,
,,order_items.csv,,,,,,,,,,,,168.0,,,,,,,3.0,12.0,2.0,549.99,0.07,,,,,
,,order_items.csv,,,,,,,,,,,,168.0,,,,,,,4.0,22.0,2.0,269.99,0.2,,,,,
,,order_items.csv,,,,,,,,,,,,169.0,,,,,,,1.0,20.0,2.0,599.99,0.1,,,,,
,,order_items.csv,,,,,,,,,,,,169.0,,,,,,,2.0,5.0,1.0,1320.99,0.05,,,,,
,,order_items.csv,,,,,,,,,,,,169.0,,,,,,,3.0,10.0,1.0,1549.0,0.2,,,,,
,,order_items.csv,,,,,,,,,,,,169.0,,,,,,,4.0,11.0,1.0,1680.99,0.2,,,,,
,,order_items.csv,,,,,,,,,,,,169.0,,,,,,,5.0,14.0,2.0,269.99,0.05,,,,,
,,order_items.csv,,,,,,,,,,,,170.0,,,,,,,1.0,12.0,2.0,549.99,0.1,,,,,
,,order_items.csv,,,,,,,,,,,,170.0,,,,,,,2.0,24.0,1.0,549.99,0.05,,,,,
,,order_items.csv,,,,,,,,,,,,170.0,,,,,,,3.0,7.0,1.0,3999.99,0.2,,,,,
,,order_items.csv,,,,,,,,,,,,170.0,,,,,,,4.0,18.0,2.0,449.0,0.05,,,,,
,,order_items.csv,,,,,,,,,,,,171.0,,,,,,,1.0,8.0,1.0,1799.99,0.05,,,,,
,,order_items.csv,,,,,,,,,,,,172.0,,,,,,,1.0,23.0,1.0,299.99,0.07,,,,,
,,order_items.csv,,,,,,,,,,,,172.0,,,,,,,2.0,16.0,1.0,599.99,0.2,,,,,
,,order_items.csv,,,,,,,,,,,,173.0,,,,,,,1.0,14.0,1.0,269.99,0.05,,,,,
,,order_items.csv,,,,,,,,,,,,173.0,,,,,,,2.0,16.0,1.0,599.99,0.2,,,,,
,,order_items.csv,,,,,,,,,,,,173.0,,,,,,,3.0,20.0,2.0,599.99,0.05,,,,,
,,order_items.csv,,,,,,,,,,,,174.0,,,,,,,1.0,22.0,2.0,269.99,0.2,,,,,
,,order_items.csv,,,,,,,,,,,,174.0,,,,,,,2.0,19.0,2.0,449.0,0.1,,,,,
,,order_items.csv,,,,,,,,,,,,175.0,,,,,,,1.0,5.0,1.0,1320.99,0.1,,,,,
,,order_items.csv,,,,,,,,,,,,175.0,,,,,,,2.0,2.0,2.0,749.99,0.2,,,,,
,,order_items.csv,,,,,,,,,,,,175.0,,,,,,,3.0,21.0,2.0,269.99,0.1,,,,,
,,order_items.csv,,,,,,,,,,,,175.0,,,,,,,4.0,19.0,1.0,449.0,0.07,,,,,
,,order_items.csv,,,,,,,,,,,,176.0,,,,,,,1.0,2.0,2.0,749.99,0.07,,,,,
,,order_items.csv,,,,,,,,,,,,176.0,,,,,,,2.0,11.0,2.0,1680.99,0.2,,,,,
,,order_items.csv,,,,,,,,,,,,176.0,,,,,,,3.0,16.0,2.0,599.99,0.05,,,,,
,,order_items.csv,,,,,,,,,,,,177.0,,,,,,,1.0,20.0,2.0,599.99,0.1,,,,,
,,order_items.csv,,,,,,,,,,,,178.0,,,,,,,1.0,10.0,2.0,1549.0,0.2,,,,,
,,order_items.csv,,,,,,,,,,,,178.0,,,,,,,2.0,12.0,1.0,549.99,0.05,,,,,
,,order_items.csv,,,,,,,,,,,,178.0,,,,,,,3.0,3.0,1.0,999.99,0.1,,,,,
,,order_items.csv,,,,,,,,,,,,178.0,,,,,,,4.0,18.0,1.0,449.0,0.07,,,,,
,,order_items.csv,,,,,,,,,,,,179.0,,,,,,,1.0,13.0,2.0,269.99,0.05,,,,,
,,order_items.csv,,,,,,,,,,,,179.0,,,,,,,2.0,26.0,1.0,599.99,0.1,,,,,
,,order_items.csv,,,,,,,,,,,,179.0,,,,,,,3.0,18.0,1.0,449.0,0.2,,,,,
,,order_items.csv,,,,,,,,,,,,179.0,,,,,,,4.0,12.0,2.0,549.99,0.2,,,,,
,,order_items.csv,,,,,,,,,,,,179.0,,,,,,,5.0,20.0,2.0,599.99,0.1,,,,,
,,order_items.csv,,,,,,,,,,,,180.0,,,,,,,1.0,16.0,1.0,599.99,0.07,,,,,
,,order_items.csv,,,,,,,,,,,,181.0,,,,,,,1.0,10.0,1.0,1549.0,0.05,,,,,
,,order_items.csv,,,,,,,,,,,,181.0,,,,,,,2.0,11.0,1.0,1680.99,0.1,,,,,
,,order_items.csv,,,,,,,,,,,,181.0,,,,,,,3.0,15.0,2.0,529.99,0.2,,,,,
,,order_items.csv,,,,,,,,,,,,181.0,,,,,,,4.0,24.0,2.0,549.99,0.05,,,,,
,,order_items.csv,,,,,,,,,,,,182.0,,,,,,,1.0,25.0,2.0,499.99,0.05,,,,,
,,order_items.csv,,,,,,,,,,,,182.0,,,,,,,2.0,24.0,2.0,549.99,0.07,,,,,
,,order_items.csv,,,,,,,,,,,,183.0,,,,,,,1.0,11.0,2.0,1680.99,0.2,,,,,
,,order_items.csv,,,,,,,,,,,,183.0,,,,,,,2.0,12.0,2.0,549.99,0.05,,,,,
,,order_items.csv,,,,,,,,,,,,183.0,,,,,,,3.0,19.0,1.0,449.0,0.07,,,,,
,,order_items.csv,,,,,,,,,,,,183.0,,,,,,,4.0,17.0,1.0,429.0,0.07,,,,,
,,order_items.csv,,,,,,,,,,,,184.0,,,,,,,1.0,4.0,1.0,2899.99,0.2,,,,,
,,order_items.csv,,,,,,,,,,,,184.0,,,,,,,2.0,5.0,1.0,1320.99,0.1,,,,,
,,order_items.csv,,,,,,,,,,,,184.0,,,,,,,3.0,14.0,1.0,269.99,0.1,,,,,
,,order_items.csv,,,,,,,,,,,,185.0,,,,,,,1.0,20.0,1.0,599.99,0.1,,,,,
,,order_items.csv,,,,,,,,,,,,185.0,,,,,,,2.0,8.0,1.0,1799.99,0.05,,,,,
,,order_items.csv,,,,,,,,,,,,186.0,,,,,,,1.0,4.0,1.0,2899.99,0.1,,,,,
,,order_items.csv,,,,,,,,,,,,186.0,,,,,,,2.0,6.0,1.0,469.99,0.1,,,,,
,,order_items.csv,,,,,,,,,,,,187.0,,,,,,,1.0,5.0,1.0,1320.99,0.05,,,,,
,,order_items.csv,,,,,,,,,,,,188.0,,,,,,,1.0,7.0,2.0,3999.99,0.07,,,,,
,,order_items.csv,,,,,,,,,,,,189.0,,,,,,,1.0,16.0,2.0,599.99,0.2,,,,,
,,order_items.csv,,,,,,,,,,,,190.0,,,,,,,1.0,24.0,1.0,549.99,0.05,,,,,
,,order_items.csv,,,,,,,,,,,,190.0,,,,,,,2.0,15.0,1.0,529.99,0.2,,,,,
,,order_items.csv,,,,,,,,,,,,190.0,,,,,,,3.0,3.0,2.0,999.99,0.2,,,,,
,,order_items.csv,,,,,,,,,,,,191.0,,,,,,,1.0,25.0,1.0,499.99,0.05,,,,,
,,order_items.csv,,,,,,,,,,,,191.0,,,,,,,2.0,12.0,2.0,549.99,0.2,,,,,
,,order_items.csv,,,,,,,,,,,,191.0,,,,,,,3.0,3.0,1.0,999.99,0.07,,,,,
,,order_items.csv,,,,,,,,,,,,191.0,,,,,,,4.0,8.0,2.0,1799.99,0.05,,,,,
,,order_items.csv,,,,,,,,,,,,191.0,,,,,,,5.0,23.0,1.0,299.99,0.05,,,,,
,,order_items.csv,,,,,,,,,,,,192.0,,,,,,,1.0,8.0,2.0,1799.99,0.1,,,,,
,,order_items.csv,,,,,,,,,,,,192.0,,,,,,,2.0,25.0,1.0,499.99,0.07,,,,,
,,order_items.csv,,,,,,,,,,,,192.0,,,,,,,3.0,2.0,1.0,749.99,0.05,,,,,
,,order_items.csv,,,,,,,,,,,,192.0,,,,,,,4.0,24.0,2.0,549.99,0.07,,,,,
,,order_items.csv,,,,,,,,,,,,192.0,,,,,,,5.0,10.0,2.0,1549.0,0.2,,,,,
,,order_items.csv,,,,,,,,,,,,193.0,,,,,,,1.0,12.0,2.0,549.99,0.1,,,,,
,,order_items.csv,,,,,,,,,,,,194.0,,,,,,,1.0,21.0,2.0,269.99,0.2,,,,,
,,order_items.csv,,,,,,,,,,,,195.0,,,,,,,1.0,18.0,1.0,449.0,0.2,,,,,
,,order_items.csv,,,,,,,,,,,,195.0,,,,,,,2.0,14.0,1.0,269.99,0.05,,,,,
,,order_items.csv,,,,,,,,,,,,195.0,,,,,,,3.0,5.0,2.0,1320.99,0.2,,,,,
,,order_items.csv,,,,,,,,,,,,195.0,,,,,,,4.0,4.0,2.0,2899.99,0.2,,,,,
,,order_items.csv,,,,,,,,,,,,195.0,,,,,,,5.0,21.0,2.0,269.99,0.1,,,,,
,,order_items.csv,,,,,,,,,,,,196.0,,,,,,,1.0,6.0,1.0,469.99,0.05,,,,,
,,order_items.csv,,,,,,,,,,,,196.0,,,,,,,2.0,3.0,2.0,999.99,0.07,,,,,
,,order_items.csv,,,,,,,,,,,,196.0,,,,,,,3.0,10.0,2.0,1549.0,0.07,,,,,
,,order_items.csv,,,,,,,,,,,,196.0,,,,,,,4.0,12.0,1.0,549.99,0.07,,,,,
,,order_items.csv,,,,,,,,,,,,196.0,,,,,,,5.0,20.0,1.0,599.99,0.1,,,,,
,,order_items.csv,,,,,,,,,,,,197.0,,,,,,,1.0,4.0,2.0,2899.99,0.2,,,,,
,,order_items.csv,,,,,,,,,,,,197.0,,,,,,,2.0,2.0,2.0,749.99,0.07,,,,,
,,order_items.csv,,,,,,,,,,,,198.0,,,,,,,1.0,6.0,2.0,469.99,0.05,,,,,
,,order_items.csv,,,,,,,,,,,,198.0,,,,,,,2.0,20.0,2.0,599.99,0.07,,,,,
,,order_items.csv,,,,,,,,,,,,198.0,,,,,,,3.0,8.0,2.0,1799.99,0.2,,,,,
,,order_items.csv,,,,,,,,,,,,198.0,,,,,,,4.0,13.0,2.0,269.99,0.05,,,,,
,,order_items.csv,,,,,,,,,,,,198.0,,,,,,,5.0,17.0,1.0,429.0,0.05,,,,,
,,order_items.csv,,,,,,,,,,,,199.0,,,,,,,1.0,25.0,2.0,499.99,0.05,,,,,
,,order_items.csv,,,,,,,,,,,,199.0,,,,,,,2.0,18.0,2.0,449.0,0.07,,,,,
,,order_items.csv,,,,,,,,,,,,199.0,,,,,,,3.0,4.0,1.0,2899.99,0.2,,,,,
,,order_items.csv,,,,,,,,,,,,200.0,,,,,,,1.0,23.0,2.0,299.99,0.05,,,,,
,,order_items.csv,,,,,,,,,,,,200.0,,,,,,,2.0,22.0,2.0,269.99,0.07,,,,,
,,order_items.csv,,,,,,,,,,,,201.0,,,,,,,1.0,24.0,1.0,549.99,0.05,,,,,
,,order_items.csv,,,,,,,,,,,,201.0,,,,,,,2.0,7.0,1.0,3999.99,0.2,,,,,
,,order_items.csv,,,,,,,,,,,,201.0,,,,,,,3.0,14.0,2.0,269.99,0.1,,,,,
,,order_items.csv,,,,,,,,,,,,201.0,,,,,,,4.0,17.0,1.0,429.0,0.05,,,,,
,,order_items.csv,,,,,,,,,,,,202.0,,,,,,,1.0,8.0,1.0,1799.99,0.07,,,,,
,,order_items.csv,,,,,,,,,,,,202.0,,,,,,,2.0,17.0,1.0,429.0,0.05,,,,,
,,order_items.csv,,,,,,,,,,,,202.0,,,,,,,3.0,15.0,2.0,529.99,0.05,,,,,
,,order_items.csv,,,,,,,,,,,,202.0,,,,,,,4.0,25.0,2.0,499.99,0.05,,,,,
,,order_items.csv,,,,,,,,,,,,203.0,,,,,,,1.0,26.0,1.0,599.99,0.05,,,,,
,,order_items.csv,,,,,,,,,,,,203.0,,,,,,,2.0,3.0,2.0,999.99,0.1,,,,,
,,order_items.csv,,,,,,,,,,,,203.0,,,,,,,3.0,17.0,2.0,429.0,0.2,,,,,
,,order_items.csv,,,,,,,,,,,,203.0,,,,,,,4.0,19.0,2.0,449.0,0.07,,,,,
,,order_items.csv,,,,,,,,,,,,204.0,,,,,,,1.0,6.0,2.0,469.99,0.07,,,,,
,,order_items.csv,,,,,,,,,,,,204.0,,,,,,,2.0,17.0,2.0,429.0,0.1,,,,,
,,order_items.csv,,,,,,,,,,,,205.0,,,,,,,1.0,22.0,2.0,269.99,0.05,,,,,
,,order_items.csv,,,,,,,,,,,,205.0,,,,,,,2.0,24.0,2.0,549.99,0.1,,,,,
,,order_items.csv,,,,,,,,,,,,206.0,,,,,,,1.0,25.0,1.0,499.99,0.05,,,,,
,,order_items.csv,,,,,,,,,,,,206.0,,,,,,,2.0,20.0,1.0,599.99,0.2,,,,,
,,order_items.csv,,,,,,,,,,,,207.0,,,,,,,1.0,12.0,2.0,549.99,0.2,,,,,
,,order_items.csv,,,,,,,,,,,,207.0,,,,,,,2.0,5.0,1.0,1320.99,0.05,,,,,
,,order_items.csv,,,,,,,,,,,,207.0,,,,,,,3.0,11.0,2.0,1680.99,0.07,,,,,
,,order_items.csv,,,,,,,,,,,,207.0,,,,,,,4.0,7.0,2.0,3999.99,0.1,,,,,
,,order_items.csv,,,,,,,,,,,,208.0,,,,,,,1.0,6.0,2.0,469.99,0.05,,,,,
,,order_items.csv,,,,,,,,,,,,208.0,,,,,,,2.0,4.0,2.0,2899.99,0.07,,,,,
,,order_items.csv,,,,,,,,,,,,208.0,,,,,,,3.0,3.0,1.0,999.99,0.05,,,,,
,,order_items.csv,,,,,,,,,,,,208.0,,,,,,,4.0,12.0,1.0,549.99,0.2,,,,,
,,order_items.csv,,,,,,,,,,,,208.0,,,,,,,5.0,10.0,2.0,1549.0,0.05,,,,,
,,order_items.csv,,,,,,,,,,,,209.0,,,,,,,1.0,13.0,1.0,269.99,0.1,,,,,
,,order_items.csv,,,,,,,,,,,,210.0,,,,,,,1.0,14.0,1.0,269.99,0.07,,,,,
,,order_items.csv,,,,,,,,,,,,210.0,,,,,,,2.0,13.0,2.0,269.99,0.2,,,,,
,,order_items.csv,,,,,,,,,,,,211.0,,,,,,,1.0,10.0,1.0,1549.0,0.07,,,,,
,,order_items.csv,,,,,,,,,,,,211.0,,,,,,,2.0,2.0,2.0,749.99,0.07,,,,,
,,order_items.csv,,,,,,,,,,,,212.0,,,,,,,1.0,16.0,2.0,599.99,0.07,,,,,
,,order_items.csv,,,,,,,,,,,,212.0,,,,,,,2.0,12.0,2.0,549.99,0.2,,,,,
,,order_items.csv,,,,,,,,,,,,212.0,,,,,,,3.0,19.0,1.0,449.0,0.1,,,,,
,,order_items.csv,,,,,,,,,,,,212.0,,,,,,,4.0,7.0,1.0,3999.99,0.2,,,,,
,,order_items.csv,,,,,,,,,,,,213.0,,,,,,,1.0,13.0,1.0,269.99,0.1,,,,,
,,order_items.csv,,,,,,,,,,,,214.0,,,,,,,1.0,21.0,1.0,269.99,0.1,,,,,
,,order_items.csv,,,,,,,,,,,,215.0,,,,,,,1.0,19.0,1.0,449.0,0.07,,,,,
,,order_items.csv,,,,,,,,,,,,215.0,,,,,,,2.0,12.0,2.0,549.99,0.1,,,,,
,,order_items.csv,,,,,,,,,,,,216.0,,,,,,,1.0,22.0,2.0,269.99,0.1,,,,,
,,order_items.csv,,,,,,,,,,,,216.0,,,,,,,2.0,16.0,2.0,599.99,0.05,,,,,
,,order_items.csv,,,,,,,,,,,,217.0,,,,,,,1.0,18.0,1.0,449.0,0.1,,,,,
,,order_items.csv,,,,,,,,,,,,217.0,,,,,,,2.0,10.0,2.0,1549.0,0.1,,,,,
,,order_items.csv,,,,,,,,,,,,217.0,,,,,,,3.0,17.0,1.0,429.0,0.07,,,,,
,,order_items.csv,,,,,,,,,,,,218.0,,,,,,,1.0,2.0,2.0,749.99,0.1,,,,,
,,order_items.csv,,,,,,,,,,,,218.0,,,,,,,2.0,13.0,1.0,269.99,0.07,,,,,
,,order_items.csv,,,,,,,,,,,,218.0,,,,,,,3.0,12.0,1.0,549.99,0.05,,,,,
,,order_items.csv,,,,,,,,,,,,219.0,,,,,,,1.0,26.0,1.0,599.99,0.05,,,,,
,,order_items.csv,,,,,,,,,,,,219.0,,,,,,,2.0,5.0,1.0,1320.99,0.2,,,,,
,,order_items.csv,,,,,,,,,,,,220.0,,,,,,,1.0,6.0,2.0,469.99,0.05,,,,,
,,order_items.csv,,,,,,,,,,,,220.0,,,,,,,2.0,25.0,1.0,499.99,0.07,,,,,
,,order_items.csv,,,,,,,,,,,,220.0,,,,,,,3.0,22.0,2.0,269.99,0.1,,,,,
,,order_items.csv,,,,,,,,,,,,220.0,,,,,,,4.0,3.0,2.0,999.99,0.2,,,,,
,,order_items.csv,,,,,,,,,,,,221.0,,,,,,,1.0,11.0,2.0,1680.99,0.07,,,,,
,,order_items.csv,,,,,,,,,,,,222.0,,,,,,,1.0,10.0,1.0,1549.0,0.1,,,,,
,,order_items.csv,,,,,,,,,,,,222.0,,,,,,,2.0,2.0,2.0,749.99,0.1,,,,,
,,order_items.csv,,,,,,,,,,,,223.0,,,,,,,1.0,7.0,2.0,3999.99,0.05,,,,,
,,order_items.csv,,,,,,,,,,,,223.0,,,,,,,2.0,5.0,1.0,1320.99,0.2,,,,,
,,order_items.csv,,,,,,,,,,,,223.0,,,,,,,3.0,21.0,2.0,269.99,0.1,,,,,
,,order_items.csv,,,,,,,,,,,,223.0,,,,,,,4.0,20.0,1.0,599.99,0.05,,,,,
,,order_items.csv,,,,,,,,,,,,223.0,,,,,,,5.0,15.0,1.0,529.99,0.05,,,,,
,,order_items.csv,,,,,,,,,,,,224.0,,,,,,,1.0,6.0,1.0,469.99,0.07,,,,,
,,order_items.csv,,,,,,,,,,,,224.0,,,,,,,2.0,11.0,2.0,1680.99,0.1,,,,,
,,order_items.csv,,,,,,,,,,,,224.0,,,,,,,3.0,10.0,2.0,1549.0,0.2,,,,,
,,order_items.csv,,,,,,,,,,,,224.0,,,,,,,4.0,25.0,1.0,499.99,0.05,,,,,
,,order_items.csv,,,,,,,,,,,,225.0,,,,,,,1.0,21.0,1.0,269.99,0.1,,,,,
,,order_items.csv,,,,,,,,,,,,225.0,,,,,,,2.0,9.0,1.0,2999.99,0.1,,,,,
,,order_items.csv,,,,,,,,,,,,226.0,,,,,,,1.0,2.0,1.0,749.99,0.05,,,,,
,,order_items.csv,,,,,,,,,,,,227.0,,,,,,,1.0,3.0,2.0,999.99,0.05,,,,,
,,order_items.csv,,,,,,,,,,,,227.0,,,,,,,2.0,15.0,2.0,529.99,0.1,,,,,
,,order_items.csv,,,,,,,,,,,,228.0,,,,,,,1.0,25.0,1.0,499.99,0.2,,,,,
,,order_items.csv,,,,,,,,,,,,228.0,,,,,,,2.0,2.0,2.0,749.99,0.07,,,,,
,,order_items.csv,,,,,,,,,,,,228.0,,,,,,,3.0,23.0,2.0,299.99,0.1,,,,,
,,order_items.csv,,,,,,,,,,,,228.0,,,,,,,4.0,4.0,1.0,2899.99,0.2,,,,,
,,order_items.csv,,,,,,,,,,,,228.0,,,,,,,5.0,22.0,1.0,269.99,0.05,,,,,
,,order_items.csv,,,,,,,,,,,,229.0,,,,,,,1.0,25.0,2.0,499.99,0.2,,,,,
,,order_items.csv,,,,,,,,,,,,229.0,,,,,,,2.0,5.0,2.0,1320.99,0.1,,,,,
,,order_items.csv,,,,,,,,,,,,229.0,,,,,,,3.0,8.0,1.0,1799.99,0.2,,,,,
,,order_items.csv,,,,,,,,,,,,230.0,,,,,,,1.0,11.0,2.0,1680.99,0.07,,,,,
,,order_items.csv,,,,,,,,,,,,231.0,,,,,,,1.0,8.0,2.0,1799.99,0.07,,,,,
,,order_items.csv,,,,,,,,,,,,231.0,,,,,,,2.0,14.0,2.0,269.99,0.2,,,,,
,,order_items.csv,,,,,,,,,,,,231.0,,,,,,,3.0,5.0,2.0,1320.99,0.2,,,,,
,,order_items.csv,,,,,,,,,,,,232.0,,,,,,,1.0,18.0,1.0,449.0,0.07,,,,,
,,order_items.csv,,,,,,,,,,,,232.0,,,,,,,2.0,11.0,2.0,1680.99,0.05,,,,,
,,order_items.csv,,,,,,,,,,,,232.0,,,,,,,3.0,26.0,2.0,599.99,0.07,,,,,
,,order_items.csv,,,,,,,,,,,,232.0,,,,,,,4.0,8.0,2.0,1799.99,0.1,,,,,
,,order_items.csv,,,,,,,,,,,,233.0,,,,,,,1.0,14.0,1.0,269.99,0.1,,,,,
,,order_items.csv,,,,,,,,,,,,233.0,,,,,,,2.0,16.0,2.0,599.99,0.1,,,,,
,,order_items.csv,,,,,,,,,,,,233.0,,,,,,,3.0,12.0,1.0,549.99,0.2,,,,,
,,order_items.csv,,,,,,,,,,,,233.0,,,,,,,4.0,15.0,2.0,529.99,0.07,,,,,
,,order_items.csv,,,,,,,,,,,,234.0,,,,,,,1.0,11.0,2.0,1680.99,0.2,,,,,
,,order_items.csv,,,,,,,,,,,,234.0,,,,,,,2.0,17.0,2.0,429.0,0.05,,,,,
,,order_items.csv,,,,,,,,,,,,234.0,,,,,,,3.0,12.0,1.0,549.99,0.1,,,,,
,,order_items.csv,,,,,,,,,,,,234.0,,,,,,,4.0,7.0,1.0,3999.99,0.05,,,,,
,,order_items.csv,,,,,,,,,,,,234.0,,,,,,,5.0,23.0,1.0,299.99,0.1,,,,,
,,order_items.csv,,,,,,,,,,,,235.0,,,,,,,1.0,6.0,1.0,469.99,0.07,,,,,
,,order_items.csv,,,,,,,,,,,,235.0,,,,,,,2.0,13.0,2.0,269.99,0.05,,,,,
,,order_items.csv,,,,,,,,,,,,235.0,,,,,,,3.0,7.0,2.0,3999.99,0.05,,,,,
,,order_items.csv,,,,,,,,,,,,236.0,,,,,,,1.0,3.0,2.0,999.99,0.07,,,,,
,,order_items.csv,,,,,,,,,,,,236.0,,,,,,,2.0,2.0,2.0,749.99,0.1,,,,,
,,order_items.csv,,,,,,,,,,,,236.0,,,,,,,3.0,4.0,2.0,2899.99,0.1,,,,,
,,order_items.csv,,,,,,,,,,,,237.0,,,,,,,1.0,15.0,1.0,529.99,0.2,,,,,
,,order_items.csv,,,,,,,,,,,,237.0,,,,,,,2.0,24.0,1.0,549.99,0.07,,,,,
,,order_items.csv,,,,,,,,,,,,237.0,,,,,,,3.0,20.0,2.0,599.99,0.2,,,,,
,,order_items.csv,,,,,,,,,,,,237.0,,,,,,,4.0,26.0,1.0,599.99,0.05,,,,,
,,order_items.csv,,,,,,,,,,,,238.0,,,,,,,1.0,20.0,2.0,599.99,0.2,,,,,
,,order_items.csv,,,,,,,,,,,,238.0,,,,,,,2.0,25.0,1.0,499.99,0.07,,,,,
,,order_items.csv,,,,,,,,,,,,238.0,,,,,,,3.0,13.0,2.0,269.99,0.2,,,,,
,,order_items.csv,,,,,,,,,,,,238.0,,,,,,,4.0,22.0,2.0,269.99,0.05,,,,,
,,order_items.csv,,,,,,,,,,,,238.0,,,,,,,5.0,7.0,1.0,3999.99,0.07,,,,,
,,order_items.csv,,,,,,,,,,,,239.0,,,,,,,1.0,16.0,2.0,599.99,0.1,,,,,
,,order_items.csv,,,,,,,,,,,,239.0,,,,,,,2.0,21.0,2.0,269.99,0.05,,,,,
,,order_items.csv,,,,,,,,,,,,239.0,,,,,,,3.0,18.0,1.0,449.0,0.07,,,,,
,,order_items.csv,,,,,,,,,,,,239.0,,,,,,,4.0,4.0,2.0,2899.99,0.07,,,,,
,,order_items.csv,,,,,,,,,,,,240.0,,,,,,,1.0,9.0,1.0,2999.99,0.07,,,,,
,,order_items.csv,,,,,,,,,,,,240.0,,,,,,,2.0,8.0,1.0,1799.99,0.07,,,,,
,,order_items.csv,,,,,,,,,,,,240.0,,,,,,,3.0,5.0,1.0,1320.99,0.07,,,,,
,,order_items.csv,,,,,,,,,,,,240.0,,,,,,,4.0,18.0,2.0,449.0,0.07,,,,,
,,order_items.csv,,,,,,,,,,,,241.0,,,,,,,1.0,7.0,1.0,3999.99,0.2,,,,,
,,order_items.csv,,,,,,,,,,,,242.0,,,,,,,1.0,3.0,1.0,999.99,0.2,,,,,
,,order_items.csv,,,,,,,,,,,,243.0,,,,,,,1.0,25.0,2.0,499.99,0.05,,,,,
,,order_items.csv,,,,,,,,,,,,243.0,,,,,,,2.0,19.0,2.0,449.0,0.07,,,,,
,,order_items.csv,,,,,,,,,,,,243.0,,,,,,,3.0,7.0,2.0,3999.99,0.05,,,,,
,,order_items.csv,,,,,,,,,,,,244.0,,,,,,,1.0,19.0,1.0,449.0,0.07,,,,,
,,order_items.csv,,,,,,,,,,,,244.0,,,,,,,2.0,25.0,1.0,499.99,0.2,,,,,
,,order_items.csv,,,,,,,,,,,,244.0,,,,,,,3.0,22.0,1.0,269.99,0.1,,,,,
,,order_items.csv,,,,,,,,,,,,245.0,,,,,,,1.0,10.0,2.0,1549.0,0.05,,,,,
,,order_items.csv,,,,,,,,,,,,245.0,,,,,,,2.0,8.0,1.0,1799.99,0.1,,,,,
,,order_items.csv,,,,,,,,,,,,246.0,,,,,,,1.0,17.0,2.0,429.0,0.2,,,,,
,,order_items.csv,,,,,,,,,,,,247.0,,,,,,,1.0,25.0,1.0,499.99,0.07,,,,,
,,order_items.csv,,,,,,,,,,,,247.0,,,,,,,2.0,3.0,1.0,999.99,0.2,,,,,
,,order_items.csv,,,,,,,,,,,,248.0,,,,,,,1.0,13.0,1.0,269.99,0.1,,,,,
,,order_items.csv,,,,,,,,,,,,248.0,,,,,,,2.0,26.0,2.0,599.99,0.1,,,,,
,,order_items.csv,,,,,,,,,,,,248.0,,,,,,,3.0,17.0,1.0,429.0,0.1,,,,,
,,order_items.csv,,,,,,,,,,,,248.0,,,,,,,4.0,9.0,1.0,2999.99,0.2,,,,,
,,order_items.csv,,,,,,,,,,,,249.0,,,,,,,1.0,7.0,2.0,3999.99,0.05,,,,,
,,order_items.csv,,,,,,,,,,,,249.0,,,,,,,2.0,18.0,2.0,449.0,0.05,,,,,
,,order_items.csv,,,,,,,,,,,,249.0,,,,,,,3.0,22.0,1.0,269.99,0.1,,,,,
,,order_items.csv,,,,,,,,,,,,250.0,,,,,,,1.0,17.0,2.0,429.0,0.05,,,,,
,,order_items.csv,,,,,,,,,,,,250.0,,,,,,,2.0,11.0,2.0,1680.99,0.1,,,,,
,,order_items.csv,,,,,,,,,,,,251.0,,,,,,,1.0,23.0,2.0,299.99,0.2,,,,,
,,order_items.csv,,,,,,,,,,,,251.0,,,,,,,2.0,22.0,2.0,269.99,0.05,,,,,
,,order_items.csv,,,,,,,,,,,,252.0,,,,,,,1.0,11.0,2.0,1680.99,0.1,,,,,
,,order_items.csv,,,,,,,,,,,,252.0,,,,,,,2.0,4.0,1.0,2899.99,0.07,,,,,
,,order_items.csv,,,,,,,,,,,,252.0,,,,,,,3.0,19.0,1.0,449.0,0.1,,,,,
,,order_items.csv,,,,,,,,,,,,253.0,,,,,,,1.0,11.0,2.0,1680.99,0.07,,,,,
,,order_items.csv,,,,,,,,,,,,254.0,,,,,,,1.0,6.0,2.0,469.99,0.07,,,,,
,,order_items.csv,,,,,,,,,,,,254.0,,,,,,,2.0,3.0,1.0,999.99,0.05,,,,,
,,order_items.csv,,,,,,,,,,,,254.0,,,,,,,3.0,12.0,1.0,549.99,0.05,,,,,
,,order_items.csv,,,,,,,,,,,,255.0,,,,,,,1.0,5.0,2.0,1320.99,0.1,,,,,
,,order_items.csv,,,,,,,,,,,,255.0,,,,,,,2.0,14.0,1.0,269.99,0.2,,,,,
,,order_items.csv,,,,,,,,,,,,255.0,,,,,,,3.0,2.0,2.0,749.99,0.2,,,,,
,,order_items.csv,,,,,,,,,,,,255.0,,,,,,,4.0,21.0,1.0,269.99,0.07,,,,,
,,order_items.csv,,,,,,,,,,,,256.0,,,,,,,1.0,11.0,1.0,1680.99,0.1,,,,,
,,order_items.csv,,,,,,,,,,,,256.0,,,,,,,2.0,21.0,1.0,269.99,0.05,,,,,
,,order_items.csv,,,,,,,,,,,,257.0,,,,,,,1.0,8.0,2.0,1799.99,0.07,,,,,
,,order_items.csv,,,,,,,,,,,,257.0,,,,,,,2.0,13.0,2.0,269.99,0.2,,,,,
,,order_items.csv,,,,,,,,,,,,257.0,,,,,,,3.0,10.0,2.0,1549.0,0.1,,,,,
,,order_items.csv,,,,,,,,,,,,257.0,,,,,,,4.0,15.0,1.0,529.99,0.1,,,,,
,,order_items.csv,,,,,,,,,,,,258.0,,,,,,,1.0,8.0,2.0,1799.99,0.05,,,,,
,,order_items.csv,,,,,,,,,,,,258.0,,,,,,,2.0,4.0,1.0,2899.99,0.07,,,,,
,,order_items.csv,,,,,,,,,,,,258.0,,,,,,,3.0,19.0,1.0,449.0,0.07,,,,,
,,order_items.csv,,,,,,,,,,,,258.0,,,,,,,4.0,18.0,1.0,449.0,0.05,,,,,
,,order_items.csv,,,,,,,,,,,,259.0,,,,,,,1.0,26.0,1.0,599.99,0.05,,,,,
,,order_items.csv,,,,,,,,,,,,259.0,,,,,,,2.0,6.0,2.0,469.99,0.1,,,,,
,,order_items.csv,,,,,,,,,,,,259.0,,,,,,,3.0,2.0,2.0,749.99,0.2,,,,,
,,order_items.csv,,,,,,,,,,,,259.0,,,,,,,4.0,4.0,1.0,2899.99,0.1,,,,,
,,order_items.csv,,,,,,,,,,,,260.0,,,,,,,1.0,23.0,2.0,299.99,0.2,,,,,
,,order_items.csv,,,,,,,,,,,,260.0,,,,,,,2.0,10.0,1.0,1549.0,0.2,,,,,
,,order_items.csv,,,,,,,,,,,,260.0,,,,,,,3.0,24.0,2.0,549.99,0.2,,,,,
,,order_items.csv,,,,,,,,,,,,261.0,,,,,,,1.0,16.0,2.0,599.99,0.05,,,,,
,,order_items.csv,,,,,,,,,,,,261.0,,,,,,,2.0,14.0,1.0,269.99,0.1,,,,,
,,order_items.csv,,,,,,,,,,,,261.0,,,,,,,3.0,17.0,2.0,429.0,0.1,,,,,
,,order_items.csv,,,,,,,,,,,,262.0,,,,,,,1.0,2.0,1.0,749.99,0.07,,,,,
,,order_items.csv,,,,,,,,,,,,262.0,,,,,,,2.0,9.0,2.0,2999.99,0.05,,,,,
,,order_items.csv,,,,,,,,,,,,263.0,,,,,,,1.0,9.0,1.0,2999.99,0.07,,,,,
,,order_items.csv,,,,,,,,,,,,263.0,,,,,,,2.0,3.0,1.0,999.99,0.2,,,,,
,,order_items.csv,,,,,,,,,,,,263.0,,,,,,,3.0,2.0,2.0,749.99,0.05,,,,,
,,order_items.csv,,,,,,,,,,,,264.0,,,,,,,1.0,10.0,1.0,1549.0,0.2,,,,,
,,order_items.csv,,,,,,,,,,,,264.0,,,,,,,2.0,24.0,2.0,549.99,0.05,,,,,
,,order_items.csv,,,,,,,,,,,,264.0,,,,,,,3.0,15.0,2.0,529.99,0.1,,,,,
,,order_items.csv,,,,,,,,,,,,264.0,,,,,,,4.0,3.0,2.0,999.99,0.07,,,,,
,,order_items.csv,,,,,,,,,,,,265.0,,,,,,,1.0,9.0,2.0,2999.99,0.2,,,,,
,,order_items.csv,,,,,,,,,,,,266.0,,,,,,,1.0,6.0,2.0,469.99,0.07,,,,,
,,order_items.csv,,,,,,,,,,,,266.0,,,,,,,2.0,19.0,1.0,449.0,0.2,,,,,
,,order_items.csv,,,,,,,,,,,,266.0,,,,,,,3.0,25.0,1.0,499.99,0.05,,,,,
,,order_items.csv,,,,,,,,,,,,267.0,,,,,,,1.0,22.0,2.0,269.99,0.2,,,,,
,,order_items.csv,,,,,,,,,,,,267.0,,,,,,,2.0,23.0,2.0,299.99,0.1,,,,,
,,order_items.csv,,,,,,,,,,,,267.0,,,,,,,3.0,24.0,1.0,549.99,0.1,,,,,
,,order_items.csv,,,,,,,,,,,,267.0,,,,,,,4.0,7.0,2.0,3999.99,0.07,,,,,
,,order_items.csv,,,,,,,,,,,,267.0,,,,,,,5.0,21.0,1.0,269.99,0.05,,,,,
,,order_items.csv,,,,,,,,,,,,268.0,,,,,,,1.0,7.0,1.0,3999.99,0.05,,,,,
,,order_items.csv,,,,,,,,,,,,268.0,,,,,,,2.0,6.0,2.0,469.99,0.2,,,,,
,,order_items.csv,,,,,,,,,,,,268.0,,,,,,,3.0,9.0,1.0,2999.99,0.1,,,,,
,,order_items.csv,,,,,,,,,,,,269.0,,,,,,,1.0,5.0,1.0,1320.99,0.07,,,,,
,,order_items.csv,,,,,,,,,,,,269.0,,,,,,,2.0,23.0,2.0,299.99,0.07,,,,,
,,order_items.csv,,,,,,,,,,,,269.0,,,,,,,3.0,18.0,1.0,449.0,0.05,,,,,
,,order_items.csv,,,,,,,,,,,,269.0,,,,,,,4.0,3.0,1.0,999.99,0.05,,,,,
,,order_items.csv,,,,,,,,,,,,270.0,,,,,,,1.0,25.0,2.0,499.99,0.2,,,,,
,,order_items.csv,,,,,,,,,,,,270.0,,,,,,,2.0,15.0,1.0,529.99,0.1,,,,,
,,order_items.csv,,,,,,,,,,,,271.0,,,,,,,1.0,11.0,2.0,1680.99,0.07,,,,,
,,order_items.csv,,,,,,,,,,,,271.0,,,,,,,2.0,6.0,2.0,469.99,0.05,,,,,
,,order_items.csv,,,,,,,,,,,,271.0,,,,,,,3.0,13.0,1.0,269.99,0.1,,,,,
,,order_items.csv,,,,,,,,,,,,271.0,,,,,,,4.0,7.0,2.0,3999.99,0.1,,,,,
,,order_items.csv,,,,,,,,,,,,272.0,,,,,,,1.0,2.0,2.0,749.99,0.07,,,,,
,,order_items.csv,,,,,,,,,,,,272.0,,,,,,,2.0,11.0,1.0,1680.99,0.07,,,,,
,,order_items.csv,,,,,,,,,,,,273.0,,,,,,,1.0,21.0,1.0,269.99,0.1,,,,,
,,order_items.csv,,,,,,,,,,,,274.0,,,,,,,1.0,11.0,2.0,1680.99,0.05,,,,,
,,order_items.csv,,,,,,,,,,,,274.0,,,,,,,2.0,25.0,2.0,499.99,0.1,,,,,
,,order_items.csv,,,,,,,,,,,,274.0,,,,,,,3.0,9.0,2.0,2999.99,0.07,,,,,
,,order_items.csv,,,,,,,,,,,,275.0,,,,,,,1.0,18.0,1.0,449.0,0.05,,,,,
,,order_items.csv,,,,,,,,,,,,275.0,,,,,,,2.0,25.0,1.0,499.99,0.1,,,,,
,,order_items.csv,,,,,,,,,,,,275.0,,,,,,,3.0,7.0,2.0,3999.99,0.05,,,,,
,,order_items.csv,,,,,,,,,,,,276.0,,,,,,,1.0,3.0,2.0,999.99,0.2,,,,,
,,order_items.csv,,,,,,,,,,,,276.0,,,,,,,2.0,17.0,1.0,429.0,0.05,,,,,
,,order_items.csv,,,,,,,,,,,,276.0,,,,,,,3.0,9.0,2.0,2999.99,0.07,,,,,
,,order_items.csv,,,,,,,,,,,,277.0,,,,,,,1.0,20.0,2.0,599.99,0.2,,,,,
,,order_items.csv,,,,,,,,,,,,277.0,,,,,,,2.0,6.0,2.0,469.99,0.2,,,,,
,,order_items.csv,,,,,,,,,,,,277.0,,,,,,,3.0,13.0,2.0,269.99,0.1,,,,,
,,order_items.csv,,,,,,,,,,,,278.0,,,,,,,1.0,16.0,1.0,599.99,0.2,,,,,
,,order_items.csv,,,,,,,,,,,,278.0,,,,,,,2.0,19.0,2.0,449.0,0.07,,,,,
,,order_items.csv,,,,,,,,,,,,278.0,,,,,,,3.0,13.0,1.0,269.99,0.07,,,,,
,,order_items.csv,,,,,,,,,,,,278.0,,,,,,,4.0,11.0,2.0,1680.99,0.07,,,,,
,,order_items.csv,,,,,,,,,,,,279.0,,,,,,,1.0,25.0,1.0,499.99,0.07,,,,,
,,order_items.csv,,,,,,,,,,,,280.0,,,,,,,1.0,25.0,1.0,499.99,0.07,,,,,
,,order_items.csv,,,,,,,,,,,,280.0,,,,,,,2.0,26.0,2.0,599.99,0.07,,,,,
,,order_items.csv,,,,,,,,,,,,280.0,,,,,,,3.0,13.0,1.0,269.99,0.07,,,,,
,,order_items.csv,,,,,,,,,,,,281.0,,,,,,,1.0,22.0,1.0,269.99,0.07,,,,,
,,order_items.csv,,,,,,,,,,,,281.0,,,,,,,2.0,14.0,2.0,269.99,0.1,,,,,
,,order_items.csv,,,,,,,,,,,,281.0,,,,,,,3.0,7.0,2.0,3999.99,0.07,,,,,
,,order_items.csv,,,,,,,,,,,,282.0,,,,,,,1.0,20.0,1.0,599.99,0.07,,,,,
,,order_items.csv,,,,,,,,,,,,282.0,,,,,,,2.0,7.0,2.0,3999.99,0.07,,,,,
,,order_items.csv,,,,,,,,,,,,282.0,,,,,,,3.0,3.0,2.0,999.99,0.05,,,,,
,,order_items.csv,,,,,,,,,,,,282.0,,,,,,,4.0,16.0,2.0,599.99,0.07,,,,,
,,order_items.csv,,,,,,,,,,,,283.0,,,,,,,1.0,9.0,1.0,2999.99,0.05,,,,,
,,order_items.csv,,,,,,,,,,,,283.0,,,,,,,2.0,16.0,2.0,599.99,0.2,,,,,
,,order_items.csv,,,,,,,,,,,,284.0,,,,,,,1.0,24.0,2.0,549.99,0.2,,,,,
,,order_items.csv,,,,,,,,,,,,284.0,,,,,,,2.0,20.0,1.0,599.99,0.2,,,,,
,,order_items.csv,,,,,,,,,,,,285.0,,,,,,,1.0,16.0,2.0,599.99,0.05,,,,,
,,order_items.csv,,,,,,,,,,,,285.0,,,,,,,2.0,12.0,1.0,549.99,0.05,,,,,
,,order_items.csv,,,,,,,,,,,,285.0,,,,,,,3.0,2.0,1.0,749.99,0.1,,,,,
,,order_items.csv,,,,,,,,,,,,286.0,,,,,,,1.0,26.0,2.0,599.99,0.2,,,,,
,,order_items.csv,,,,,,,,,,,,286.0,,,,,,,2.0,21.0,2.0,269.99,0.07,,,,,
,,order_items.csv,,,,,,,,,,,,286.0,,,,,,,3.0,16.0,2.0,599.99,0.1,,,,,
,,order_items.csv,,,,,,,,,,,,286.0,,,,,,,4.0,7.0,1.0,3999.99,0.1,,,,,
,,order_items.csv,,,,,,,,,,,,287.0,,,,,,,1.0,5.0,1.0,1320.99,0.2,,,,,
,,order_items.csv,,,,,,,,,,,,287.0,,,,,,,2.0,10.0,1.0,1549.0,0.05,,,,,
,,order_items.csv,,,,,,,,,,,,287.0,,,,,,,3.0,2.0,1.0,749.99,0.05,,,,,
,,order_items.csv,,,,,,,,,,,,287.0,,,,,,,4.0,20.0,1.0,599.99,0.05,,,,,
,,order_items.csv,,,,,,,,,,,,288.0,,,,,,,1.0,4.0,1.0,2899.99,0.2,,,,,
,,order_items.csv,,,,,,,,,,,,288.0,,,,,,,2.0,10.0,1.0,1549.0,0.1,,,,,
,,order_items.csv,,,,,,,,,,,,288.0,,,,,,,3.0,7.0,2.0,3999.99,0.05,,,,,
,,order_items.csv,,,,,,,,,,,,289.0,,,,,,,1.0,13.0,1.0,269.99,0.07,,,,,
,,order_items.csv,,,,,,,,,,,,289.0,,,,,,,2.0,24.0,1.0,549.99,0.2,,,,,
,,order_items.csv,,,,,,,,,,,,289.0,,,,,,,3.0,17.0,1.0,429.0,0.2,,,,,
,,order_items.csv,,,,,,,,,,,,290.0,,,,,,,1.0,2.0,2.0,749.99,0.07,,,,,
,,order_items.csv,,,,,,,,,,,,290.0,,,,,,,2.0,5.0,2.0,1320.99,0.07,,,,,
,,order_items.csv,,,,,,,,,,,,290.0,,,,,,,3.0,21.0,1.0,269.99,0.1,,,,,
,,order_items.csv,,,,,,,,,,,,291.0,,,,,,,1.0,6.0,2.0,469.99,0.05,,,,,
,,order_items.csv,,,,,,,,,,,,291.0,,,,,,,2.0,21.0,2.0,269.99,0.07,,,,,
,,order_items.csv,,,,,,,,,,,,292.0,,,,,,,1.0,18.0,2.0,449.0,0.1,,,,,
,,order_items.csv,,,,,,,,,,,,292.0,,,,,,,2.0,4.0,1.0,2899.99,0.07,,,,,
,,order_items.csv,,,,,,,,,,,,292.0,,,,,,,3.0,10.0,2.0,1549.0,0.05,,,,,
,,order_items.csv,,,,,,,,,,,,293.0,,,,,,,1.0,19.0,2.0,449.0,0.05,,,,,
,,order_items.csv,,,,,,,,,,,,293.0,,,,,,,2.0,6.0,1.0,469.99,0.2,,,,,
,,order_items.csv,,,,,,,,,,,,294.0,,,,,,,1.0,18.0,1.0,449.0,0.2,,,,,
,,order_items.csv,,,,,,,,,,,,294.0,,,,,,,2.0,14.0,1.0,269.99,0.2,,,,,
,,order_items.csv,,,,,,,,,,,,294.0,,,,,,,3.0,7.0,2.0,3999.99,0.05,,,,,
,,order_items.csv,,,,,,,,,,,,294.0,,,,,,,4.0,25.0,2.0,499.99,0.2,,,,,
,,order_items.csv,,,,,,,,,,,,295.0,,,,,,,1.0,22.0,2.0,269.99,0.07,,,,,
,,order_items.csv,,,,,,,,,,,,296.0,,,,,,,1.0,25.0,2.0,499.99,0.07,,,,,
,,order_items.csv,,,,,,,,,,,,296.0,,,,,,,2.0,12.0,2.0,549.99,0.1,,,,,
,,order_items.csv,,,,,,,,,,,,296.0,,,,,,,3.0,11.0,2.0,1680.99,0.1,,,,,
,,order_items.csv,,,,,,,,,,,,296.0,,,,,,,4.0,9.0,1.0,2999.99,0.2,,,,,
,,order_items.csv,,,,,,,,,,,,297.0,,,,,,,1.0,4.0,2.0,2899.99,0.2,,,,,
,,order_items.csv,,,,,,,,,,,,298.0,,,,,,,1.0,23.0,1.0,299.99,0.2,,,,,
,,order_items.csv,,,,,,,,,,,,298.0,,,,,,,2.0,6.0,2.0,469.99,0.05,,,,,
,,order_items.csv,,,,,,,,,,,,298.0,,,,,,,3.0,22.0,1.0,269.99,0.2,,,,,
,,order_items.csv,,,,,,,,,,,,298.0,,,,,,,4.0,9.0,1.0,2999.99,0.07,,,,,
,,order_items.csv,,,,,,,,,,,,298.0,,,,,,,5.0,14.0,2.0,269.99,0.1,,,,,
,,order_items.csv,,,,,,,,,,,,299.0,,,,,,,1.0,11.0,2.0,1680.99,0.05,,,,,
,,order_items.csv,,,,,,,,,,,,299.0,,,,,,,2.0,10.0,2.0,1549.0,0.2,,,,,
,,order_items.csv,,,,,,,,,,,,300.0,,,,,,,1.0,16.0,2.0,599.99,0.1,,,,,
,,order_items.csv,,,,,,,,,,,,300.0,,,,,,,2.0,9.0,2.0,2999.99,0.1,,,,,
,,order_items.csv,,,,,,,,,,,,300.0,,,,,,,3.0,10.0,1.0,1549.0,0.1,,,,,
,,order_items.csv,,,,,,,,,,,,300.0,,,,,,,4.0,11.0,2.0,1680.99,0.2,,,,,
,,order_items.csv,,,,,,,,,,,,301.0,,,,,,,1.0,6.0,1.0,469.99,0.05,,,,,
,,order_items.csv,,,,,,,,,,,,301.0,,,,,,,2.0,22.0,1.0,269.99,0.1,,,,,
,,order_items.csv,,,,,,,,,,,,302.0,,,,,,,1.0,24.0,2.0,549.99,0.2,,,,,
,,order_items.csv,,,,,,,,,,,,302.0,,,,,,,2.0,18.0,2.0,449.0,0.07,,,,,
,,order_items.csv,,,,,,,,,,,,302.0,,,,,,,3.0,2.0,2.0,749.99,0.2,,,,,
,,order_items.csv,,,,,,,,,,,,303.0,,,,,,,1.0,8.0,2.0,1799.99,0.05,,,,,
,,order_items.csv,,,,,,,,,,,,303.0,,,,,,,2.0,24.0,2.0,549.99,0.05,,,,,
,,order_items.csv,,,,,,,,,,,,304.0,,,,,,,1.0,10.0,1.0,1549.0,0.05,,,,,
,,order_items.csv,,,,,,,,,,,,304.0,,,,,,,2.0,7.0,2.0,3999.99,0.1,,,,,
,,order_items.csv,,,,,,,,,,,,304.0,,,,,,,3.0,20.0,1.0,599.99,0.1,,,,,
,,order_items.csv,,,,,,,,,,,,305.0,,,,,,,1.0,10.0,1.0,1549.0,0.07,,,,,
,,order_items.csv,,,,,,,,,,,,305.0,,,,,,,2.0,6.0,1.0,469.99,0.1,,,,,
,,order_items.csv,,,,,,,,,,,,305.0,,,,,,,3.0,3.0,2.0,999.99,0.2,,,,,
,,order_items.csv,,,,,,,,,,,,306.0,,,,,,,1.0,10.0,1.0,1549.0,0.2,,,,,
,,order_items.csv,,,,,,,,,,,,306.0,,,,,,,2.0,22.0,1.0,269.99,0.07,,,,,
,,order_items.csv,,,,,,,,,,,,307.0,,,,,,,1.0,15.0,2.0,529.99,0.05,,,,,
,,order_items.csv,,,,,,,,,,,,308.0,,,,,,,1.0,7.0,1.0,3999.99,0.1,,,,,
,,order_items.csv,,,,,,,,,,,,308.0,,,,,,,2.0,18.0,2.0,449.0,0.2,,,,,
,,order_items.csv,,,,,,,,,,,,308.0,,,,,,,3.0,14.0,1.0,269.99,0.2,,,,,
,,order_items.csv,,,,,,,,,,,,309.0,,,,,,,1.0,3.0,1.0,999.99,0.05,,,,,
,,order_items.csv,,,,,,,,,,,,309.0,,,,,,,2.0,12.0,1.0,549.99,0.05,,,,,
,,order_items.csv,,,,,,,,,,,,310.0,,,,,,,1.0,7.0,2.0,3999.99,0.07,,,,,
,,order_items.csv,,,,,,,,,,,,310.0,,,,,,,2.0,14.0,2.0,269.99,0.1,,,,,
,,order_items.csv,,,,,,,,,,,,310.0,,,,,,,3.0,5.0,2.0,1320.99,0.2,,,,,
,,order_items.csv,,,,,,,,,,,,310.0,,,,,,,4.0,8.0,1.0,1799.99,0.2,,,,,
,,order_items.csv,,,,,,,,,,,,311.0,,,,,,,1.0,17.0,2.0,429.0,0.05,,,,,
,,order_items.csv,,,,,,,,,,,,311.0,,,,,,,2.0,5.0,2.0,1320.99,0.2,,,,,
,,order_items.csv,,,,,,,,,,,,312.0,,,,,,,1.0,24.0,2.0,549.99,0.05,,,,,
,,order_items.csv,,,,,,,,,,,,312.0,,,,,,,2.0,14.0,2.0,269.99,0.07,,,,,
,,order_items.csv,,,,,,,,,,,,312.0,,,,,,,3.0,16.0,2.0,599.99,0.05,,,,,
,,order_items.csv,,,,,,,,,,,,313.0,,,,,,,1.0,4.0,1.0,2899.99,0.07,,,,,
,,order_items.csv,,,,,,,,,,,,313.0,,,,,,,2.0,10.0,2.0,1549.0,0.07,,,,,
,,order_items.csv,,,,,,,,,,,,314.0,,,,,,,1.0,5.0,1.0,1320.99,0.07,,,,,
,,order_items.csv,,,,,,,,,,,,314.0,,,,,,,2.0,9.0,1.0,2999.99,0.05,,,,,
,,order_items.csv,,,,,,,,,,,,314.0,,,,,,,3.0,22.0,2.0,269.99,0.2,,,,,
,,order_items.csv,,,,,,,,,,,,314.0,,,,,,,4.0,7.0,2.0,3999.99,0.07,,,,,
,,order_items.csv,,,,,,,,,,,,315.0,,,,,,,1.0,11.0,1.0,1680.99,0.2,,,,,
,,order_items.csv,,,,,,,,,,,,315.0,,,,,,,2.0,9.0,1.0,2999.99,0.1,,,,,
,,order_items.csv,,,,,,,,,,,,316.0,,,,,,,1.0,2.0,2.0,749.99,0.2,,,,,
,,order_items.csv,,,,,,,,,,,,316.0,,,,,,,2.0,16.0,2.0,599.99,0.1,,,,,
,,order_items.csv,,,,,,,,,,,,316.0,,,,,,,3.0,20.0,1.0,599.99,0.1,,,,,
,,order_items.csv,,,,,,,,,,,,316.0,,,,,,,4.0,19.0,1.0,449.0,0.2,,,,,
,,order_items.csv,,,,,,,,,,,,316.0,,,,,,,5.0,17.0,1.0,429.0,0.05,,,,,
,,order_items.csv,,,,,,,,,,,,317.0,,,,,,,1.0,10.0,1.0,1549.0,0.2,,,,,
,,order_items.csv,,,,,,,,,,,,317.0,,,,,,,2.0,22.0,1.0,269.99,0.05,,,,,
,,order_items.csv,,,,,,,,,,,,317.0,,,,,,,3.0,15.0,1.0,529.99,0.05,,,,,
,,order_items.csv,,,,,,,,,,,,317.0,,,,,,,4.0,13.0,2.0,269.99,0.2,,,,,
,,order_items.csv,,,,,,,,,,,,318.0,,,,,,,1.0,13.0,2.0,269.99,0.1,,,,,
,,order_items.csv,,,,,,,,,,,,318.0,,,,,,,2.0,25.0,2.0,499.99,0.2,,,,,
,,order_items.csv,,,,,,,,,,,,318.0,,,,,,,3.0,9.0,1.0,2999.99,0.05,,,,,
,,order_items.csv,,,,,,,,,,,,319.0,,,,,,,1.0,11.0,1.0,1680.99,0.07,,,,,
,,order_items.csv,,,,,,,,,,,,319.0,,,,,,,2.0,21.0,1.0,269.99,0.2,,,,,
,,order_items.csv,,,,,,,,,,,,319.0,,,,,,,3.0,15.0,2.0,529.99,0.1,,,,,
,,order_items.csv,,,,,,,,,,,,319.0,,,,,,,4.0,23.0,1.0,299.99,0.05,,,,,
,,order_items.csv,,,,,,,,,,,,320.0,,,,,,,1.0,2.0,1.0,749.99,0.1,,,,,
,,order_items.csv,,,,,,,,,,,,321.0,,,,,,,1.0,4.0,2.0,2899.99,0.2,,,,,
,,order_items.csv,,,,,,,,,,,,321.0,,,,,,,2.0,12.0,2.0,549.99,0.2,,,,,
,,order_items.csv,,,,,,,,,,,,321.0,,,,,,,3.0,26.0,1.0,599.99,0.2,,,,,
,,order_items.csv,,,,,,,,,,,,321.0,,,,,,,4.0,23.0,2.0,299.99,0.2,,,,,
,,order_items.csv,,,,,,,,,,,,322.0,,,,,,,1.0,13.0,2.0,269.99,0.2,,,,,
,,order_items.csv,,,,,,,,,,,,322.0,,,,,,,2.0,21.0,1.0,269.99,0.07,,,,,
,,order_items.csv,,,,,,,,,,,,323.0,,,,,,,1.0,13.0,2.0,269.99,0.07,,,,,
,,order_items.csv,,,,,,,,,,,,323.0,,,,,,,2.0,26.0,2.0,599.99,0.1,,,,,
,,order_items.csv,,,,,,,,,,,,324.0,,,,,,,1.0,2.0,2.0,749.99,0.1,,,,,
,,order_items.csv,,,,,,,,,,,,324.0,,,,,,,2.0,17.0,1.0,429.0,0.2,,,,,
,,order_items.csv,,,,,,,,,,,,324.0,,,,,,,3.0,22.0,2.0,269.99,0.2,,,,,
,,order_items.csv,,,,,,,,,,,,324.0,,,,,,,4.0,19.0,1.0,449.0,0.05,,,,,
,,order_items.csv,,,,,,,,,,,,324.0,,,,,,,5.0,12.0,1.0,549.99,0.05,,,,,
,,order_items.csv,,,,,,,,,,,,325.0,,,,,,,1.0,7.0,1.0,3999.99,0.05,,,,,
,,order_items.csv,,,,,,,,,,,,325.0,,,,,,,2.0,12.0,1.0,549.99,0.2,,,,,
,,order_items.csv,,,,,,,,,,,,325.0,,,,,,,3.0,6.0,2.0,469.99,0.2,,,,,
,,order_items.csv,,,,,,,,,,,,326.0,,,,,,,1.0,12.0,1.0,549.99,0.1,,,,,
,,order_items.csv,,,,,,,,,,,,326.0,,,,,,,2.0,23.0,1.0,299.99,0.07,,,,,
,,order_items.csv,,,,,,,,,,,,327.0,,,,,,,1.0,12.0,2.0,549.99,0.07,,,,,
,,order_items.csv,,,,,,,,,,,,327.0,,,,,,,2.0,13.0,1.0,269.99,0.07,,,,,
,,order_items.csv,,,,,,,,,,,,327.0,,,,,,,3.0,4.0,1.0,2899.99,0.05,,,,,
,,order_items.csv,,,,,,,,,,,,328.0,,,,,,,1.0,6.0,2.0,469.99,0.1,,,,,
,,order_items.csv,,,,,,,,,,,,329.0,,,,,,,1.0,14.0,2.0,269.99,0.07,,,,,
,,order_items.csv,,,,,,,,,,,,329.0,,,,,,,2.0,8.0,2.0,1799.99,0.05,,,,,
,,order_items.csv,,,,,,,,,,,,329.0,,,,,,,3.0,23.0,1.0,299.99,0.2,,,,,
,,order_items.csv,,,,,,,,,,,,329.0,,,,,,,4.0,17.0,1.0,429.0,0.07,,,,,
,,order_items.csv,,,,,,,,,,,,329.0,,,,,,,5.0,26.0,2.0,599.99,0.05,,,,,
,,order_items.csv,,,,,,,,,,,,330.0,,,,,,,1.0,21.0,2.0,269.99,0.05,,,,,
,,order_items.csv,,,,,,,,,,,,331.0,,,,,,,1.0,17.0,2.0,429.0,0.1,,,,,
,,order_items.csv,,,,,,,,,,,,332.0,,,,,,,1.0,18.0,2.0,449.0,0.05,,,,,
,,order_items.csv,,,,,,,,,,,,333.0,,,,,,,1.0,18.0,2.0,449.0,0.07,,,,,
,,order_items.csv,,,,,,,,,,,,333.0,,,,,,,2.0,8.0,2.0,1799.99,0.05,,,,,
,,order_items.csv,,,,,,,,,,,,333.0,,,,,,,3.0,3.0,1.0,999.99,0.2,,,,,
,,order_items.csv,,,,,,,,,,,,334.0,,,,,,,1.0,16.0,2.0,599.99,0.2,,,,,
,,order_items.csv,,,,,,,,,,,,334.0,,,,,,,2.0,9.0,1.0,2999.99,0.05,,,,,
,,order_items.csv,,,,,,,,,,,,334.0,,,,,,,3.0,3.0,2.0,999.99,0.05,,,,,
,,order_items.csv,,,,,,,,,,,,335.0,,,,,,,1.0,6.0,1.0,469.99,0.1,,,,,
,,order_items.csv,,,,,,,,,,,,335.0,,,,,,,2.0,2.0,2.0,749.99,0.1,,,,,
,,order_items.csv,,,,,,,,,,,,335.0,,,,,,,3.0,21.0,1.0,269.99,0.07,,,,,
,,order_items.csv,,,,,,,,,,,,336.0,,,,,,,1.0,4.0,1.0,2899.99,0.1,,,,,
,,order_items.csv,,,,,,,,,,,,336.0,,,,,,,2.0,12.0,1.0,549.99,0.2,,,,,
,,order_items.csv,,,,,,,,,,,,337.0,,,,,,,1.0,18.0,1.0,449.0,0.05,,,,,
,,order_items.csv,,,,,,,,,,,,337.0,,,,,,,2.0,4.0,1.0,2899.99,0.05,,,,,
,,order_items.csv,,,,,,,,,,,,338.0,,,,,,,1.0,6.0,2.0,469.99,0.07,,,,,
,,order_items.csv,,,,,,,,,,,,338.0,,,,,,,2.0,10.0,1.0,1549.0,0.07,,,,,
,,order_items.csv,,,,,,,,,,,,338.0,,,,,,,3.0,22.0,1.0,269.99,0.1,,,,,
,,order_items.csv,,,,,,,,,,,,338.0,,,,,,,4.0,11.0,2.0,1680.99,0.07,,,,,
,,order_items.csv,,,,,,,,,,,,338.0,,,,,,,5.0,9.0,1.0,2999.99,0.05,,,,,
,,order_items.csv,,,,,,,,,,,,339.0,,,,,,,1.0,13.0,1.0,269.99,0.1,,,,,
,,order_items.csv,,,,,,,,,,,,339.0,,,,,,,2.0,15.0,2.0,529.99,0.05,,,,,
,,order_items.csv,,,,,,,,,,,,340.0,,,,,,,1.0,11.0,1.0,1680.99,0.05,,,,,
,,order_items.csv,,,,,,,,,,,,340.0,,,,,,,2.0,24.0,1.0,549.99,0.05,,,,,
,,order_items.csv,,,,,,,,,,,,340.0,,,,,,,3.0,13.0,2.0,269.99,0.1,,,,,
,,order_items.csv,,,,,,,,,,,,340.0,,,,,,,4.0,12.0,2.0,549.99,0.07,,,,,
,,order_items.csv,,,,,,,,,,,,340.0,,,,,,,5.0,10.0,2.0,1549.0,0.1,,,,,
,,order_items.csv,,,,,,,,,,,,341.0,,,,,,,1.0,23.0,2.0,299.99,0.05,,,,,
,,order_items.csv,,,,,,,,,,,,342.0,,,,,,,1.0,26.0,1.0,599.99,0.07,,,,,
,,order_items.csv,,,,,,,,,,,,342.0,,,,,,,2.0,9.0,1.0,2999.99,0.2,,,,,
,,order_items.csv,,,,,,,,,,,,342.0,,,,,,,3.0,16.0,2.0,599.99,0.1,,,,,
,,order_items.csv,,,,,,,,,,,,343.0,,,,,,,1.0,20.0,2.0,599.99,0.2,,,,,
,,order_items.csv,,,,,,,,,,,,343.0,,,,,,,2.0,25.0,1.0,499.99,0.05,,,,,
,,order_items.csv,,,,,,,,,,,,343.0,,,,,,,3.0,5.0,2.0,1320.99,0.05,,,,,
,,order_items.csv,,,,,,,,,,,,343.0,,,,,,,4.0,10.0,1.0,1549.0,0.1,,,,,
,,order_items.csv,,,,,,,,,,,,344.0,,,,,,,1.0,22.0,1.0,269.99,0.05,,,,,
,,order_items.csv,,,,,,,,,,,,344.0,,,,,,,2.0,18.0,2.0,449.0,0.07,,,,,
,,order_items.csv,,,,,,,,,,,,344.0,,,,,,,3.0,14.0,1.0,269.99,0.2,,,,,
,,order_items.csv,,,,,,,,,,,,345.0,,,,,,,1.0,18.0,2.0,449.0,0.1,,,,,
,,order_items.csv,,,,,,,,,,,,345.0,,,,,,,2.0,24.0,2.0,549.99,0.07,,,,,
,,order_items.csv,,,,,,,,,,,,346.0,,,,,,,1.0,13.0,1.0,269.99,0.07,,,,,
,,order_items.csv,,,,,,,,,,,,346.0,,,,,,,2.0,23.0,1.0,299.99,0.2,,,,,
,,order_items.csv,,,,,,,,,,,,346.0,,,,,,,3.0,21.0,1.0,269.99,0.1,,,,,
,,order_items.csv,,,,,,,,,,,,346.0,,,,,,,4.0,15.0,1.0,529.99,0.05,,,,,
,,order_items.csv,,,,,,,,,,,,346.0,,,,,,,5.0,18.0,2.0,449.0,0.05,,,,,
,,order_items.csv,,,,,,,,,,,,347.0,,,,,,,1.0,23.0,1.0,299.99,0.07,,,,,
,,order_items.csv,,,,,,,,,,,,348.0,,,,,,,1.0,5.0,2.0,1320.99,0.05,,,,,
,,order_items.csv,,,,,,,,,,,,348.0,,,,,,,2.0,15.0,2.0,529.99,0.07,,,,,
,,order_items.csv,,,,,,,,,,,,349.0,,,,,,,1.0,20.0,2.0,599.99,0.2,,,,,
,,order_items.csv,,,,,,,,,,,,350.0,,,,,,,1.0,6.0,2.0,469.99,0.05,,,,,
,,order_items.csv,,,,,,,,,,,,350.0,,,,,,,2.0,20.0,1.0,599.99,0.07,,,,,
,,order_items.csv,,,,,,,,,,,,350.0,,,,,,,3.0,3.0,1.0,999.99,0.07,,,,,
,,order_items.csv,,,,,,,,,,,,351.0,,,,,,,1.0,4.0,2.0,2899.99,0.05,,,,,
,,order_items.csv,,,,,,,,,,,,351.0,,,,,,,2.0,24.0,2.0,549.99,0.1,,,,,
,,order_items.csv,,,,,,,,,,,,351.0,,,,,,,3.0,20.0,1.0,599.99,0.2,,,,,
,,order_items.csv,,,,,,,,,,,,351.0,,,,,,,4.0,22.0,2.0,269.99,0.07,,,,,
,,order_items.csv,,,,,,,,,,,,352.0,,,,,,,1.0,11.0,1.0,1680.99,0.2,,,,,
,,order_items.csv,,,,,,,,,,,,352.0,,,,,,,2.0,14.0,1.0,269.99,0.2,,,,,
,,order_items.csv,,,,,,,,,,,,353.0,,,,,,,1.0,2.0,2.0,749.99,0.2,,,,,
,,order_items.csv,,,,,,,,,,,,354.0,,,,,,,1.0,21.0,1.0,269.99,0.2,,,,,
,,order_items.csv,,,,,,,,,,,,354.0,,,,,,,2.0,19.0,1.0,449.0,0.05,,,,,
,,order_items.csv,,,,,,,,,,,,355.0,,,,,,,1.0,16.0,1.0,599.99,0.1,,,,,
,,order_items.csv,,,,,,,,,,,,355.0,,,,,,,2.0,14.0,2.0,269.99,0.07,,,,,
,,order_items.csv,,,,,,,,,,,,356.0,,,,,,,1.0,23.0,2.0,299.99,0.05,,,,,
,,order_items.csv,,,,,,,,,,,,356.0,,,,,,,2.0,4.0,1.0,2899.99,0.05,,,,,
,,order_items.csv,,,,,,,,,,,,356.0,,,,,,,3.0,13.0,1.0,269.99,0.05,,,,,
,,order_items.csv,,,,,,,,,,,,357.0,,,,,,,1.0,17.0,2.0,429.0,0.05,,,,,
,,order_items.csv,,,,,,,,,,,,357.0,,,,,,,2.0,21.0,2.0,269.99,0.07,,,,,
,,order_items.csv,,,,,,,,,,,,357.0,,,,,,,3.0,24.0,1.0,549.99,0.07,,,,,
,,order_items.csv,,,,,,,,,,,,357.0,,,,,,,4.0,9.0,1.0,2999.99,0.05,,,,,
,,order_items.csv,,,,,,,,,,,,358.0,,,,,,,1.0,21.0,2.0,269.99,0.1,,,,,
,,order_items.csv,,,,,,,,,,,,358.0,,,,,,,2.0,6.0,2.0,469.99,0.07,,,,,
,,order_items.csv,,,,,,,,,,,,358.0,,,,,,,3.0,8.0,2.0,1799.99,0.05,,,,,
,,order_items.csv,,,,,,,,,,,,358.0,,,,,,,4.0,18.0,2.0,449.0,0.1,,,,,
,,order_items.csv,,,,,,,,,,,,359.0,,,,,,,1.0,15.0,2.0,529.99,0.07,,,,,
,,order_items.csv,,,,,,,,,,,,359.0,,,,,,,2.0,9.0,2.0,2999.99,0.07,,,,,
,,order_items.csv,,,,,,,,,,,,359.0,,,,,,,3.0,7.0,2.0,3999.99,0.2,,,,,
,,order_items.csv,,,,,,,,,,,,360.0,,,,,,,1.0,26.0,1.0,599.99,0.05,,,,,
,,order_items.csv,,,,,,,,,,,,360.0,,,,,,,2.0,7.0,2.0,3999.99,0.2,,,,,
,,order_items.csv,,,,,,,,,,,,360.0,,,,,,,3.0,13.0,2.0,269.99,0.05,,,,,
,,order_items.csv,,,,,,,,,,,,360.0,,,,,,,4.0,25.0,1.0,499.99,0.1,,,,,
,,order_items.csv,,,,,,,,,,,,361.0,,,,,,,1.0,24.0,2.0,549.99,0.05,,,,,
,,order_items.csv,,,,,,,,,,,,361.0,,,,,,,2.0,6.0,2.0,469.99,0.1,,,,,
,,order_items.csv,,,,,,,,,,,,361.0,,,,,,,3.0,11.0,1.0,1680.99,0.1,,,,,
,,order_items.csv,,,,,,,,,,,,362.0,,,,,,,1.0,2.0,1.0,749.99,0.07,,,,,
,,order_items.csv,,,,,,,,,,,,363.0,,,,,,,1.0,21.0,2.0,269.99,0.1,,,,,
,,order_items.csv,,,,,,,,,,,,363.0,,,,,,,2.0,14.0,1.0,269.99,0.07,,,,,
,,order_items.csv,,,,,,,,,,,,363.0,,,,,,,3.0,15.0,1.0,529.99,0.1,,,,,
,,order_items.csv,,,,,,,,,,,,363.0,,,,,,,4.0,20.0,1.0,599.99,0.2,,,,,
,,order_items.csv,,,,,,,,,,,,364.0,,,,,,,1.0,25.0,2.0,499.99,0.05,,,,,
,,order_items.csv,,,,,,,,,,,,365.0,,,,,,,1.0,24.0,2.0,549.99,0.07,,,,,
,,order_items.csv,,,,,,,,,,,,366.0,,,,,,,1.0,21.0,1.0,269.99,0.1,,,,,
,,order_items.csv,,,,,,,,,,,,366.0,,,,,,,2.0,4.0,1.0,2899.99,0.07,,,,,
,,order_items.csv,,,,,,,,,,,,366.0,,,,,,,3.0,16.0,2.0,599.99,0.2,,,,,
,,order_items.csv,,,,,,,,,,,,367.0,,,,,,,1.0,26.0,2.0,599.99,0.1,,,,,
,,order_items.csv,,,,,,,,,,,,367.0,,,,,,,2.0,14.0,1.0,269.99,0.05,,,,,
,,order_items.csv,,,,,,,,,,,,367.0,,,,,,,3.0,10.0,2.0,1549.0,0.05,,,,,
,,order_items.csv,,,,,,,,,,,,368.0,,,,,,,1.0,5.0,1.0,1320.99,0.2,,,,,
,,order_items.csv,,,,,,,,,,,,368.0,,,,,,,2.0,10.0,2.0,1549.0,0.2,,,,,
,,order_items.csv,,,,,,,,,,,,368.0,,,,,,,3.0,21.0,2.0,269.99,0.1,,,,,
,,order_items.csv,,,,,,,,,,,,368.0,,,,,,,4.0,19.0,1.0,449.0,0.05,,,,,
,,order_items.csv,,,,,,,,,,,,369.0,,,,,,,1.0,10.0,2.0,1549.0,0.07,,,,,
,,order_items.csv,,,,,,,,,,,,370.0,,,,,,,1.0,25.0,2.0,499.99,0.05,,,,,
,,order_items.csv,,,,,,,,,,,,370.0,,,,,,,2.0,4.0,2.0,2899.99,0.1,,,,,
,,order_items.csv,,,,,,,,,,,,371.0,,,,,,,1.0,14.0,1.0,269.99,0.2,,,,,
,,order_items.csv,,,,,,,,,,,,371.0,,,,,,,2.0,12.0,1.0,549.99,0.2,,,,,
,,order_items.csv,,,,,,,,,,,,372.0,,,,,,,1.0,11.0,1.0,1680.99,0.05,,,,,
,,order_items.csv,,,,,,,,,,,,372.0,,,,,,,2.0,14.0,2.0,269.99,0.1,,,,,
,,order_items.csv,,,,,,,,,,,,372.0,,,,,,,3.0,5.0,1.0,1320.99,0.1,,,,,
,,order_items.csv,,,,,,,,,,,,373.0,,,,,,,1.0,8.0,2.0,1799.99,0.05,,,,,
,,order_items.csv,,,,,,,,,,,,373.0,,,,,,,2.0,22.0,1.0,269.99,0.1,,,,,
,,order_items.csv,,,,,,,,,,,,373.0,,,,,,,3.0,19.0,2.0,449.0,0.2,,,,,
,,order_items.csv,,,,,,,,,,,,373.0,,,,,,,4.0,12.0,1.0,549.99,0.1,,,,,
,,order_items.csv,,,,,,,,,,,,373.0,,,,,,,5.0,13.0,1.0,269.99,0.1,,,,,
,,order_items.csv,,,,,,,,,,,,374.0,,,,,,,1.0,10.0,1.0,1549.0,0.1,,,,,
,,order_items.csv,,,,,,,,,,,,374.0,,,,,,,2.0,7.0,1.0,3999.99,0.07,,,,,
,,order_items.csv,,,,,,,,,,,,375.0,,,,,,,1.0,21.0,2.0,269.99,0.05,,,,,
,,order_items.csv,,,,,,,,,,,,375.0,,,,,,,2.0,2.0,2.0,749.99,0.05,,,,,
,,order_items.csv,,,,,,,,,,,,375.0,,,,,,,3.0,4.0,2.0,2899.99,0.07,,,,,
,,order_items.csv,,,,,,,,,,,,375.0,,,,,,,4.0,12.0,2.0,549.99,0.05,,,,,
,,order_items.csv,,,,,,,,,,,,376.0,,,,,,,1.0,2.0,2.0,749.99,0.07,,,,,
,,order_items.csv,,,,,,,,,,,,376.0,,,,,,,2.0,23.0,2.0,299.99,0.1,,,,,
,,order_items.csv,,,,,,,,,,,,377.0,,,,,,,1.0,8.0,1.0,1799.99,0.05,,,,,
,,order_items.csv,,,,,,,,,,,,377.0,,,,,,,2.0,14.0,1.0,269.99,0.07,,,,,
,,order_items.csv,,,,,,,,,,,,378.0,,,,,,,1.0,26.0,2.0,599.99,0.05,,,,,
,,order_items.csv,,,,,,,,,,,,379.0,,,,,,,1.0,9.0,1.0,2999.99,0.07,,,,,
,,order_items.csv,,,,,,,,,,,,379.0,,,,,,,2.0,16.0,1.0,599.99,0.2,,,,,
,,order_items.csv,,,,,,,,,,,,380.0,,,,,,,1.0,16.0,1.0,599.99,0.05,,,,,
,,order_items.csv,,,,,,,,,,,,380.0,,,,,,,2.0,11.0,2.0,1680.99,0.05,,,,,
,,order_items.csv,,,,,,,,,,,,381.0,,,,,,,1.0,21.0,2.0,269.99,0.07,,,,,
,,order_items.csv,,,,,,,,,,,,382.0,,,,,,,1.0,8.0,1.0,1799.99,0.1,,,,,
,,order_items.csv,,,,,,,,,,,,382.0,,,,,,,2.0,9.0,1.0,2999.99,0.1,,,,,
,,order_items.csv,,,,,,,,,,,,382.0,,,,,,,3.0,13.0,1.0,269.99,0.07,,,,,
,,order_items.csv,,,,,,,,,,,,383.0,,,,,,,1.0,19.0,1.0,449.0,0.07,,,,,
,,order_items.csv,,,,,,,,,,,,383.0,,,,,,,2.0,22.0,2.0,269.99,0.05,,,,,
,,order_items.csv,,,,,,,,,,,,383.0,,,,,,,3.0,13.0,1.0,269.99,0.1,,,,,
,,order_items.csv,,,,,,,,,,,,383.0,,,,,,,4.0,21.0,2.0,269.99,0.05,,,,,
,,order_items.csv,,,,,,,,,,,,383.0,,,,,,,5.0,14.0,1.0,269.99,0.1,,,,,
,,order_items.csv,,,,,,,,,,,,384.0,,,,,,,1.0,20.0,1.0,599.99,0.1,,,,,
,,order_items.csv,,,,,,,,,,,,384.0,,,,,,,2.0,21.0,2.0,269.99,0.2,,,,,
,,order_items.csv,,,,,,,,,,,,384.0,,,,,,,3.0,8.0,1.0,1799.99,0.05,,,,,
,,order_items.csv,,,,,,,,,,,,384.0,,,,,,,4.0,15.0,1.0,529.99,0.1,,,,,
,,order_items.csv,,,,,,,,,,,,384.0,,,,,,,5.0,4.0,1.0,2899.99,0.2,,,,,
,,order_items.csv,,,,,,,,,,,,385.0,,,,,,,1.0,21.0,1.0,269.99,0.07,,,,,
,,order_items.csv,,,,,,,,,,,,385.0,,,,,,,2.0,7.0,2.0,3999.99,0.2,,,,,
,,order_items.csv,,,,,,,,,,,,385.0,,,,,,,3.0,26.0,2.0,599.99,0.05,,,,,
,,order_items.csv,,,,,,,,,,,,386.0,,,,,,,1.0,8.0,1.0,1799.99,0.2,,,,,
,,order_items.csv,,,,,,,,,,,,386.0,,,,,,,2.0,3.0,2.0,999.99,0.05,,,,,
,,order_items.csv,,,,,,,,,,,,386.0,,,,,,,3.0,16.0,2.0,599.99,0.2,,,,,
,,order_items.csv,,,,,,,,,,,,387.0,,,,,,,1.0,18.0,1.0,449.0,0.2,,,,,
,,order_items.csv,,,,,,,,,,,,388.0,,,,,,,1.0,19.0,2.0,449.0,0.2,,,,,
,,order_items.csv,,,,,,,,,,,,388.0,,,,,,,2.0,13.0,2.0,269.99,0.07,,,,,
,,order_items.csv,,,,,,,,,,,,388.0,,,,,,,3.0,2.0,1.0,749.99,0.07,,,,,
,,order_items.csv,,,,,,,,,,,,388.0,,,,,,,4.0,11.0,1.0,1680.99,0.1,,,,,
,,order_items.csv,,,,,,,,,,,,389.0,,,,,,,1.0,2.0,1.0,749.99,0.07,,,,,
,,order_items.csv,,,,,,,,,,,,389.0,,,,,,,2.0,15.0,2.0,529.99,0.07,,,,,
,,order_items.csv,,,,,,,,,,,,389.0,,,,,,,3.0,10.0,2.0,1549.0,0.05,,,,,
,,order_items.csv,,,,,,,,,,,,389.0,,,,,,,4.0,5.0,1.0,1320.99,0.05,,,,,
,,order_items.csv,,,,,,,,,,,,389.0,,,,,,,5.0,9.0,1.0,2999.99,0.2,,,,,
,,order_items.csv,,,,,,,,,,,,390.0,,,,,,,1.0,23.0,1.0,299.99,0.05,,,,,
,,order_items.csv,,,,,,,,,,,,390.0,,,,,,,2.0,7.0,2.0,3999.99,0.07,,,,,
,,order_items.csv,,,,,,,,,,,,390.0,,,,,,,3.0,9.0,1.0,2999.99,0.05,,,,,
,,order_items.csv,,,,,,,,,,,,391.0,,,,,,,1.0,8.0,1.0,1799.99,0.07,,,,,
,,order_items.csv,,,,,,,,,,,,391.0,,,,,,,2.0,5.0,2.0,1320.99,0.2,,,,,
,,order_items.csv,,,,,,,,,,,,391.0,,,,,,,3.0,24.0,2.0,549.99,0.07,,,,,
,,order_items.csv,,,,,,,,,,,,392.0,,,,,,,1.0,14.0,2.0,269.99,0.1,,,,,
,,order_items.csv,,,,,,,,,,,,392.0,,,,,,,2.0,3.0,2.0,999.99,0.05,,,,,
,,order_items.csv,,,,,,,,,,,,393.0,,,,,,,1.0,6.0,2.0,469.99,0.2,,,,,
,,order_items.csv,,,,,,,,,,,,394.0,,,,,,,1.0,23.0,1.0,299.99,0.05,,,,,
,,order_items.csv,,,,,,,,,,,,394.0,,,,,,,2.0,16.0,1.0,599.99,0.2,,,,,
,,order_items.csv,,,,,,,,,,,,394.0,,,,,,,3.0,14.0,2.0,269.99,0.2,,,,,
,,order_items.csv,,,,,,,,,,,,395.0,,,,,,,1.0,14.0,1.0,269.99,0.05,,,,,
,,order_items.csv,,,,,,,,,,,,396.0,,,,,,,1.0,12.0,1.0,549.99,0.1,,,,,
,,order_items.csv,,,,,,,,,,,,396.0,,,,,,,2.0,25.0,2.0,499.99,0.05,,,,,
,,order_items.csv,,,,,,,,,,,,396.0,,,,,,,3.0,5.0,1.0,1320.99,0.2,,,,,
,,order_items.csv,,,,,,,,,,,,397.0,,,,,,,1.0,7.0,1.0,3999.99,0.05,,,,,
,,order_items.csv,,,,,,,,,,,,398.0,,,,,,,1.0,8.0,2.0,1799.99,0.05,,,,,
,,order_items.csv,,,,,,,,,,,,398.0,,,,,,,2.0,18.0,2.0,449.0,0.05,,,,,
,,order_items.csv,,,,,,,,,,,,398.0,,,,,,,3.0,25.0,1.0,499.99,0.2,,,,,
,,order_items.csv,,,,,,,,,,,,398.0,,,,,,,4.0,17.0,1.0,429.0,0.05,,,,,
,,order_items.csv,,,,,,,,,,,,399.0,,,,,,,1.0,25.0,1.0,499.99,0.05,,,,,
,,order_items.csv,,,,,,,,,,,,399.0,,,,,,,2.0,11.0,2.0,1680.99,0.05,,,,,
,,order_items.csv,,,,,,,,,,,,399.0,,,,,,,3.0,14.0,1.0,269.99,0.1,,,,,
,,order_items.csv,,,,,,,,,,,,400.0,,,,,,,1.0,24.0,2.0,549.99,0.07,,,,,
,,order_items.csv,,,,,,,,,,,,400.0,,,,,,,2.0,9.0,1.0,2999.99,0.2,,,,,
,,order_items.csv,,,,,,,,,,,,400.0,,,,,,,3.0,3.0,2.0,999.99,0.2,,,,,
,,order_items.csv,,,,,,,,,,,,401.0,,,,,,,1.0,23.0,1.0,299.99,0.2,,,,,
,,order_items.csv,,,,,,,,,,,,401.0,,,,,,,2.0,10.0,2.0,1549.0,0.2,,,,,
,,order_items.csv,,,,,,,,,,,,402.0,,,,,,,1.0,6.0,2.0,469.99,0.07,,,,,
,,order_items.csv,,,,,,,,,,,,402.0,,,,,,,2.0,5.0,1.0,1320.99,0.07,,,,,
,,order_items.csv,,,,,,,,,,,,402.0,,,,,,,3.0,26.0,1.0,599.99,0.05,,,,,
,,order_items.csv,,,,,,,,,,,,403.0,,,,,,,1.0,12.0,2.0,549.99,0.1,,,,,
,,order_items.csv,,,,,,,,,,,,403.0,,,,,,,2.0,7.0,2.0,3999.99,0.2,,,,,
,,order_items.csv,,,,,,,,,,,,403.0,,,,,,,3.0,22.0,2.0,269.99,0.05,,,,,
,,order_items.csv,,,,,,,,,,,,403.0,,,,,,,4.0,24.0,1.0,549.99,0.2,,,,,
,,order_items.csv,,,,,,,,,,,,404.0,,,,,,,1.0,9.0,1.0,2999.99,0.07,,,,,
,,order_items.csv,,,,,,,,,,,,404.0,,,,,,,2.0,25.0,2.0,499.99,0.05,,,,,
,,order_items.csv,,,,,,,,,,,,404.0,,,,,,,3.0,16.0,2.0,599.99,0.2,,,,,
,,order_items.csv,,,,,,,,,,,,405.0,,,,,,,1.0,3.0,2.0,999.99,0.2,,,,,
,,order_items.csv,,,,,,,,,,,,405.0,,,,,,,2.0,10.0,2.0,1549.0,0.1,,,,,
,,order_items.csv,,,,,,,,,,,,405.0,,,,,,,3.0,14.0,2.0,269.99,0.07,,,,,
,,order_items.csv,,,,,,,,,,,,406.0,,,,,,,1.0,4.0,1.0,2899.99,0.2,,,,,
,,order_items.csv,,,,,,,,,,,,407.0,,,,,,,1.0,20.0,1.0,599.99,0.2,,,,,
,,order_items.csv,,,,,,,,,,,,407.0,,,,,,,2.0,5.0,1.0,1320.99,0.05,,,,,
,,order_items.csv,,,,,,,,,,,,408.0,,,,,,,1.0,18.0,1.0,449.0,0.2,,,,,
,,order_items.csv,,,,,,,,,,,,408.0,,,,,,,2.0,3.0,1.0,999.99,0.07,,,,,
,,order_items.csv,,,,,,,,,,,,408.0,,,,,,,3.0,2.0,2.0,749.99,0.07,,,,,
,,order_items.csv,,,,,,,,,,,,408.0,,,,,,,4.0,17.0,2.0,429.0,0.2,,,,,
,,order_items.csv,,,,,,,,,,,,409.0,,,,,,,1.0,15.0,1.0,529.99,0.07,,,,,
,,order_items.csv,,,,,,,,,,,,409.0,,,,,,,2.0,16.0,2.0,599.99,0.2,,,,,
,,order_items.csv,,,,,,,,,,,,409.0,,,,,,,3.0,21.0,1.0,269.99,0.05,,,,,
,,order_items.csv,,,,,,,,,,,,410.0,,,,,,,1.0,25.0,1.0,499.99,0.1,,,,,
,,order_items.csv,,,,,,,,,,,,410.0,,,,,,,2.0,9.0,2.0,2999.99,0.05,,,,,
,,order_items.csv,,,,,,,,,,,,410.0,,,,,,,3.0,24.0,2.0,549.99,0.1,,,,,
,,order_items.csv,,,,,,,,,,,,411.0,,,,,,,1.0,2.0,1.0,749.99,0.07,,,,,
,,order_items.csv,,,,,,,,,,,,411.0,,,,,,,2.0,26.0,2.0,599.99,0.05,,,,,
,,order_items.csv,,,,,,,,,,,,412.0,,,,,,,1.0,7.0,1.0,3999.99,0.1,,,,,
,,order_items.csv,,,,,,,,,,,,412.0,,,,,,,2.0,24.0,1.0,549.99,0.07,,,,,
,,order_items.csv,,,,,,,,,,,,412.0,,,,,,,3.0,17.0,1.0,429.0,0.1,,,,,
,,order_items.csv,,,,,,,,,,,,413.0,,,,,,,1.0,8.0,2.0,1799.99,0.05,,,,,
,,order_items.csv,,,,,,,,,,,,413.0,,,,,,,2.0,25.0,1.0,499.99,0.1,,,,,
,,order_items.csv,,,,,,,,,,,,413.0,,,,,,,3.0,9.0,1.0,2999.99,0.07,,,,,
,,order_items.csv,,,,,,,,,,,,414.0,,,,,,,1.0,4.0,2.0,2899.99,0.1,,,,,
,,order_items.csv,,,,,,,,,,,,415.0,,,,,,,1.0,3.0,1.0,999.99,0.07,,,,,
,,order_items.csv,,,,,,,,,,,,415.0,,,,,,,2.0,23.0,2.0,299.99,0.2,,,,,
,,order_items.csv,,,,,,,,,,,,415.0,,,,,,,3.0,5.0,1.0,1320.99,0.2,,,,,
,,order_items.csv,,,,,,,,,,,,415.0,,,,,,,4.0,6.0,2.0,469.99,0.05,,,,,
,,order_items.csv,,,,,,,,,,,,416.0,,,,,,,1.0,22.0,1.0,269.99,0.07,,,,,
,,order_items.csv,,,,,,,,,,,,416.0,,,,,,,2.0,14.0,1.0,269.99,0.07,,,,,
,,order_items.csv,,,,,,,,,,,,416.0,,,,,,,3.0,24.0,1.0,549.99,0.1,,,,,
,,order_items.csv,,,,,,,,,,,,417.0,,,,,,,1.0,26.0,2.0,599.99,0.07,,,,,
,,order_items.csv,,,,,,,,,,,,417.0,,,,,,,2.0,6.0,2.0,469.99,0.07,,,,,
,,order_items.csv,,,,,,,,,,,,418.0,,,,,,,1.0,12.0,1.0,549.99,0.05,,,,,
,,order_items.csv,,,,,,,,,,,,418.0,,,,,,,2.0,20.0,1.0,599.99,0.05,,,,,
,,order_items.csv,,,,,,,,,,,,419.0,,,,,,,1.0,9.0,1.0,2999.99,0.05,,,,,
,,order_items.csv,,,,,,,,,,,,420.0,,,,,,,1.0,17.0,2.0,429.0,0.2,,,,,
,,order_items.csv,,,,,,,,,,,,420.0,,,,,,,2.0,15.0,2.0,529.99,0.1,,,,,
,,order_items.csv,,,,,,,,,,,,420.0,,,,,,,3.0,3.0,2.0,999.99,0.05,,,,,
,,order_items.csv,,,,,,,,,,,,421.0,,,,,,,1.0,6.0,2.0,469.99,0.07,,,,,
,,order_items.csv,,,,,,,,,,,,421.0,,,,,,,2.0,3.0,2.0,999.99,0.2,,,,,
,,order_items.csv,,,,,,,,,,,,421.0,,,,,,,3.0,20.0,2.0,599.99,0.2,,,,,
,,order_items.csv,,,,,,,,,,,,421.0,,,,,,,4.0,4.0,1.0,2899.99,0.07,,,,,
,,order_items.csv,,,,,,,,,,,,421.0,,,,,,,5.0,23.0,2.0,299.99,0.2,,,,,
,,order_items.csv,,,,,,,,,,,,422.0,,,,,,,1.0,20.0,2.0,599.99,0.05,,,,,
,,order_items.csv,,,,,,,,,,,,423.0,,,,,,,1.0,8.0,2.0,1799.99,0.05,,,,,
,,order_items.csv,,,,,,,,,,,,423.0,,,,,,,2.0,17.0,1.0,429.0,0.2,,,,,
,,order_items.csv,,,,,,,,,,,,423.0,,,,,,,3.0,23.0,2.0,299.99,0.07,,,,,
,,order_items.csv,,,,,,,,,,,,423.0,,,,,,,4.0,2.0,1.0,749.99,0.2,,,,,
,,order_items.csv,,,,,,,,,,,,424.0,,,,,,,1.0,22.0,1.0,269.99,0.1,,,,,
,,order_items.csv,,,,,,,,,,,,424.0,,,,,,,2.0,6.0,1.0,469.99,0.05,,,,,
,,order_items.csv,,,,,,,,,,,,425.0,,,,,,,1.0,6.0,1.0,469.99,0.1,,,,,
,,order_items.csv,,,,,,,,,,,,425.0,,,,,,,2.0,21.0,2.0,269.99,0.07,,,,,
,,order_items.csv,,,,,,,,,,,,425.0,,,,,,,3.0,19.0,1.0,449.0,0.05,,,,,
,,order_items.csv,,,,,,,,,,,,426.0,,,,,,,1.0,10.0,1.0,1549.0,0.1,,,,,
,,order_items.csv,,,,,,,,,,,,426.0,,,,,,,2.0,23.0,2.0,299.99,0.05,,,,,
,,order_items.csv,,,,,,,,,,,,427.0,,,,,,,1.0,12.0,2.0,549.99,0.07,,,,,
,,order_items.csv,,,,,,,,,,,,427.0,,,,,,,2.0,15.0,2.0,529.99,0.1,,,,,
,,order_items.csv,,,,,,,,,,,,427.0,,,,,,,3.0,26.0,2.0,599.99,0.07,,,,,
,,order_items.csv,,,,,,,,,,,,428.0,,,,,,,1.0,5.0,2.0,1320.99,0.2,,,,,
,,order_items.csv,,,,,,,,,,,,428.0,,,,,,,2.0,14.0,1.0,269.99,0.2,,,,,
,,order_items.csv,,,,,,,,,,,,429.0,,,,,,,1.0,11.0,1.0,1680.99,0.2,,,,,
,,order_items.csv,,,,,,,,,,,,429.0,,,,,,,2.0,4.0,2.0,2899.99,0.1,,,,,
,,order_items.csv,,,,,,,,,,,,429.0,,,,,,,3.0,5.0,2.0,1320.99,0.05,,,,,
,,order_items.csv,,,,,,,,,,,,429.0,,,,,,,4.0,6.0,1.0,469.99,0.07,,,,,
,,order_items.csv,,,,,,,,,,,,429.0,,,,,,,5.0,2.0,1.0,749.99,0.1,,,,,
,,order_items.csv,,,,,,,,,,,,430.0,,,,,,,1.0,22.0,2.0,269.99,0.1,,,,,
,,order_items.csv,,,,,,,,,,,,430.0,,,,,,,2.0,11.0,1.0,1680.99,0.07,,,,,
,,order_items.csv,,,,,,,,,,,,430.0,,,,,,,3.0,4.0,2.0,2899.99,0.2,,,,,
,,order_items.csv,,,,,,,,,,,,430.0,,,,,,,4.0,13.0,2.0,269.99,0.2,,,,,
,,order_items.csv,,,,,,,,,,,,430.0,,,,,,,5.0,8.0,1.0,1799.99,0.2,,,,,
,,order_items.csv,,,,,,,,,,,,431.0,,,,,,,1.0,14.0,2.0,269.99,0.2,,,,,
,,order_items.csv,,,,,,,,,,,,431.0,,,,,,,2.0,6.0,1.0,469.99,0.1,,,,,
,,order_items.csv,,,,,,,,,,,,431.0,,,,,,,3.0,18.0,1.0,449.0,0.2,,,,,
,,order_items.csv,,,,,,,,,,,,431.0,,,,,,,4.0,13.0,2.0,269.99,0.07,,,,,
,,order_items.csv,,,,,,,,,,,,431.0,,,,,,,5.0,19.0,1.0,449.0,0.07,,,,,
,,order_items.csv,,,,,,,,,,,,432.0,,,,,,,1.0,10.0,2.0,1549.0,0.2,,,,,
,,order_items.csv,,,,,,,,,,,,432.0,,,,,,,2.0,7.0,2.0,3999.99,0.05,,,,,
,,order_items.csv,,,,,,,,,,,,433.0,,,,,,,1.0,6.0,1.0,469.99,0.1,,,,,
,,order_items.csv,,,,,,,,,,,,433.0,,,,,,,2.0,10.0,1.0,1549.0,0.2,,,,,
,,order_items.csv,,,,,,,,,,,,433.0,,,,,,,3.0,24.0,1.0,549.99,0.1,,,,,
,,order_items.csv,,,,,,,,,,,,433.0,,,,,,,4.0,4.0,1.0,2899.99,0.2,,,,,
,,order_items.csv,,,,,,,,,,,,434.0,,,,,,,1.0,21.0,1.0,269.99,0.05,,,,,
,,order_items.csv,,,,,,,,,,,,434.0,,,,,,,2.0,20.0,1.0,599.99,0.1,,,,,
,,order_items.csv,,,,,,,,,,,,434.0,,,,,,,3.0,9.0,1.0,2999.99,0.2,,,,,
,,order_items.csv,,,,,,,,,,,,434.0,,,,,,,4.0,11.0,2.0,1680.99,0.07,,,,,
,,order_items.csv,,,,,,,,,,,,434.0,,,,,,,5.0,18.0,2.0,449.0,0.05,,,,,
,,order_items.csv,,,,,,,,,,,,435.0,,,,,,,1.0,22.0,1.0,269.99,0.05,,,,,
,,order_items.csv,,,,,,,,,,,,435.0,,,,,,,2.0,9.0,1.0,2999.99,0.05,,,,,
,,order_items.csv,,,,,,,,,,,,435.0,,,,,,,3.0,18.0,1.0,449.0,0.05,,,,,
,,order_items.csv,,,,,,,,,,,,436.0,,,,,,,1.0,3.0,1.0,999.99,0.05,,,,,
,,order_items.csv,,,,,,,,,,,,436.0,,,,,,,2.0,23.0,1.0,299.99,0.2,,,,,
,,order_items.csv,,,,,,,,,,,,437.0,,,,,,,1.0,3.0,1.0,999.99,0.05,,,,,
,,order_items.csv,,,,,,,,,,,,437.0,,,,,,,2.0,10.0,1.0,1549.0,0.05,,,,,
,,order_items.csv,,,,,,,,,,,,437.0,,,,,,,3.0,8.0,2.0,1799.99,0.05,,,,,
,,order_items.csv,,,,,,,,,,,,438.0,,,,,,,1.0,4.0,1.0,2899.99,0.07,,,,,
,,order_items.csv,,,,,,,,,,,,438.0,,,,,,,2.0,22.0,1.0,269.99,0.1,,,,,
,,order_items.csv,,,,,,,,,,,,438.0,,,,,,,3.0,8.0,2.0,1799.99,0.05,,,,,
,,order_items.csv,,,,,,,,,,,,438.0,,,,,,,4.0,13.0,2.0,269.99,0.05,,,,,
,,order_items.csv,,,,,,,,,,,,439.0,,,,,,,1.0,6.0,2.0,469.99,0.07,,,,,
,,order_items.csv,,,,,,,,,,,,439.0,,,,,,,2.0,7.0,2.0,3999.99,0.05,,,,,
,,order_items.csv,,,,,,,,,,,,440.0,,,,,,,1.0,19.0,2.0,449.0,0.07,,,,,
,,order_items.csv,,,,,,,,,,,,440.0,,,,,,,2.0,4.0,2.0,2899.99,0.07,,,,,
,,order_items.csv,,,,,,,,,,,,441.0,,,,,,,1.0,12.0,1.0,549.99,0.07,,,,,
,,order_items.csv,,,,,,,,,,,,441.0,,,,,,,2.0,15.0,1.0,529.99,0.1,,,,,
,,order_items.csv,,,,,,,,,,,,442.0,,,,,,,1.0,16.0,2.0,599.99,0.07,,,,,
,,order_items.csv,,,,,,,,,,,,442.0,,,,,,,2.0,26.0,2.0,599.99,0.2,,,,,
,,order_items.csv,,,,,,,,,,,,442.0,,,,,,,3.0,6.0,2.0,469.99,0.2,,,,,
,,order_items.csv,,,,,,,,,,,,443.0,,,,,,,1.0,5.0,1.0,1320.99,0.05,,,,,
,,order_items.csv,,,,,,,,,,,,443.0,,,,,,,2.0,26.0,1.0,599.99,0.2,,,,,
,,order_items.csv,,,,,,,,,,,,444.0,,,,,,,1.0,22.0,1.0,269.99,0.07,,,,,
,,order_items.csv,,,,,,,,,,,,444.0,,,,,,,2.0,15.0,2.0,529.99,0.07,,,,,
,,order_items.csv,,,,,,,,,,,,444.0,,,,,,,3.0,20.0,2.0,599.99,0.05,,,,,
,,order_items.csv,,,,,,,,,,,,444.0,,,,,,,4.0,16.0,1.0,599.99,0.1,,,,,
,,order_items.csv,,,,,,,,,,,,444.0,,,,,,,5.0,10.0,2.0,1549.0,0.2,,,,,
,,order_items.csv,,,,,,,,,,,,445.0,,,,,,,1.0,7.0,1.0,3999.99,0.2,,,,,
,,order_items.csv,,,,,,,,,,,,445.0,,,,,,,2.0,16.0,1.0,599.99,0.07,,,,,
,,order_items.csv,,,,,,,,,,,,445.0,,,,,,,3.0,23.0,1.0,299.99,0.2,,,,,
,,order_items.csv,,,,,,,,,,,,446.0,,,,,,,1.0,22.0,1.0,269.99,0.2,,,,,
,,order_items.csv,,,,,,,,,,,,446.0,,,,,,,2.0,16.0,2.0,599.99,0.07,,,,,
,,order_items.csv,,,,,,,,,,,,447.0,,,,,,,1.0,4.0,2.0,2899.99,0.05,,,,,
,,order_items.csv,,,,,,,,,,,,447.0,,,,,,,2.0,3.0,1.0,999.99,0.1,,,,,
,,order_items.csv,,,,,,,,,,,,447.0,,,,,,,3.0,8.0,1.0,1799.99,0.07,,,,,
,,order_items.csv,,,,,,,,,,,,448.0,,,,,,,1.0,13.0,2.0,269.99,0.05,,,,,
,,order_items.csv,,,,,,,,,,,,448.0,,,,,,,2.0,6.0,2.0,469.99,0.05,,,,,
,,order_items.csv,,,,,,,,,,,,449.0,,,,,,,1.0,17.0,2.0,429.0,0.05,,,,,
,,order_items.csv,,,,,,,,,,,,449.0,,,,,,,2.0,2.0,1.0,749.99,0.05,,,,,
,,order_items.csv,,,,,,,,,,,,449.0,,,,,,,3.0,7.0,2.0,3999.99,0.07,,,,,
,,order_items.csv,,,,,,,,,,,,449.0,,,,,,,4.0,26.0,2.0,599.99,0.2,,,,,
,,order_items.csv,,,,,,,,,,,,450.0,,,,,,,1.0,24.0,1.0,549.99,0.05,,,,,
,,order_items.csv,,,,,,,,,,,,450.0,,,,,,,2.0,12.0,1.0,549.99,0.07,,,,,
,,order_items.csv,,,,,,,,,,,,450.0,,,,,,,3.0,5.0,1.0,1320.99,0.1,,,,,
,,order_items.csv,,,,,,,,,,,,451.0,,,,,,,1.0,14.0,2.0,269.99,0.05,,,,,
,,order_items.csv,,,,,,,,,,,,452.0,,,,,,,1.0,11.0,1.0,1680.99,0.05,,,,,
,,order_items.csv,,,,,,,,,,,,452.0,,,,,,,2.0,16.0,1.0,599.99,0.05,,,,,
,,order_items.csv,,,,,,,,,,,,452.0,,,,,,,3.0,7.0,2.0,3999.99,0.1,,,,,
,,order_items.csv,,,,,,,,,,,,452.0,,,,,,,4.0,8.0,1.0,1799.99,0.1,,,,,
,,order_items.csv,,,,,,,,,,,,453.0,,,,,,,1.0,23.0,1.0,299.99,0.05,,,,,
,,order_items.csv,,,,,,,,,,,,453.0,,,,,,,2.0,20.0,2.0,599.99,0.2,,,,,
,,order_items.csv,,,,,,,,,,,,453.0,,,,,,,3.0,4.0,1.0,2899.99,0.2,,,,,
,,order_items.csv,,,,,,,,,,,,454.0,,,,,,,1.0,25.0,2.0,499.99,0.07,,,,,
,,order_items.csv,,,,,,,,,,,,454.0,,,,,,,2.0,13.0,2.0,269.99,0.05,,,,,
,,order_items.csv,,,,,,,,,,,,454.0,,,,,,,3.0,24.0,2.0,549.99,0.1,,,,,
,,order_items.csv,,,,,,,,,,,,455.0,,,,,,,1.0,9.0,1.0,2999.99,0.05,,,,,
,,order_items.csv,,,,,,,,,,,,456.0,,,,,,,1.0,17.0,2.0,429.0,0.07,,,,,
,,order_items.csv,,,,,,,,,,,,456.0,,,,,,,2.0,23.0,1.0,299.99,0.07,,,,,
,,order_items.csv,,,,,,,,,,,,457.0,,,,,,,1.0,24.0,2.0,549.99,0.07,,,,,
,,order_items.csv,,,,,,,,,,,,457.0,,,,,,,2.0,2.0,1.0,749.99,0.05,,,,,
,,order_items.csv,,,,,,,,,,,,457.0,,,,,,,3.0,7.0,2.0,3999.99,0.1,,,,,
,,order_items.csv,,,,,,,,,,,,457.0,,,,,,,4.0,17.0,1.0,429.0,0.2,,,,,
,,order_items.csv,,,,,,,,,,,,458.0,,,,,,,1.0,2.0,1.0,749.99,0.2,,,,,
,,order_items.csv,,,,,,,,,,,,458.0,,,,,,,2.0,21.0,2.0,269.99,0.07,,,,,
,,order_items.csv,,,,,,,,,,,,458.0,,,,,,,3.0,11.0,1.0,1680.99,0.1,,,,,
,,order_items.csv,,,,,,,,,,,,458.0,,,,,,,4.0,24.0,1.0,549.99,0.2,,,,,
,,order_items.csv,,,,,,,,,,,,458.0,,,,,,,5.0,3.0,2.0,999.99,0.2,,,,,
,,order_items.csv,,,,,,,,,,,,459.0,,,,,,,1.0,11.0,1.0,1680.99,0.2,,,,,
,,order_items.csv,,,,,,,,,,,,460.0,,,,,,,1.0,19.0,1.0,449.0,0.05,,,,,
,,order_items.csv,,,,,,,,,,,,460.0,,,,,,,2.0,18.0,2.0,449.0,0.07,,,,,
,,order_items.csv,,,,,,,,,,,,460.0,,,,,,,3.0,4.0,1.0,2899.99,0.2,,,,,
,,order_items.csv,,,,,,,,,,,,460.0,,,,,,,4.0,22.0,2.0,269.99,0.1,,,,,
,,order_items.csv,,,,,,,,,,,,461.0,,,,,,,1.0,16.0,1.0,599.99,0.07,,,,,
,,order_items.csv,,,,,,,,,,,,461.0,,,,,,,2.0,4.0,1.0,2899.99,0.2,,,,,
,,order_items.csv,,,,,,,,,,,,461.0,,,,,,,3.0,8.0,2.0,1799.99,0.05,,,,,
,,order_items.csv,,,,,,,,,,,,461.0,,,,,,,4.0,24.0,1.0,549.99,0.1,,,,,
,,order_items.csv,,,,,,,,,,,,461.0,,,,,,,5.0,18.0,2.0,449.0,0.1,,,,,
,,order_items.csv,,,,,,,,,,,,462.0,,,,,,,1.0,12.0,2.0,549.99,0.1,,,,,
,,order_items.csv,,,,,,,,,,,,463.0,,,,,,,1.0,13.0,2.0,269.99,0.07,,,,,
,,order_items.csv,,,,,,,,,,,,464.0,,,,,,,1.0,7.0,1.0,3999.99,0.1,,,,,
,,order_items.csv,,,,,,,,,,,,465.0,,,,,,,1.0,6.0,2.0,469.99,0.1,,,,,
,,order_items.csv,,,,,,,,,,,,465.0,,,,,,,2.0,25.0,2.0,499.99,0.1,,,,,
,,order_items.csv,,,,,,,,,,,,466.0,,,,,,,1.0,19.0,2.0,449.0,0.2,,,,,
,,order_items.csv,,,,,,,,,,,,466.0,,,,,,,2.0,6.0,1.0,469.99,0.2,,,,,
,,order_items.csv,,,,,,,,,,,,466.0,,,,,,,3.0,7.0,2.0,3999.99,0.05,,,,,
,,order_items.csv,,,,,,,,,,,,466.0,,,,,,,4.0,15.0,1.0,529.99,0.1,,,,,
,,order_items.csv,,,,,,,,,,,,466.0,,,,,,,5.0,5.0,1.0,1320.99,0.1,,,,,
,,order_items.csv,,,,,,,,,,,,467.0,,,,,,,1.0,19.0,1.0,449.0,0.07,,,,,
,,order_items.csv,,,,,,,,,,,,467.0,,,,,,,2.0,10.0,1.0,1549.0,0.07,,,,,
,,order_items.csv,,,,,,,,,,,,467.0,,,,,,,3.0,22.0,2.0,269.99,0.1,,,,,
,,order_items.csv,,,,,,,,,,,,467.0,,,,,,,4.0,17.0,2.0,429.0,0.07,,,,,
,,order_items.csv,,,,,,,,,,,,467.0,,,,,,,5.0,11.0,1.0,1680.99,0.1,,,,,
,,order_items.csv,,,,,,,,,,,,468.0,,,,,,,1.0,19.0,1.0,449.0,0.1,,,,,
,,order_items.csv,,,,,,,,,,,,468.0,,,,,,,2.0,9.0,2.0,2999.99,0.05,,,,,
,,order_items.csv,,,,,,,,,,,,468.0,,,,,,,3.0,10.0,2.0,1549.0,0.05,,,,,
,,order_items.csv,,,,,,,,,,,,468.0,,,,,,,4.0,25.0,1.0,499.99,0.1,,,,,
,,order_items.csv,,,,,,,,,,,,469.0,,,,,,,1.0,8.0,2.0,1799.99,0.1,,,,,
,,order_items.csv,,,,,,,,,,,,469.0,,,,,,,2.0,4.0,1.0,2899.99,0.07,,,,,
,,order_items.csv,,,,,,,,,,,,469.0,,,,,,,3.0,15.0,2.0,529.99,0.2,,,,,
,,order_items.csv,,,,,,,,,,,,470.0,,,,,,,1.0,18.0,1.0,449.0,0.05,,,,,
,,order_items.csv,,,,,,,,,,,,470.0,,,,,,,2.0,13.0,1.0,269.99,0.05,,,,,
,,order_items.csv,,,,,,,,,,,,470.0,,,,,,,3.0,8.0,2.0,1799.99,0.2,,,,,
,,order_items.csv,,,,,,,,,,,,471.0,,,,,,,1.0,14.0,1.0,269.99,0.2,,,,,
,,order_items.csv,,,,,,,,,,,,471.0,,,,,,,2.0,13.0,2.0,269.99,0.05,,,,,
,,order_items.csv,,,,,,,,,,,,472.0,,,,,,,1.0,15.0,1.0,529.99,0.1,,,,,
,,order_items.csv,,,,,,,,,,,,472.0,,,,,,,2.0,21.0,2.0,269.99,0.1,,,,,
,,order_items.csv,,,,,,,,,,,,473.0,,,,,,,1.0,26.0,1.0,599.99,0.07,,,,,
,,order_items.csv,,,,,,,,,,,,474.0,,,,,,,1.0,19.0,2.0,449.0,0.05,,,,,
,,order_items.csv,,,,,,,,,,,,474.0,,,,,,,2.0,11.0,1.0,1680.99,0.2,,,,,
,,order_items.csv,,,,,,,,,,,,475.0,,,,,,,1.0,17.0,2.0,429.0,0.07,,,,,
,,order_items.csv,,,,,,,,,,,,475.0,,,,,,,2.0,26.0,2.0,599.99,0.2,,,,,
,,order_items.csv,,,,,,,,,,,,475.0,,,,,,,3.0,25.0,1.0,499.99,0.2,,,,,
,,order_items.csv,,,,,,,,,,,,476.0,,,,,,,1.0,22.0,2.0,269.99,0.07,,,,,
,,order_items.csv,,,,,,,,,,,,476.0,,,,,,,2.0,4.0,2.0,2899.99,0.2,,,,,
,,order_items.csv,,,,,,,,,,,,476.0,,,,,,,3.0,11.0,2.0,1680.99,0.07,,,,,
,,order_items.csv,,,,,,,,,,,,476.0,,,,,,,4.0,20.0,2.0,599.99,0.05,,,,,
,,order_items.csv,,,,,,,,,,,,477.0,,,,,,,1.0,6.0,1.0,469.99,0.1,,,,,
,,order_items.csv,,,,,,,,,,,,477.0,,,,,,,2.0,10.0,1.0,1549.0,0.05,,,,,
,,order_items.csv,,,,,,,,,,,,478.0,,,,,,,1.0,21.0,2.0,269.99,0.07,,,,,
,,order_items.csv,,,,,,,,,,,,479.0,,,,,,,1.0,26.0,1.0,599.99,0.07,,,,,
,,order_items.csv,,,,,,,,,,,,479.0,,,,,,,2.0,12.0,1.0,549.99,0.05,,,,,
,,order_items.csv,,,,,,,,,,,,479.0,,,,,,,3.0,21.0,1.0,269.99,0.2,,,,,
,,order_items.csv,,,,,,,,,,,,479.0,,,,,,,4.0,7.0,1.0,3999.99,0.05,,,,,
,,order_items.csv,,,,,,,,,,,,479.0,,,,,,,5.0,10.0,1.0,1549.0,0.2,,,,,
,,order_items.csv,,,,,,,,,,,,480.0,,,,,,,1.0,4.0,1.0,2899.99,0.05,,,,,
,,order_items.csv,,,,,,,,,,,,480.0,,,,,,,2.0,15.0,1.0,529.99,0.05,,,,,
,,order_items.csv,,,,,,,,,,,,480.0,,,,,,,3.0,23.0,2.0,299.99,0.07,,,,,
,,order_items.csv,,,,,,,,,,,,481.0,,,,,,,1.0,13.0,2.0,269.99,0.2,,,,,
,,order_items.csv,,,,,,,,,,,,481.0,,,,,,,2.0,16.0,2.0,599.99,0.07,,,,,
,,order_items.csv,,,,,,,,,,,,481.0,,,,,,,3.0,9.0,2.0,2999.99,0.1,,,,,
,,order_items.csv,,,,,,,,,,,,482.0,,,,,,,1.0,13.0,1.0,269.99,0.2,,,,,
,,order_items.csv,,,,,,,,,,,,482.0,,,,,,,2.0,14.0,1.0,269.99,0.1,,,,,
,,order_items.csv,,,,,,,,,,,,483.0,,,,,,,1.0,17.0,1.0,429.0,0.07,,,,,
,,order_items.csv,,,,,,,,,,,,484.0,,,,,,,1.0,8.0,2.0,1799.99,0.1,,,,,
,,order_items.csv,,,,,,,,,,,,484.0,,,,,,,2.0,24.0,1.0,549.99,0.05,,,,,
,,order_items.csv,,,,,,,,,,,,484.0,,,,,,,3.0,9.0,2.0,2999.99,0.05,,,,,
,,order_items.csv,,,,,,,,,,,,484.0,,,,,,,4.0,6.0,1.0,469.99,0.2,,,,,
,,order_items.csv,,,,,,,,,,,,485.0,,,,,,,1.0,13.0,1.0,269.99,0.1,,,,,
,,order_items.csv,,,,,,,,,,,,485.0,,,,,,,2.0,26.0,2.0,599.99,0.05,,,,,
,,order_items.csv,,,,,,,,,,,,486.0,,,,,,,1.0,9.0,1.0,2999.99,0.07,,,,,
,,order_items.csv,,,,,,,,,,,,486.0,,,,,,,2.0,23.0,2.0,299.99,0.05,,,,,
,,order_items.csv,,,,,,,,,,,,487.0,,,,,,,1.0,6.0,1.0,469.99,0.2,,,,,
,,order_items.csv,,,,,,,,,,,,488.0,,,,,,,1.0,13.0,2.0,269.99,0.07,,,,,
,,order_items.csv,,,,,,,,,,,,488.0,,,,,,,2.0,23.0,2.0,299.99,0.05,,,,,
,,order_items.csv,,,,,,,,,,,,488.0,,,,,,,3.0,22.0,1.0,269.99,0.05,,,,,
,,order_items.csv,,,,,,,,,,,,489.0,,,,,,,1.0,8.0,2.0,1799.99,0.1,,,,,
,,order_items.csv,,,,,,,,,,,,490.0,,,,,,,1.0,12.0,1.0,549.99,0.1,,,,,
,,order_items.csv,,,,,,,,,,,,490.0,,,,,,,2.0,23.0,1.0,299.99,0.05,,,,,
,,order_items.csv,,,,,,,,,,,,490.0,,,,,,,3.0,14.0,1.0,269.99,0.1,,,,,
,,order_items.csv,,,,,,,,,,,,490.0,,,,,,,4.0,13.0,2.0,269.99,0.07,,,,,
,,order_items.csv,,,,,,,,,,,,491.0,,,,,,,1.0,9.0,2.0,2999.99,0.2,,,,,
,,order_items.csv,,,,,,,,,,,,491.0,,,,,,,2.0,21.0,2.0,269.99,0.05,,,,,
,,order_items.csv,,,,,,,,,,,,491.0,,,,,,,3.0,15.0,2.0,529.99,0.05,,,,,
,,order_items.csv,,,,,,,,,,,,492.0,,,,,,,1.0,6.0,1.0,469.99,0.1,,,,,
,,order_items.csv,,,,,,,,,,,,492.0,,,,,,,2.0,22.0,2.0,269.99,0.1,,,,,
,,order_items.csv,,,,,,,,,,,,492.0,,,,,,,3.0,26.0,1.0,599.99,0.05,,,,,
,,order_items.csv,,,,,,,,,,,,493.0,,,,,,,1.0,15.0,1.0,529.99,0.05,,,,,
,,order_items.csv,,,,,,,,,,,,493.0,,,,,,,2.0,18.0,2.0,449.0,0.05,,,,,
,,order_items.csv,,,,,,,,,,,,493.0,,,,,,,3.0,26.0,1.0,599.99,0.05,,,,,
,,order_items.csv,,,,,,,,,,,,494.0,,,,,,,1.0,23.0,1.0,299.99,0.1,,,,,
,,order_items.csv,,,,,,,,,,,,495.0,,,,,,,1.0,22.0,1.0,269.99,0.2,,,,,
,,order_items.csv,,,,,,,,,,,,495.0,,,,,,,2.0,9.0,1.0,2999.99,0.05,,,,,
,,order_items.csv,,,,,,,,,,,,496.0,,,,,,,1.0,23.0,1.0,299.99,0.2,,,,,
,,order_items.csv,,,,,,,,,,,,496.0,,,,,,,2.0,13.0,1.0,269.99,0.1,,,,,
,,order_items.csv,,,,,,,,,,,,496.0,,,,,,,3.0,21.0,2.0,269.99,0.2,,,,,
,,order_items.csv,,,,,,,,,,,,497.0,,,,,,,1.0,25.0,2.0,499.99,0.07,,,,,
,,order_items.csv,,,,,,,,,,,,498.0,,,,,,,1.0,24.0,1.0,549.99,0.07,,,,,
,,order_items.csv,,,,,,,,,,,,498.0,,,,,,,2.0,21.0,1.0,269.99,0.1,,,,,
,,order_items.csv,,,,,,,,,,,,498.0,,,,,,,3.0,10.0,1.0,1549.0,0.07,,,,,
,,order_items.csv,,,,,,,,,,,,499.0,,,,,,,1.0,11.0,1.0,1680.99,0.2,,,,,
,,order_items.csv,,,,,,,,,,,,499.0,,,,,,,2.0,15.0,1.0,529.99,0.07,,,,,
,,order_items.csv,,,,,,,,,,,,499.0,,,,,,,3.0,14.0,2.0,269.99,0.2,,,,,
,,order_items.csv,,,,,,,,,,,,499.0,,,,,,,4.0,20.0,2.0,599.99,0.1,,,,,
,,order_items.csv,,,,,,,,,,,,500.0,,,,,,,1.0,12.0,2.0,549.99,0.05,,,,,
,,order_items.csv,,,,,,,,,,,,500.0,,,,,,,2.0,14.0,1.0,269.99,0.2,,,,,
,,order_items.csv,,,,,,,,,,,,501.0,,,,,,,1.0,19.0,2.0,449.0,0.05,,,,,
,,order_items.csv,,,,,,,,,,,,501.0,,,,,,,2.0,8.0,1.0,1799.99,0.07,,,,,
,,order_items.csv,,,,,,,,,,,,501.0,,,,,,,3.0,14.0,1.0,269.99,0.1,,,,,
,,order_items.csv,,,,,,,,,,,,501.0,,,,,,,4.0,23.0,2.0,299.99,0.07,,,,,
,,order_items.csv,,,,,,,,,,,,502.0,,,,,,,1.0,13.0,1.0,269.99,0.05,,,,,
,,order_items.csv,,,,,,,,,,,,503.0,,,,,,,1.0,13.0,2.0,269.99,0.07,,,,,
,,order_items.csv,,,,,,,,,,,,503.0,,,,,,,2.0,10.0,1.0,1549.0,0.05,,,,,
,,order_items.csv,,,,,,,,,,,,504.0,,,,,,,1.0,24.0,2.0,549.99,0.1,,,,,
,,order_items.csv,,,,,,,,,,,,504.0,,,,,,,2.0,2.0,2.0,749.99,0.05,,,,,
,,order_items.csv,,,,,,,,,,,,505.0,,,,,,,1.0,26.0,1.0,599.99,0.2,,,,,
,,order_items.csv,,,,,,,,,,,,506.0,,,,,,,1.0,25.0,1.0,499.99,0.1,,,,,
,,order_items.csv,,,,,,,,,,,,506.0,,,,,,,2.0,7.0,1.0,3999.99,0.07,,,,,
,,order_items.csv,,,,,,,,,,,,507.0,,,,,,,1.0,11.0,2.0,1680.99,0.05,,,,,
,,order_items.csv,,,,,,,,,,,,507.0,,,,,,,2.0,13.0,2.0,269.99,0.07,,,,,
,,order_items.csv,,,,,,,,,,,,507.0,,,,,,,3.0,20.0,2.0,599.99,0.1,,,,,
,,order_items.csv,,,,,,,,,,,,508.0,,,,,,,1.0,8.0,1.0,1799.99,0.05,,,,,
,,order_items.csv,,,,,,,,,,,,508.0,,,,,,,2.0,2.0,2.0,749.99,0.05,,,,,
,,order_items.csv,,,,,,,,,,,,508.0,,,,,,,3.0,10.0,2.0,1549.0,0.05,,,,,
,,order_items.csv,,,,,,,,,,,,508.0,,,,,,,4.0,25.0,1.0,499.99,0.07,,,,,
,,order_items.csv,,,,,,,,,,,,509.0,,,,,,,1.0,23.0,2.0,299.99,0.2,,,,,
,,order_items.csv,,,,,,,,,,,,509.0,,,,,,,2.0,4.0,2.0,2899.99,0.05,,,,,
,,order_items.csv,,,,,,,,,,,,510.0,,,,,,,1.0,17.0,1.0,429.0,0.1,,,,,
,,order_items.csv,,,,,,,,,,,,511.0,,,,,,,1.0,22.0,2.0,269.99,0.05,,,,,
,,order_items.csv,,,,,,,,,,,,511.0,,,,,,,2.0,13.0,1.0,269.99,0.1,,,,,
,,order_items.csv,,,,,,,,,,,,512.0,,,,,,,1.0,21.0,1.0,269.99,0.07,,,,,
,,order_items.csv,,,,,,,,,,,,513.0,,,,,,,1.0,7.0,1.0,3999.99,0.07,,,,,
,,order_items.csv,,,,,,,,,,,,513.0,,,,,,,2.0,13.0,1.0,269.99,0.2,,,,,
,,order_items.csv,,,,,,,,,,,,513.0,,,,,,,3.0,23.0,1.0,299.99,0.07,,,,,
,,order_items.csv,,,,,,,,,,,,514.0,,,,,,,1.0,18.0,2.0,449.0,0.2,,,,,
,,order_items.csv,,,,,,,,,,,,514.0,,,,,,,2.0,17.0,2.0,429.0,0.07,,,,,
,,order_items.csv,,,,,,,,,,,,515.0,,,,,,,1.0,8.0,1.0,1799.99,0.07,,,,,
,,order_items.csv,,,,,,,,,,,,515.0,,,,,,,2.0,5.0,1.0,1320.99,0.1,,,,,
,,order_items.csv,,,,,,,,,,,,515.0,,,,,,,3.0,25.0,2.0,499.99,0.07,,,,,
,,order_items.csv,,,,,,,,,,,,515.0,,,,,,,4.0,6.0,2.0,469.99,0.2,,,,,
,,order_items.csv,,,,,,,,,,,,516.0,,,,,,,1.0,7.0,1.0,3999.99,0.05,,,,,
,,order_items.csv,,,,,,,,,,,,516.0,,,,,,,2.0,5.0,2.0,1320.99,0.1,,,,,
,,order_items.csv,,,,,,,,,,,,517.0,,,,,,,1.0,21.0,2.0,269.99,0.07,,,,,
,,order_items.csv,,,,,,,,,,,,518.0,,,,,,,1.0,16.0,2.0,599.99,0.2,,,,,
,,order_items.csv,,,,,,,,,,,,518.0,,,,,,,2.0,5.0,2.0,1320.99,0.05,,,,,
,,order_items.csv,,,,,,,,,,,,518.0,,,,,,,3.0,25.0,2.0,499.99,0.05,,,,,
,,order_items.csv,,,,,,,,,,,,518.0,,,,,,,4.0,15.0,2.0,529.99,0.2,,,,,
,,order_items.csv,,,,,,,,,,,,518.0,,,,,,,5.0,11.0,2.0,1680.99,0.07,,,,,
,,order_items.csv,,,,,,,,,,,,519.0,,,,,,,1.0,6.0,1.0,469.99,0.07,,,,,
,,order_items.csv,,,,,,,,,,,,519.0,,,,,,,2.0,16.0,1.0,599.99,0.1,,,,,
,,order_items.csv,,,,,,,,,,,,519.0,,,,,,,3.0,23.0,2.0,299.99,0.05,,,,,
,,order_items.csv,,,,,,,,,,,,519.0,,,,,,,4.0,18.0,2.0,449.0,0.2,,,,,
,,order_items.csv,,,,,,,,,,,,519.0,,,,,,,5.0,7.0,1.0,3999.99,0.05,,,,,
,,order_items.csv,,,,,,,,,,,,520.0,,,,,,,1.0,26.0,1.0,599.99,0.1,,,,,
,,order_items.csv,,,,,,,,,,,,520.0,,,,,,,2.0,24.0,1.0,549.99,0.2,,,,,
,,order_items.csv,,,,,,,,,,,,520.0,,,,,,,3.0,10.0,1.0,1549.0,0.07,,,,,
,,order_items.csv,,,,,,,,,,,,521.0,,,,,,,1.0,5.0,1.0,1320.99,0.2,,,,,
,,order_items.csv,,,,,,,,,,,,521.0,,,,,,,2.0,14.0,1.0,269.99,0.2,,,,,
,,order_items.csv,,,,,,,,,,,,522.0,,,,,,,1.0,4.0,2.0,2899.99,0.07,,,,,
,,order_items.csv,,,,,,,,,,,,522.0,,,,,,,2.0,22.0,2.0,269.99,0.07,,,,,
,,order_items.csv,,,,,,,,,,,,522.0,,,,,,,3.0,21.0,1.0,269.99,0.05,,,,,
,,order_items.csv,,,,,,,,,,,,523.0,,,,,,,1.0,12.0,1.0,549.99,0.2,,,,,
,,order_items.csv,,,,,,,,,,,,523.0,,,,,,,2.0,20.0,1.0,599.99,0.05,,,,,
,,order_items.csv,,,,,,,,,,,,523.0,,,,,,,3.0,5.0,2.0,1320.99,0.1,,,,,
,,order_items.csv,,,,,,,,,,,,523.0,,,,,,,4.0,16.0,2.0,599.99,0.07,,,,,
,,order_items.csv,,,,,,,,,,,,524.0,,,,,,,1.0,11.0,1.0,1680.99,0.07,,,,,
,,order_items.csv,,,,,,,,,,,,524.0,,,,,,,2.0,2.0,1.0,749.99,0.05,,,,,
,,order_items.csv,,,,,,,,,,,,524.0,,,,,,,3.0,9.0,1.0,2999.99,0.2,,,,,
,,order_items.csv,,,,,,,,,,,,524.0,,,,,,,4.0,3.0,2.0,999.99,0.07,,,,,
,,order_items.csv,,,,,,,,,,,,524.0,,,,,,,5.0,26.0,1.0,599.99,0.05,,,,,
,,order_items.csv,,,,,,,,,,,,525.0,,,,,,,1.0,9.0,2.0,2999.99,0.07,,,,,
,,order_items.csv,,,,,,,,,,,,525.0,,,,,,,2.0,6.0,2.0,469.99,0.07,,,,,
,,order_items.csv,,,,,,,,,,,,525.0,,,,,,,3.0,10.0,1.0,1549.0,0.1,,,,,
,,order_items.csv,,,,,,,,,,,,526.0,,,,,,,1.0,3.0,2.0,999.99,0.1,,,,,
,,order_items.csv,,,,,,,,,,,,526.0,,,,,,,2.0,8.0,1.0,1799.99,0.1,,,,,
,,order_items.csv,,,,,,,,,,,,526.0,,,,,,,3.0,21.0,1.0,269.99,0.05,,,,,
,,order_items.csv,,,,,,,,,,,,526.0,,,,,,,4.0,15.0,1.0,529.99,0.07,,,,,
,,order_items.csv,,,,,,,,,,,,527.0,,,,,,,1.0,18.0,2.0,449.0,0.07,,,,,
,,order_items.csv,,,,,,,,,,,,527.0,,,,,,,2.0,4.0,1.0,2899.99,0.2,,,,,
,,order_items.csv,,,,,,,,,,,,527.0,,,,,,,3.0,19.0,1.0,449.0,0.1,,,,,
,,order_items.csv,,,,,,,,,,,,527.0,,,,,,,4.0,9.0,2.0,2999.99,0.2,,,,,
,,order_items.csv,,,,,,,,,,,,528.0,,,,,,,1.0,21.0,2.0,269.99,0.05,,,,,
,,order_items.csv,,,,,,,,,,,,529.0,,,,,,,1.0,12.0,2.0,549.99,0.07,,,,,
,,order_items.csv,,,,,,,,,,,,530.0,,,,,,,1.0,2.0,2.0,749.99,0.05,,,,,
,,order_items.csv,,,,,,,,,,,,530.0,,,,,,,2.0,4.0,1.0,2899.99,0.07,,,,,
,,order_items.csv,,,,,,,,,,,,530.0,,,,,,,3.0,6.0,2.0,469.99,0.2,,,,,
,,order_items.csv,,,,,,,,,,,,531.0,,,,,,,1.0,6.0,1.0,469.99,0.2,,,,,
,,order_items.csv,,,,,,,,,,,,531.0,,,,,,,2.0,12.0,2.0,549.99,0.2,,,,,
,,order_items.csv,,,,,,,,,,,,531.0,,,,,,,3.0,25.0,1.0,499.99,0.07,,,,,
,,order_items.csv,,,,,,,,,,,,532.0,,,,,,,1.0,17.0,2.0,429.0,0.07,,,,,
,,order_items.csv,,,,,,,,,,,,532.0,,,,,,,2.0,16.0,2.0,599.99,0.2,,,,,
,,order_items.csv,,,,,,,,,,,,532.0,,,,,,,3.0,12.0,1.0,549.99,0.1,,,,,
,,order_items.csv,,,,,,,,,,,,533.0,,,,,,,1.0,4.0,1.0,2899.99,0.2,,,,,
,,order_items.csv,,,,,,,,,,,,533.0,,,,,,,2.0,12.0,2.0,549.99,0.1,,,,,
,,order_items.csv,,,,,,,,,,,,533.0,,,,,,,3.0,10.0,1.0,1549.0,0.2,,,,,
,,order_items.csv,,,,,,,,,,,,533.0,,,,,,,4.0,25.0,1.0,499.99,0.05,,,,,
,,order_items.csv,,,,,,,,,,,,534.0,,,,,,,1.0,21.0,2.0,269.99,0.05,,,,,
,,order_items.csv,,,,,,,,,,,,534.0,,,,,,,2.0,9.0,2.0,2999.99,0.05,,,,,
,,order_items.csv,,,,,,,,,,,,534.0,,,,,,,3.0,2.0,1.0,749.99,0.07,,,,,
,,order_items.csv,,,,,,,,,,,,534.0,,,,,,,4.0,24.0,2.0,549.99,0.1,,,,,
,,order_items.csv,,,,,,,,,,,,535.0,,,,,,,1.0,24.0,1.0,549.99,0.05,,,,,
,,order_items.csv,,,,,,,,,,,,535.0,,,,,,,2.0,15.0,1.0,529.99,0.1,,,,,
,,order_items.csv,,,,,,,,,,,,535.0,,,,,,,3.0,22.0,2.0,269.99,0.1,,,,,
,,order_items.csv,,,,,,,,,,,,536.0,,,,,,,1.0,22.0,1.0,269.99,0.1,,,,,
,,order_items.csv,,,,,,,,,,,,536.0,,,,,,,2.0,2.0,1.0,749.99,0.1,,,,,
,,order_items.csv,,,,,,,,,,,,536.0,,,,,,,3.0,12.0,2.0,549.99,0.05,,,,,
,,order_items.csv,,,,,,,,,,,,536.0,,,,,,,4.0,14.0,1.0,269.99,0.07,,,,,
,,order_items.csv,,,,,,,,,,,,537.0,,,,,,,1.0,10.0,1.0,1549.0,0.05,,,,,
,,order_items.csv,,,,,,,,,,,,537.0,,,,,,,2.0,26.0,1.0,599.99,0.05,,,,,
,,order_items.csv,,,,,,,,,,,,537.0,,,,,,,3.0,17.0,2.0,429.0,0.1,,,,,
,,order_items.csv,,,,,,,,,,,,537.0,,,,,,,4.0,25.0,2.0,499.99,0.2,,,,,
,,order_items.csv,,,,,,,,,,,,538.0,,,,,,,1.0,2.0,2.0,749.99,0.2,,,,,
,,order_items.csv,,,,,,,,,,,,539.0,,,,,,,1.0,9.0,2.0,2999.99,0.1,,,,,
,,order_items.csv,,,,,,,,,,,,539.0,,,,,,,2.0,23.0,1.0,299.99,0.05,,,,,
,,order_items.csv,,,,,,,,,,,,539.0,,,,,,,3.0,21.0,2.0,269.99,0.07,,,,,
,,order_items.csv,,,,,,,,,,,,540.0,,,,,,,1.0,19.0,1.0,449.0,0.1,,,,,
,,order_items.csv,,,,,,,,,,,,540.0,,,,,,,2.0,26.0,2.0,599.99,0.1,,,,,
,,order_items.csv,,,,,,,,,,,,540.0,,,,,,,3.0,23.0,2.0,299.99,0.07,,,,,
,,order_items.csv,,,,,,,,,,,,541.0,,,,,,,1.0,22.0,2.0,269.99,0.05,,,,,
,,order_items.csv,,,,,,,,,,,,542.0,,,,,,,1.0,16.0,2.0,599.99,0.2,,,,,
,,order_items.csv,,,,,,,,,,,,542.0,,,,,,,2.0,9.0,1.0,2999.99,0.1,,,,,
,,order_items.csv,,,,,,,,,,,,542.0,,,,,,,3.0,20.0,1.0,599.99,0.1,,,,,
,,order_items.csv,,,,,,,,,,,,542.0,,,,,,,4.0,19.0,2.0,449.0,0.2,,,,,
,,order_items.csv,,,,,,,,,,,,543.0,,,,,,,1.0,25.0,1.0,499.99,0.2,,,,,
,,order_items.csv,,,,,,,,,,,,543.0,,,,,,,2.0,18.0,1.0,449.0,0.2,,,,,
,,order_items.csv,,,,,,,,,,,,543.0,,,,,,,3.0,26.0,2.0,599.99,0.05,,,,,
,,order_items.csv,,,,,,,,,,,,544.0,,,,,,,1.0,12.0,1.0,549.99,0.05,,,,,
,,order_items.csv,,,,,,,,,,,,544.0,,,,,,,2.0,17.0,1.0,429.0,0.1,,,,,
,,order_items.csv,,,,,,,,,,,,544.0,,,,,,,3.0,21.0,1.0,269.99,0.05,,,,,
,,order_items.csv,,,,,,,,,,,,545.0,,,,,,,1.0,25.0,2.0,499.99,0.2,,,,,
,,order_items.csv,,,,,,,,,,,,545.0,,,,,,,2.0,6.0,1.0,469.99,0.07,,,,,
,,order_items.csv,,,,,,,,,,,,545.0,,,,,,,3.0,24.0,1.0,549.99,0.2,,,,,
,,order_items.csv,,,,,,,,,,,,545.0,,,,,,,4.0,20.0,2.0,599.99,0.07,,,,,
,,order_items.csv,,,,,,,,,,,,546.0,,,,,,,1.0,17.0,2.0,429.0,0.05,,,,,
,,order_items.csv,,,,,,,,,,,,546.0,,,,,,,2.0,8.0,1.0,1799.99,0.1,,,,,
,,order_items.csv,,,,,,,,,,,,546.0,,,,,,,3.0,18.0,2.0,449.0,0.07,,,,,
,,order_items.csv,,,,,,,,,,,,547.0,,,,,,,1.0,11.0,2.0,1680.99,0.05,,,,,
,,order_items.csv,,,,,,,,,,,,547.0,,,,,,,2.0,9.0,1.0,2999.99,0.2,,,,,
,,order_items.csv,,,,,,,,,,,,547.0,,,,,,,3.0,5.0,1.0,1320.99,0.1,,,,,
,,order_items.csv,,,,,,,,,,,,548.0,,,,,,,1.0,8.0,1.0,1799.99,0.1,,,,,
,,order_items.csv,,,,,,,,,,,,548.0,,,,,,,2.0,11.0,2.0,1680.99,0.07,,,,,
,,order_items.csv,,,,,,,,,,,,549.0,,,,,,,1.0,15.0,1.0,529.99,0.07,,,,,
,,order_items.csv,,,,,,,,,,,,549.0,,,,,,,2.0,16.0,1.0,599.99,0.05,,,,,
,,order_items.csv,,,,,,,,,,,,549.0,,,,,,,3.0,3.0,1.0,999.99,0.07,,,,,
,,order_items.csv,,,,,,,,,,,,549.0,,,,,,,4.0,7.0,1.0,3999.99,0.05,,,,,
,,order_items.csv,,,,,,,,,,,,549.0,,,,,,,5.0,13.0,2.0,269.99,0.1,,,,,
,,order_items.csv,,,,,,,,,,,,550.0,,,,,,,1.0,4.0,1.0,2899.99,0.05,,,,,
,,order_items.csv,,,,,,,,,,,,551.0,,,,,,,1.0,16.0,1.0,599.99,0.05,,,,,
,,order_items.csv,,,,,,,,,,,,551.0,,,,,,,2.0,26.0,1.0,599.99,0.07,,,,,
,,order_items.csv,,,,,,,,,,,,551.0,,,,,,,3.0,11.0,2.0,1680.99,0.2,,,,,
,,order_items.csv,,,,,,,,,,,,551.0,,,,,,,4.0,15.0,2.0,529.99,0.2,,,,,
,,order_items.csv,,,,,,,,,,,,552.0,,,,,,,1.0,23.0,1.0,299.99,0.2,,,,,
,,order_items.csv,,,,,,,,,,,,552.0,,,,,,,2.0,2.0,1.0,749.99,0.2,,,,,
,,order_items.csv,,,,,,,,,,,,552.0,,,,,,,3.0,24.0,1.0,549.99,0.2,,,,,
,,order_items.csv,,,,,,,,,,,,552.0,,,,,,,4.0,18.0,1.0,449.0,0.1,,,,,
,,order_items.csv,,,,,,,,,,,,552.0,,,,,,,5.0,19.0,2.0,449.0,0.2,,,,,
,,order_items.csv,,,,,,,,,,,,553.0,,,,,,,1.0,24.0,1.0,549.99,0.1,,,,,
,,order_items.csv,,,,,,,,,,,,553.0,,,,,,,2.0,18.0,2.0,449.0,0.07,,,,,
,,order_items.csv,,,,,,,,,,,,553.0,,,,,,,3.0,12.0,1.0,549.99,0.07,,,,,
,,order_items.csv,,,,,,,,,,,,554.0,,,,,,,1.0,3.0,2.0,999.99,0.07,,,,,
,,order_items.csv,,,,,,,,,,,,554.0,,,,,,,2.0,22.0,1.0,269.99,0.05,,,,,
,,order_items.csv,,,,,,,,,,,,554.0,,,,,,,3.0,4.0,2.0,2899.99,0.2,,,,,
,,order_items.csv,,,,,,,,,,,,555.0,,,,,,,1.0,8.0,1.0,1799.99,0.2,,,,,
,,order_items.csv,,,,,,,,,,,,555.0,,,,,,,2.0,7.0,1.0,3999.99,0.1,,,,,
,,order_items.csv,,,,,,,,,,,,555.0,,,,,,,3.0,20.0,2.0,599.99,0.07,,,,,
,,order_items.csv,,,,,,,,,,,,556.0,,,,,,,1.0,16.0,1.0,599.99,0.1,,,,,
,,order_items.csv,,,,,,,,,,,,556.0,,,,,,,2.0,4.0,2.0,2899.99,0.2,,,,,
,,order_items.csv,,,,,,,,,,,,557.0,,,,,,,1.0,9.0,2.0,2999.99,0.1,,,,,
,,order_items.csv,,,,,,,,,,,,557.0,,,,,,,2.0,10.0,1.0,1549.0,0.1,,,,,
,,order_items.csv,,,,,,,,,,,,558.0,,,,,,,1.0,7.0,1.0,3999.99,0.07,,,,,
,,order_items.csv,,,,,,,,,,,,558.0,,,,,,,2.0,16.0,1.0,599.99,0.07,,,,,
,,order_items.csv,,,,,,,,,,,,558.0,,,,,,,3.0,9.0,1.0,2999.99,0.1,,,,,
,,order_items.csv,,,,,,,,,,,,558.0,,,,,,,4.0,21.0,2.0,269.99,0.05,,,,,
,,order_items.csv,,,,,,,,,,,,558.0,,,,,,,5.0,10.0,2.0,1549.0,0.07,,,,,
,,order_items.csv,,,,,,,,,,,,559.0,,,,,,,1.0,15.0,2.0,529.99,0.1,,,,,
,,order_items.csv,,,,,,,,,,,,559.0,,,,,,,2.0,6.0,1.0,469.99,0.1,,,,,
,,order_items.csv,,,,,,,,,,,,559.0,,,,,,,3.0,7.0,2.0,3999.99,0.07,,,,,
,,order_items.csv,,,,,,,,,,,,560.0,,,,,,,1.0,16.0,1.0,599.99,0.05,,,,,
,,order_items.csv,,,,,,,,,,,,560.0,,,,,,,2.0,26.0,2.0,599.99,0.1,,,,,
,,order_items.csv,,,,,,,,,,,,561.0,,,,,,,1.0,15.0,2.0,529.99,0.05,,,,,
,,order_items.csv,,,,,,,,,,,,561.0,,,,,,,2.0,18.0,1.0,449.0,0.05,,,,,
,,order_items.csv,,,,,,,,,,,,561.0,,,,,,,3.0,5.0,1.0,1320.99,0.05,,,,,
,,order_items.csv,,,,,,,,,,,,561.0,,,,,,,4.0,17.0,2.0,429.0,0.07,,,,,
,,order_items.csv,,,,,,,,,,,,562.0,,,,,,,1.0,25.0,2.0,499.99,0.07,,,,,
,,order_items.csv,,,,,,,,,,,,562.0,,,,,,,2.0,26.0,1.0,599.99,0.05,,,,,
,,order_items.csv,,,,,,,,,,,,563.0,,,,,,,1.0,6.0,2.0,469.99,0.1,,,,,
,,order_items.csv,,,,,,,,,,,,563.0,,,,,,,2.0,19.0,1.0,449.0,0.05,,,,,
,,order_items.csv,,,,,,,,,,,,563.0,,,,,,,3.0,13.0,2.0,269.99,0.1,,,,,
,,order_items.csv,,,,,,,,,,,,564.0,,,,,,,1.0,4.0,1.0,2899.99,0.2,,,,,
,,order_items.csv,,,,,,,,,,,,564.0,,,,,,,2.0,15.0,1.0,529.99,0.2,,,,,
,,order_items.csv,,,,,,,,,,,,565.0,,,,,,,1.0,18.0,1.0,449.0,0.2,,,,,
,,order_items.csv,,,,,,,,,,,,565.0,,,,,,,2.0,25.0,2.0,499.99,0.1,,,,,
,,order_items.csv,,,,,,,,,,,,565.0,,,,,,,3.0,9.0,1.0,2999.99,0.05,,,,,
,,order_items.csv,,,,,,,,,,,,565.0,,,,,,,4.0,17.0,1.0,429.0,0.1,,,,,
,,order_items.csv,,,,,,,,,,,,566.0,,,,,,,1.0,24.0,2.0,549.99,0.07,,,,,
,,order_items.csv,,,,,,,,,,,,566.0,,,,,,,2.0,7.0,2.0,3999.99,0.2,,,,,
,,order_items.csv,,,,,,,,,,,,566.0,,,,,,,3.0,8.0,1.0,1799.99,0.1,,,,,
,,order_items.csv,,,,,,,,,,,,566.0,,,,,,,4.0,21.0,2.0,269.99,0.2,,,,,
,,order_items.csv,,,,,,,,,,,,567.0,,,,,,,1.0,9.0,1.0,2999.99,0.2,,,,,
,,order_items.csv,,,,,,,,,,,,567.0,,,,,,,2.0,5.0,1.0,1320.99,0.07,,,,,
,,order_items.csv,,,,,,,,,,,,568.0,,,,,,,1.0,5.0,1.0,1320.99,0.05,,,,,
,,order_items.csv,,,,,,,,,,,,568.0,,,,,,,2.0,10.0,1.0,1549.0,0.05,,,,,
,,order_items.csv,,,,,,,,,,,,569.0,,,,,,,1.0,16.0,1.0,599.99,0.05,,,,,
,,order_items.csv,,,,,,,,,,,,569.0,,,,,,,2.0,24.0,2.0,549.99,0.1,,,,,
,,order_items.csv,,,,,,,,,,,,570.0,,,,,,,1.0,18.0,1.0,449.0,0.07,,,,,
,,order_items.csv,,,,,,,,,,,,570.0,,,,,,,2.0,24.0,2.0,549.99,0.1,,,,,
,,order_items.csv,,,,,,,,,,,,570.0,,,,,,,3.0,3.0,2.0,999.99,0.2,,,,,
,,order_items.csv,,,,,,,,,,,,570.0,,,,,,,4.0,11.0,1.0,1680.99,0.1,,,,,
,,order_items.csv,,,,,,,,,,,,570.0,,,,,,,5.0,16.0,1.0,599.99,0.05,,,,,
,,order_items.csv,,,,,,,,,,,,571.0,,,,,,,1.0,4.0,1.0,2899.99,0.05,,,,,
,,order_items.csv,,,,,,,,,,,,571.0,,,,,,,2.0,9.0,1.0,2999.99,0.1,,,,,
,,order_items.csv,,,,,,,,,,,,572.0,,,,,,,1.0,3.0,1.0,999.99,0.05,,,,,
,,order_items.csv,,,,,,,,,,,,572.0,,,,,,,2.0,13.0,2.0,269.99,0.1,,,,,
,,order_items.csv,,,,,,,,,,,,572.0,,,,,,,3.0,11.0,2.0,1680.99,0.2,,,,,
,,order_items.csv,,,,,,,,,,,,573.0,,,,,,,1.0,2.0,1.0,749.99,0.2,,,,,
,,order_items.csv,,,,,,,,,,,,574.0,,,,,,,1.0,26.0,1.0,599.99,0.05,,,,,
,,order_items.csv,,,,,,,,,,,,574.0,,,,,,,2.0,13.0,2.0,269.99,0.1,,,,,
,,order_items.csv,,,,,,,,,,,,574.0,,,,,,,3.0,12.0,2.0,549.99,0.1,,,,,
,,order_items.csv,,,,,,,,,,,,574.0,,,,,,,4.0,23.0,2.0,299.99,0.1,,,,,
,,order_items.csv,,,,,,,,,,,,574.0,,,,,,,5.0,11.0,2.0,1680.99,0.05,,,,,
,,order_items.csv,,,,,,,,,,,,575.0,,,,,,,1.0,4.0,2.0,2899.99,0.07,,,,,
,,order_items.csv,,,,,,,,,,,,575.0,,,,,,,2.0,12.0,1.0,549.99,0.2,,,,,
,,order_items.csv,,,,,,,,,,,,576.0,,,,,,,1.0,9.0,1.0,2999.99,0.1,,,,,
,,order_items.csv,,,,,,,,,,,,577.0,,,,,,,1.0,3.0,2.0,999.99,0.2,,,,,
,,order_items.csv,,,,,,,,,,,,578.0,,,,,,,1.0,21.0,1.0,269.99,0.07,,,,,
,,order_items.csv,,,,,,,,,,,,578.0,,,,,,,2.0,25.0,2.0,499.99,0.2,,,,,
,,order_items.csv,,,,,,,,,,,,578.0,,,,,,,3.0,18.0,2.0,449.0,0.05,,,,,
,,order_items.csv,,,,,,,,,,,,578.0,,,,,,,4.0,8.0,2.0,1799.99,0.2,,,,,
,,order_items.csv,,,,,,,,,,,,579.0,,,,,,,1.0,7.0,2.0,3999.99,0.05,,,,,
,,order_items.csv,,,,,,,,,,,,579.0,,,,,,,2.0,6.0,1.0,469.99,0.2,,,,,
,,order_items.csv,,,,,,,,,,,,580.0,,,,,,,1.0,16.0,2.0,599.99,0.2,,,,,
,,order_items.csv,,,,,,,,,,,,580.0,,,,,,,2.0,15.0,1.0,529.99,0.07,,,,,
,,order_items.csv,,,,,,,,,,,,580.0,,,,,,,3.0,21.0,2.0,269.99,0.2,,,,,
,,order_items.csv,,,,,,,,,,,,580.0,,,,,,,4.0,9.0,2.0,2999.99,0.07,,,,,
,,order_items.csv,,,,,,,,,,,,580.0,,,,,,,5.0,19.0,1.0,449.0,0.2,,,,,
,,order_items.csv,,,,,,,,,,,,581.0,,,,,,,1.0,8.0,2.0,1799.99,0.07,,,,,
,,order_items.csv,,,,,,,,,,,,582.0,,,,,,,1.0,10.0,2.0,1549.0,0.2,,,,,
,,order_items.csv,,,,,,,,,,,,582.0,,,,,,,2.0,17.0,2.0,429.0,0.07,,,,,
,,order_items.csv,,,,,,,,,,,,583.0,,,,,,,1.0,15.0,2.0,529.99,0.2,,,,,
,,order_items.csv,,,,,,,,,,,,584.0,,,,,,,1.0,19.0,1.0,449.0,0.07,,,,,
,,order_items.csv,,,,,,,,,,,,584.0,,,,,,,2.0,23.0,1.0,299.99,0.07,,,,,
,,order_items.csv,,,,,,,,,,,,584.0,,,,,,,3.0,15.0,1.0,529.99,0.1,,,,,
,,order_items.csv,,,,,,,,,,,,584.0,,,,,,,4.0,22.0,1.0,269.99,0.05,,,,,
,,order_items.csv,,,,,,,,,,,,584.0,,,,,,,5.0,8.0,2.0,1799.99,0.07,,,,,
,,order_items.csv,,,,,,,,,,,,585.0,,,,,,,1.0,10.0,1.0,1549.0,0.2,,,,,
,,order_items.csv,,,,,,,,,,,,585.0,,,,,,,2.0,18.0,2.0,449.0,0.2,,,,,
,,order_items.csv,,,,,,,,,,,,585.0,,,,,,,3.0,15.0,1.0,529.99,0.05,,,,,
,,order_items.csv,,,,,,,,,,,,585.0,,,,,,,4.0,12.0,2.0,549.99,0.07,,,,,
,,order_items.csv,,,,,,,,,,,,586.0,,,,,,,1.0,11.0,2.0,1680.99,0.1,,,,,
,,order_items.csv,,,,,,,,,,,,586.0,,,,,,,2.0,23.0,2.0,299.99,0.2,,,,,
,,order_items.csv,,,,,,,,,,,,587.0,,,,,,,1.0,24.0,1.0,549.99,0.05,,,,,
,,order_items.csv,,,,,,,,,,,,587.0,,,,,,,2.0,23.0,1.0,299.99,0.05,,,,,
,,order_items.csv,,,,,,,,,,,,587.0,,,,,,,3.0,18.0,1.0,449.0,0.05,,,,,
,,order_items.csv,,,,,,,,,,,,587.0,,,,,,,4.0,21.0,1.0,269.99,0.2,,,,,
,,order_items.csv,,,,,,,,,,,,588.0,,,,,,,1.0,10.0,2.0,1549.0,0.07,,,,,
,,order_items.csv,,,,,,,,,,,,588.0,,,,,,,2.0,23.0,1.0,299.99,0.2,,,,,
,,order_items.csv,,,,,,,,,,,,589.0,,,,,,,1.0,15.0,2.0,529.99,0.05,,,,,
,,order_items.csv,,,,,,,,,,,,590.0,,,,,,,1.0,2.0,2.0,749.99,0.1,,,,,
,,order_items.csv,,,,,,,,,,,,590.0,,,,,,,2.0,20.0,1.0,599.99,0.07,,,,,
,,order_items.csv,,,,,,,,,,,,590.0,,,,,,,3.0,8.0,2.0,1799.99,0.05,,,,,
,,order_items.csv,,,,,,,,,,,,590.0,,,,,,,4.0,5.0,2.0,1320.99,0.1,,,,,
,,order_items.csv,,,,,,,,,,,,590.0,,,,,,,5.0,24.0,1.0,549.99,0.1,,,,,
,,order_items.csv,,,,,,,,,,,,591.0,,,,,,,1.0,16.0,2.0,599.99,0.05,,,,,
,,order_items.csv,,,,,,,,,,,,591.0,,,,,,,2.0,25.0,2.0,499.99,0.05,,,,,
,,order_items.csv,,,,,,,,,,,,591.0,,,,,,,3.0,2.0,2.0,749.99,0.1,,,,,
,,order_items.csv,,,,,,,,,,,,592.0,,,,,,,1.0,21.0,2.0,269.99,0.1,,,,,
,,order_items.csv,,,,,,,,,,,,592.0,,,,,,,2.0,16.0,1.0,599.99,0.05,,,,,
,,order_items.csv,,,,,,,,,,,,592.0,,,,,,,3.0,18.0,2.0,449.0,0.07,,,,,
,,order_items.csv,,,,,,,,,,,,593.0,,,,,,,1.0,3.0,2.0,999.99,0.1,,,,,
,,order_items.csv,,,,,,,,,,,,593.0,,,,,,,2.0,25.0,1.0,499.99,0.07,,,,,
,,order_items.csv,,,,,,,,,,,,594.0,,,,,,,1.0,26.0,1.0,599.99,0.1,,,,,
,,order_items.csv,,,,,,,,,,,,594.0,,,,,,,2.0,21.0,2.0,269.99,0.05,,,,,
,,order_items.csv,,,,,,,,,,,,595.0,,,,,,,1.0,4.0,1.0,2899.99,0.07,,,,,
,,order_items.csv,,,,,,,,,,,,595.0,,,,,,,2.0,19.0,2.0,449.0,0.07,,,,,
,,order_items.csv,,,,,,,,,,,,595.0,,,,,,,3.0,3.0,1.0,999.99,0.07,,,,,
,,order_items.csv,,,,,,,,,,,,595.0,,,,,,,4.0,10.0,1.0,1549.0,0.07,,,,,
,,order_items.csv,,,,,,,,,,,,595.0,,,,,,,5.0,26.0,2.0,599.99,0.05,,,,,
,,order_items.csv,,,,,,,,,,,,596.0,,,,,,,1.0,5.0,1.0,1320.99,0.05,,,,,
,,order_items.csv,,,,,,,,,,,,596.0,,,,,,,2.0,23.0,2.0,299.99,0.1,,,,,
,,order_items.csv,,,,,,,,,,,,596.0,,,,,,,3.0,9.0,1.0,2999.99,0.05,,,,,
,,order_items.csv,,,,,,,,,,,,597.0,,,,,,,1.0,17.0,2.0,429.0,0.2,,,,,
,,order_items.csv,,,,,,,,,,,,597.0,,,,,,,2.0,8.0,1.0,1799.99,0.07,,,,,
,,order_items.csv,,,,,,,,,,,,598.0,,,,,,,1.0,4.0,2.0,2899.99,0.05,,,,,
,,order_items.csv,,,,,,,,,,,,598.0,,,,,,,2.0,16.0,2.0,599.99,0.07,,,,,
,,order_items.csv,,,,,,,,,,,,598.0,,,,,,,3.0,14.0,1.0,269.99,0.1,,,,,
,,order_items.csv,,,,,,,,,,,,599.0,,,,,,,1.0,9.0,2.0,2999.99,0.05,,,,,
,,order_items.csv,,,,,,,,,,,,599.0,,,,,,,2.0,22.0,2.0,269.99,0.2,,,,,
,,order_items.csv,,,,,,,,,,,,599.0,,,,,,,3.0,23.0,1.0,299.99,0.07,,,,,
,,order_items.csv,,,,,,,,,,,,599.0,,,,,,,4.0,10.0,2.0,1549.0,0.1,,,,,
,,order_items.csv,,,,,,,,,,,,600.0,,,,,,,1.0,26.0,2.0,599.99,0.07,,,,,
,,order_items.csv,,,,,,,,,,,,600.0,,,,,,,2.0,4.0,1.0,2899.99,0.2,,,,,
,,order_items.csv,,,,,,,,,,,,600.0,,,,,,,3.0,18.0,2.0,449.0,0.07,,,,,
,,order_items.csv,,,,,,,,,,,,601.0,,,,,,,1.0,12.0,2.0,549.99,0.2,,,,,
,,order_items.csv,,,,,,,,,,,,602.0,,,,,,,1.0,15.0,2.0,529.99,0.05,,,,,
,,order_items.csv,,,,,,,,,,,,602.0,,,,,,,2.0,5.0,2.0,1320.99,0.07,,,,,
,,order_items.csv,,,,,,,,,,,,603.0,,,,,,,1.0,12.0,1.0,549.99,0.07,,,,,
,,order_items.csv,,,,,,,,,,,,603.0,,,,,,,2.0,4.0,1.0,2899.99,0.1,,,,,
,,order_items.csv,,,,,,,,,,,,604.0,,,,,,,1.0,10.0,2.0,1549.0,0.07,,,,,
,,order_items.csv,,,,,,,,,,,,604.0,,,,,,,2.0,9.0,2.0,2999.99,0.2,,,,,
,,order_items.csv,,,,,,,,,,,,605.0,,,,,,,1.0,19.0,1.0,449.0,0.07,,,,,
,,order_items.csv,,,,,,,,,,,,605.0,,,,,,,2.0,25.0,2.0,499.99,0.05,,,,,
,,order_items.csv,,,,,,,,,,,,605.0,,,,,,,3.0,13.0,2.0,269.99,0.2,,,,,
,,order_items.csv,,,,,,,,,,,,605.0,,,,,,,4.0,11.0,1.0,1680.99,0.2,,,,,
,,order_items.csv,,,,,,,,,,,,606.0,,,,,,,1.0,6.0,2.0,469.99,0.2,,,,,
,,order_items.csv,,,,,,,,,,,,606.0,,,,,,,2.0,18.0,2.0,449.0,0.05,,,,,
,,order_items.csv,,,,,,,,,,,,607.0,,,,,,,1.0,11.0,2.0,1680.99,0.2,,,,,
,,order_items.csv,,,,,,,,,,,,607.0,,,,,,,2.0,26.0,2.0,599.99,0.2,,,,,
,,order_items.csv,,,,,,,,,,,,607.0,,,,,,,3.0,14.0,1.0,269.99,0.07,,,,,
,,order_items.csv,,,,,,,,,,,,608.0,,,,,,,1.0,4.0,2.0,2899.99,0.2,,,,,
,,order_items.csv,,,,,,,,,,,,608.0,,,,,,,2.0,7.0,2.0,3999.99,0.1,,,,,
,,order_items.csv,,,,,,,,,,,,608.0,,,,,,,3.0,24.0,1.0,549.99,0.1,,,,,
,,order_items.csv,,,,,,,,,,,,609.0,,,,,,,1.0,10.0,1.0,1549.0,0.07,,,,,
,,order_items.csv,,,,,,,,,,,,609.0,,,,,,,2.0,7.0,1.0,3999.99,0.1,,,,,
,,order_items.csv,,,,,,,,,,,,609.0,,,,,,,3.0,22.0,2.0,269.99,0.1,,,,,
,,order_items.csv,,,,,,,,,,,,609.0,,,,,,,4.0,5.0,1.0,1320.99,0.1,,,,,
,,order_items.csv,,,,,,,,,,,,610.0,,,,,,,1.0,26.0,1.0,599.99,0.1,,,,,
,,order_items.csv,,,,,,,,,,,,610.0,,,,,,,2.0,24.0,1.0,549.99,0.07,,,,,
,,order_items.csv,,,,,,,,,,,,610.0,,,,,,,3.0,18.0,2.0,449.0,0.07,,,,,
,,order_items.csv,,,,,,,,,,,,610.0,,,,,,,4.0,3.0,1.0,999.99,0.07,,,,,
,,order_items.csv,,,,,,,,,,,,610.0,,,,,,,5.0,8.0,1.0,1799.99,0.1,,,,,
,,order_items.csv,,,,,,,,,,,,611.0,,,,,,,1.0,16.0,2.0,599.99,0.07,,,,,
,,order_items.csv,,,,,,,,,,,,612.0,,,,,,,1.0,13.0,1.0,269.99,0.1,,,,,
,,order_items.csv,,,,,,,,,,,,612.0,,,,,,,2.0,14.0,1.0,269.99,0.1,,,,,
,,order_items.csv,,,,,,,,,,,,612.0,,,,,,,3.0,17.0,1.0,429.0,0.07,,,,,
,,order_items.csv,,,,,,,,,,,,612.0,,,,,,,4.0,20.0,1.0,599.99,0.2,,,,,
,,order_items.csv,,,,,,,,,,,,613.0,,,,,,,1.0,9.0,2.0,2999.99,0.1,,,,,
,,order_items.csv,,,,,,,,,,,,613.0,,,,,,,2.0,18.0,2.0,449.0,0.05,,,,,
,,order_items.csv,,,,,,,,,,,,613.0,,,,,,,3.0,12.0,1.0,549.99,0.07,,,,,
,,order_items.csv,,,,,,,,,,,,614.0,,,,,,,1.0,18.0,1.0,449.0,0.1,,,,,
,,order_items.csv,,,,,,,,,,,,614.0,,,,,,,2.0,21.0,1.0,269.99,0.05,,,,,
,,order_items.csv,,,,,,,,,,,,615.0,,,,,,,1.0,11.0,1.0,1680.99,0.07,,,,,
,,order_items.csv,,,,,,,,,,,,615.0,,,,,,,2.0,23.0,1.0,299.99,0.05,,,,,
,,order_items.csv,,,,,,,,,,,,615.0,,,,,,,3.0,6.0,2.0,469.99,0.1,,,,,
,,order_items.csv,,,,,,,,,,,,615.0,,,,,,,4.0,19.0,2.0,449.0,0.1,,,,,
,,order_items.csv,,,,,,,,,,,,616.0,,,,,,,1.0,24.0,1.0,549.99,0.2,,,,,
,,order_items.csv,,,,,,,,,,,,616.0,,,,,,,2.0,16.0,2.0,599.99,0.2,,,,,
,,order_items.csv,,,,,,,,,,,,617.0,,,,,,,1.0,15.0,2.0,529.99,0.2,,,,,
,,order_items.csv,,,,,,,,,,,,617.0,,,,,,,2.0,11.0,2.0,1680.99,0.07,,,,,
,,order_items.csv,,,,,,,,,,,,618.0,,,,,,,1.0,17.0,2.0,429.0,0.1,,,,,
,,order_items.csv,,,,,,,,,,,,618.0,,,,,,,2.0,11.0,1.0,1680.99,0.07,,,,,
,,order_items.csv,,,,,,,,,,,,619.0,,,,,,,1.0,25.0,1.0,499.99,0.07,,,,,
,,order_items.csv,,,,,,,,,,,,620.0,,,,,,,1.0,5.0,2.0,1320.99,0.2,,,,,
,,order_items.csv,,,,,,,,,,,,621.0,,,,,,,1.0,17.0,2.0,429.0,0.07,,,,,
,,order_items.csv,,,,,,,,,,,,622.0,,,,,,,1.0,9.0,2.0,2999.99,0.07,,,,,
,,order_items.csv,,,,,,,,,,,,622.0,,,,,,,2.0,18.0,1.0,449.0,0.1,,,,,
,,order_items.csv,,,,,,,,,,,,622.0,,,,,,,3.0,10.0,1.0,1549.0,0.2,,,,,
,,order_items.csv,,,,,,,,,,,,622.0,,,,,,,4.0,25.0,1.0,499.99,0.07,,,,,
,,order_items.csv,,,,,,,,,,,,623.0,,,,,,,1.0,8.0,1.0,1799.99,0.07,,,,,
,,order_items.csv,,,,,,,,,,,,624.0,,,,,,,1.0,21.0,2.0,269.99,0.05,,,,,
,,order_items.csv,,,,,,,,,,,,624.0,,,,,,,2.0,16.0,1.0,599.99,0.07,,,,,
,,order_items.csv,,,,,,,,,,,,624.0,,,,,,,3.0,22.0,1.0,269.99,0.07,,,,,
,,order_items.csv,,,,,,,,,,,,624.0,,,,,,,4.0,14.0,2.0,269.99,0.2,,,,,
,,order_items.csv,,,,,,,,,,,,625.0,,,,,,,1.0,17.0,1.0,429.0,0.07,,,,,
,,order_items.csv,,,,,,,,,,,,625.0,,,,,,,2.0,11.0,2.0,1680.99,0.2,,,,,
,,order_items.csv,,,,,,,,,,,,625.0,,,,,,,3.0,26.0,1.0,599.99,0.07,,,,,
,,order_items.csv,,,,,,,,,,,,625.0,,,,,,,4.0,23.0,2.0,299.99,0.1,,,,,
,,order_items.csv,,,,,,,,,,,,626.0,,,,,,,1.0,15.0,1.0,529.99,0.2,,,,,
,,order_items.csv,,,,,,,,,,,,627.0,,,,,,,1.0,19.0,1.0,449.0,0.07,,,,,
,,order_items.csv,,,,,,,,,,,,627.0,,,,,,,2.0,9.0,2.0,2999.99,0.2,,,,,
,,order_items.csv,,,,,,,,,,,,627.0,,,,,,,3.0,26.0,1.0,599.99,0.07,,,,,
,,order_items.csv,,,,,,,,,,,,628.0,,,,,,,1.0,15.0,2.0,529.99,0.1,,,,,
,,order_items.csv,,,,,,,,,,,,629.0,,,,,,,1.0,19.0,1.0,449.0,0.05,,,,,
,,order_items.csv,,,,,,,,,,,,629.0,,,,,,,2.0,5.0,2.0,1320.99,0.05,,,,,
,,order_items.csv,,,,,,,,,,,,629.0,,,,,,,3.0,23.0,2.0,299.99,0.1,,,,,
,,order_items.csv,,,,,,,,,,,,629.0,,,,,,,4.0,14.0,2.0,269.99,0.05,,,,,
,,order_items.csv,,,,,,,,,,,,629.0,,,,,,,5.0,6.0,2.0,469.99,0.1,,,,,
,,order_items.csv,,,,,,,,,,,,630.0,,,,,,,1.0,5.0,1.0,1320.99,0.05,,,,,
,,order_items.csv,,,,,,,,,,,,630.0,,,,,,,2.0,25.0,1.0,499.99,0.1,,,,,
,,order_items.csv,,,,,,,,,,,,630.0,,,,,,,3.0,18.0,2.0,449.0,0.1,,,,,
,,order_items.csv,,,,,,,,,,,,630.0,,,,,,,4.0,21.0,2.0,269.99,0.07,,,,,
,,order_items.csv,,,,,,,,,,,,631.0,,,,,,,1.0,24.0,2.0,549.99,0.07,,,,,
,,order_items.csv,,,,,,,,,,,,631.0,,,,,,,2.0,15.0,2.0,529.99,0.07,,,,,
,,order_items.csv,,,,,,,,,,,,632.0,,,,,,,1.0,25.0,1.0,499.99,0.2,,,,,
,,order_items.csv,,,,,,,,,,,,632.0,,,,,,,2.0,11.0,2.0,1680.99,0.1,,,,,
,,order_items.csv,,,,,,,,,,,,632.0,,,,,,,3.0,15.0,1.0,529.99,0.07,,,,,
,,order_items.csv,,,,,,,,,,,,632.0,,,,,,,4.0,6.0,1.0,469.99,0.05,,,,,
,,order_items.csv,,,,,,,,,,,,632.0,,,,,,,5.0,22.0,2.0,269.99,0.1,,,,,
,,order_items.csv,,,,,,,,,,,,633.0,,,,,,,1.0,12.0,2.0,549.99,0.05,,,,,
,,order_items.csv,,,,,,,,,,,,633.0,,,,,,,2.0,13.0,2.0,269.99,0.2,,,,,
,,order_items.csv,,,,,,,,,,,,633.0,,,,,,,3.0,5.0,2.0,1320.99,0.2,,,,,
,,order_items.csv,,,,,,,,,,,,633.0,,,,,,,4.0,10.0,2.0,1549.0,0.2,,,,,
,,order_items.csv,,,,,,,,,,,,634.0,,,,,,,1.0,4.0,2.0,2899.99,0.05,,,,,
,,order_items.csv,,,,,,,,,,,,634.0,,,,,,,2.0,12.0,1.0,549.99,0.1,,,,,
,,order_items.csv,,,,,,,,,,,,635.0,,,,,,,1.0,4.0,1.0,2899.99,0.05,,,,,
,,order_items.csv,,,,,,,,,,,,636.0,,,,,,,1.0,85.0,2.0,329.99,0.2,,,,,
,,order_items.csv,,,,,,,,,,,,637.0,,,,,,,1.0,9.0,1.0,2999.99,0.1,,,,,
,,order_items.csv,,,,,,,,,,,,637.0,,,,,,,2.0,106.0,2.0,449.99,0.1,,,,,
,,order_items.csv,,,,,,,,,,,,638.0,,,,,,,1.0,103.0,1.0,551.99,0.05,,,,,
,,order_items.csv,,,,,,,,,,,,638.0,,,,,,,2.0,56.0,1.0,5499.99,0.2,,,,,
,,order_items.csv,,,,,,,,,,,,638.0,,,,,,,3.0,53.0,2.0,749.99,0.05,,,,,
,,order_items.csv,,,,,,,,,,,,639.0,,,,,,,1.0,15.0,1.0,529.99,0.07,,,,,
,,order_items.csv,,,,,,,,,,,,639.0,,,,,,,2.0,73.0,1.0,749.99,0.05,,,,,
,,order_items.csv,,,,,,,,,,,,639.0,,,,,,,3.0,72.0,1.0,619.99,0.05,,,,,
,,order_items.csv,,,,,,,,,,,,639.0,,,,,,,4.0,61.0,2.0,4999.99,0.1,,,,,
,,order_items.csv,,,,,,,,,,,,640.0,,,,,,,1.0,106.0,2.0,449.99,0.05,,,,,
,,order_items.csv,,,,,,,,,,,,640.0,,,,,,,2.0,32.0,1.0,469.99,0.07,,,,,
,,order_items.csv,,,,,,,,,,,,640.0,,,,,,,3.0,30.0,1.0,999.99,0.07,,,,,
,,order_items.csv,,,,,,,,,,,,640.0,,,,,,,4.0,76.0,2.0,299.99,0.07,,,,,
,,order_items.csv,,,,,,,,,,,,640.0,,,,,,,5.0,109.0,2.0,416.99,0.2,,,,,
,,order_items.csv,,,,,,,,,,,,641.0,,,,,,,1.0,15.0,1.0,529.99,0.05,,,,,
,,order_items.csv,,,,,,,,,,,,641.0,,,,,,,2.0,62.0,1.0,3499.99,0.2,,,,,
,,order_items.csv,,,,,,,,,,,,641.0,,,,,,,3.0,64.0,1.0,489.99,0.2,,,,,
,,order_items.csv,,,,,,,,,,,,642.0,,,,,,,1.0,68.0,2.0,449.99,0.07,,,,,
,,order_items.csv,,,,,,,,,,,,643.0,,,,,,,1.0,53.0,1.0,749.99,0.05,,,,,
,,order_items.csv,,,,,,,,,,,,644.0,,,,,,,1.0,9.0,1.0,2999.99,0.07,,,,,
,,order_items.csv,,,,,,,,,,,,645.0,,,,,,,1.0,99.0,1.0,299.99,0.07,,,,,
,,order_items.csv,,,,,,,,,,,,645.0,,,,,,,2.0,42.0,2.0,2299.99,0.05,,,,,
,,order_items.csv,,,,,,,,,,,,645.0,,,,,,,3.0,6.0,1.0,469.99,0.05,,,,,
,,order_items.csv,,,,,,,,,,,,645.0,,,,,,,4.0,47.0,2.0,5299.99,0.07,,,,,
,,order_items.csv,,,,,,,,,,,,645.0,,,,,,,5.0,21.0,2.0,269.99,0.07,,,,,
,,order_items.csv,,,,,,,,,,,,646.0,,,,,,,1.0,15.0,2.0,529.99,0.2,,,,,
,,order_items.csv,,,,,,,,,,,,646.0,,,,,,,2.0,4.0,1.0,2899.99,0.07,,,,,
,,order_items.csv,,,,,,,,,,,,646.0,,,,,,,3.0,95.0,1.0,299.99,0.05,,,,,
,,order_items.csv,,,,,,,,,,,,646.0,,,,,,,4.0,12.0,1.0,549.99,0.2,,,,,
,,order_items.csv,,,,,,,,,,,,647.0,,,,,,,1.0,25.0,2.0,499.99,0.07,,,,,
,,order_items.csv,,,,,,,,,,,,647.0,,,,,,,2.0,13.0,1.0,269.99,0.1,,,,,
,,order_items.csv,,,,,,,,,,,,648.0,,,,,,,1.0,24.0,1.0,549.99,0.07,,,,,
,,order_items.csv,,,,,,,,,,,,649.0,,,,,,,1.0,97.0,2.0,349.99,0.1,,,,,
,,order_items.csv,,,,,,,,,,,,649.0,,,,,,,2.0,90.0,1.0,209.99,0.07,,,,,
,,order_items.csv,,,,,,,,,,,,649.0,,,,,,,3.0,11.0,2.0,1680.99,0.1,,,,,
,,order_items.csv,,,,,,,,,,,,649.0,,,,,,,4.0,78.0,1.0,647.99,0.05,,,,,
,,order_items.csv,,,,,,,,,,,,650.0,,,,,,,1.0,3.0,1.0,999.99,0.2,,,,,
,,order_items.csv,,,,,,,,,,,,651.0,,,,,,,1.0,79.0,1.0,402.99,0.1,,,,,
,,order_items.csv,,,,,,,,,,,,651.0,,,,,,,2.0,85.0,1.0,329.99,0.05,,,,,
,,order_items.csv,,,,,,,,,,,,651.0,,,,,,,3.0,102.0,2.0,489.99,0.05,,,,,
,,order_items.csv,,,,,,,,,,,,651.0,,,,,,,4.0,94.0,2.0,249.99,0.05,,,,,
,,order_items.csv,,,,,,,,,,,,652.0,,,,,,,1.0,102.0,1.0,489.99,0.1,,,,,
,,order_items.csv,,,,,,,,,,,,652.0,,,,,,,2.0,62.0,2.0,3499.99,0.2,,,,,
,,order_items.csv,,,,,,,,,,,,652.0,,,,,,,3.0,67.0,2.0,250.99,0.2,,,,,
,,order_items.csv,,,,,,,,,,,,652.0,,,,,,,4.0,23.0,1.0,299.99,0.1,,,,,
,,order_items.csv,,,,,,,,,,,,652.0,,,,,,,5.0,74.0,1.0,439.99,0.05,,,,,
,,order_items.csv,,,,,,,,,,,,653.0,,,,,,,1.0,6.0,1.0,469.99,0.07,,,,,
,,order_items.csv,,,,,,,,,,,,653.0,,,,,,,2.0,43.0,1.0,5299.99,0.1,,,,,
,,order_items.csv,,,,,,,,,,,,653.0,,,,,,,3.0,2.0,2.0,749.99,0.1,,,,,
,,order_items.csv,,,,,,,,,,,,653.0,,,,,,,4.0,80.0,1.0,761.99,0.2,,,,,
,,order_items.csv,,,,,,,,,,,,653.0,,,,,,,5.0,88.0,2.0,189.99,0.07,,,,,
,,order_items.csv,,,,,,,,,,,,654.0,,,,,,,1.0,9.0,1.0,2999.99,0.1,,,,,
,,order_items.csv,,,,,,,,,,,,654.0,,,,,,,2.0,95.0,1.0,299.99,0.1,,,,,
,,order_items.csv,,,,,,,,,,,,654.0,,,,,,,3.0,110.0,2.0,470.99,0.07,,,,,
,,order_items.csv,,,,,,,,,,,,654.0,,,,,,,4.0,97.0,2.0,349.99,0.07,,,,,
,,order_items.csv,,,,,,,,,,,,655.0,,,,,,,1.0,67.0,1.0,250.99,0.1,,,,,
,,order_items.csv,,,,,,,,,,,,656.0,,,,,,,1.0,83.0,1.0,149.99,0.1,,,,,
,,order_items.csv,,,,,,,,,,,,656.0,,,,,,,2.0,22.0,1.0,269.99,0.07,,,,,
,,order_items.csv,,,,,,,,,,,,656.0,,,,,,,3.0,33.0,2.0,469.99,0.05,,,,,
,,order_items.csv,,,,,,,,,,,,657.0,,,,,,,1.0,52.0,1.0,875.99,0.05,,,,,
,,order_items.csv,,,,,,,,,,,,657.0,,,,,,,2.0,54.0,2.0,3199.99,0.05,,,,,
,,order_items.csv,,,,,,,,,,,,658.0,,,,,,,1.0,49.0,2.0,3499.99,0.2,,,,,
,,order_items.csv,,,,,,,,,,,,658.0,,,,,,,2.0,29.0,1.0,999.99,0.05,,,,,
,,order_items.csv,,,,,,,,,,,,658.0,,,,,,,3.0,9.0,1.0,2999.99,0.05,,,,,
,,order_items.csv,,,,,,,,,,,,659.0,,,,,,,1.0,42.0,2.0,2299.99,0.05,,,,,
,,order_items.csv,,,,,,,,,,,,659.0,,,,,,,2.0,39.0,2.0,1499.99,0.07,,,,,
,,order_items.csv,,,,,,,,,,,,659.0,,,,,,,3.0,70.0,1.0,659.99,0.05,,,,,
,,order_items.csv,,,,,,,,,,,,659.0,,,,,,,4.0,61.0,2.0,4999.99,0.07,,,,,
,,order_items.csv,,,,,,,,,,,,660.0,,,,,,,1.0,30.0,1.0,999.99,0.2,,,,,
,,order_items.csv,,,,,,,,,,,,660.0,,,,,,,2.0,59.0,2.0,2599.99,0.07,,,,,
,,order_items.csv,,,,,,,,,,,,660.0,,,,,,,3.0,47.0,2.0,5299.99,0.05,,,,,
,,order_items.csv,,,,,,,,,,,,660.0,,,,,,,4.0,29.0,2.0,999.99,0.2,,,,,
,,order_items.csv,,,,,,,,,,,,661.0,,,,,,,1.0,63.0,2.0,3499.99,0.07,,,,,
,,order_items.csv,,,,,,,,,,,,661.0,,,,,,,2.0,22.0,2.0,269.99,0.05,,,,,
,,order_items.csv,,,,,,,,,,,,662.0,,,,,,,1.0,55.0,2.0,2699.99,0.1,,,,,
,,order_items.csv,,,,,,,,,,,,662.0,,,,,,,2.0,95.0,2.0,299.99,0.2,,,,,
,,order_items.csv,,,,,,,,,,,,662.0,,,,,,,3.0,102.0,2.0,489.99,0.07,,,,,
,,order_items.csv,,,,,,,,,,,,662.0,,,,,,,4.0,22.0,1.0,269.99,0.07,,,,,
,,order_items.csv,,,,,,,,,,,,662.0,,,,,,,5.0,106.0,2.0,449.99,0.07,,,,,
,,order_items.csv,,,,,,,,,,,,663.0,,,,,,,1.0,41.0,2.0,1469.99,0.05,,,,,
,,order_items.csv,,,,,,,,,,,,663.0,,,,,,,2.0,17.0,2.0,429.0,0.2,,,,,
,,order_items.csv,,,,,,,,,,,,663.0,,,,,,,3.0,94.0,1.0,249.99,0.05,,,,,
,,order_items.csv,,,,,,,,,,,,663.0,,,,,,,4.0,71.0,1.0,416.99,0.07,,,,,
,,order_items.csv,,,,,,,,,,,,663.0,,,,,,,5.0,106.0,1.0,449.99,0.2,,,,,
,,order_items.csv,,,,,,,,,,,,664.0,,,,,,,1.0,52.0,2.0,875.99,0.07,,,,,
,,order_items.csv,,,,,,,,,,,,664.0,,,,,,,2.0,5.0,1.0,1320.99,0.07,,,,,
,,order_items.csv,,,,,,,,,,,,664.0,,,,,,,3.0,50.0,1.0,5999.99,0.2,,,,,
,,order_items.csv,,,,,,,,,,,,664.0,,,,,,,4.0,101.0,2.0,339.99,0.2,,,,,
,,order_items.csv,,,,,,,,,,,,664.0,,,,,,,5.0,47.0,1.0,5299.99,0.07,,,,,
,,order_items.csv,,,,,,,,,,,,665.0,,,,,,,1.0,58.0,1.0,4999.99,0.07,,,,,
,,order_items.csv,,,,,,,,,,,,665.0,,,,,,,2.0,42.0,2.0,2299.99,0.2,,,,,
,,order_items.csv,,,,,,,,,,,,665.0,,,,,,,3.0,25.0,2.0,499.99,0.05,,,,,
,,order_items.csv,,,,,,,,,,,,666.0,,,,,,,1.0,98.0,2.0,489.99,0.2,,,,,
,,order_items.csv,,,,,,,,,,,,666.0,,,,,,,2.0,39.0,1.0,1499.99,0.05,,,,,
,,order_items.csv,,,,,,,,,,,,667.0,,,,,,,1.0,79.0,1.0,402.99,0.2,,,,,
,,order_items.csv,,,,,,,,,,,,667.0,,,,,,,2.0,84.0,1.0,109.99,0.1,,,,,
,,order_items.csv,,,,,,,,,,,,667.0,,,,,,,3.0,3.0,1.0,999.99,0.2,,,,,
,,order_items.csv,,,,,,,,,,,,667.0,,,,,,,4.0,99.0,1.0,299.99,0.1,,,,,
,,order_items.csv,,,,,,,,,,,,667.0,,,,,,,5.0,85.0,1.0,329.99,0.05,,,,,
,,order_items.csv,,,,,,,,,,,,668.0,,,,,,,1.0,48.0,2.0,1499.99,0.05,,,,,
,,order_items.csv,,,,,,,,,,,,668.0,,,,,,,2.0,19.0,2.0,449.0,0.1,,,,,
,,order_items.csv,,,,,,,,,,,,669.0,,,,,,,1.0,16.0,2.0,599.99,0.07,,,,,
,,order_items.csv,,,,,,,,,,,,669.0,,,,,,,2.0,72.0,1.0,619.99,0.07,,,,,
,,order_items.csv,,,,,,,,,,,,670.0,,,,,,,1.0,108.0,1.0,449.99,0.1,,,,,
,,order_items.csv,,,,,,,,,,,,670.0,,,,,,,2.0,28.0,1.0,2499.99,0.07,,,,,
,,order_items.csv,,,,,,,,,,,,670.0,,,,,,,3.0,104.0,2.0,481.99,0.2,,,,,
,,order_items.csv,,,,,,,,,,,,670.0,,,,,,,4.0,45.0,2.0,869.99,0.05,,,,,
,,order_items.csv,,,,,,,,,,,,671.0,,,,,,,1.0,30.0,1.0,999.99,0.05,,,,,
,,order_items.csv,,,,,,,,,,,,671.0,,,,,,,2.0,69.0,1.0,416.99,0.05,,,,,
,,order_items.csv,,,,,,,,,,,,671.0,,,,,,,3.0,55.0,1.0,2699.99,0.2,,,,,
,,order_items.csv,,,,,,,,,,,,671.0,,,,,,,4.0,4.0,1.0,2899.99,0.07,,,,,
,,order_items.csv,,,,,,,,,,,,671.0,,,,,,,5.0,109.0,2.0,416.99,0.07,,,,,
,,order_items.csv,,,,,,,,,,,,672.0,,,,,,,1.0,51.0,2.0,6499.99,0.07,,,,,
,,order_items.csv,,,,,,,,,,,,672.0,,,,,,,2.0,96.0,2.0,349.99,0.2,,,,,
,,order_items.csv,,,,,,,,,,,,672.0,,,,,,,3.0,48.0,2.0,1499.99,0.07,,,,,
,,order_items.csv,,,,,,,,,,,,673.0,,,,,,,1.0,66.0,1.0,250.99,0.2,,,,,
,,order_items.csv,,,,,,,,,,,,673.0,,,,,,,2.0,38.0,1.0,549.99,0.2,,,,,
,,order_items.csv,,,,,,,,,,,,673.0,,,,,,,3.0,5.0,1.0,1320.99,0.07,,,,,
,,order_items.csv,,,,,,,,,,,,673.0,,,,,,,4.0,13.0,1.0,269.99,0.1,,,,,
,,order_items.csv,,,,,,,,,,,,674.0,,,,,,,1.0,26.0,2.0,599.99,0.2,,,,,
,,order_items.csv,,,,,,,,,,,,675.0,,,,,,,1.0,17.0,1.0,429.0,0.05,,,,,
,,order_items.csv,,,,,,,,,,,,675.0,,,,,,,2.0,89.0,2.0,209.99,0.05,,,,,
,,order_items.csv,,,,,,,,,,,,675.0,,,,,,,3.0,19.0,1.0,449.0,0.07,,,,,
,,order_items.csv,,,,,,,,,,,,675.0,,,,,,,4.0,32.0,1.0,469.99,0.2,,,,,
,,order_items.csv,,,,,,,,,,,,676.0,,,,,,,1.0,70.0,1.0,659.99,0.2,,,,,
,,order_items.csv,,,,,,,,,,,,676.0,,,,,,,2.0,104.0,2.0,481.99,0.07,,,,,
,,order_items.csv,,,,,,,,,,,,676.0,,,,,,,3.0,24.0,1.0,549.99,0.1,,,,,
,,order_items.csv,,,,,,,,,,,,676.0,,,,,,,4.0,29.0,1.0,999.99,0.2,,,,,
,,order_items.csv,,,,,,,,,,,,677.0,,,,,,,1.0,75.0,1.0,599.99,0.07,,,,,
,,order_items.csv,,,,,,,,,,,,677.0,,,,,,,2.0,7.0,2.0,3999.99,0.07,,,,,
,,order_items.csv,,,,,,,,,,,,677.0,,,,,,,3.0,105.0,2.0,533.99,0.07,,,,,
,,order_items.csv,,,,,,,,,,,,677.0,,,,,,,4.0,91.0,2.0,349.99,0.05,,,,,
,,order_items.csv,,,,,,,,,,,,677.0,,,,,,,5.0,54.0,2.0,3199.99,0.1,,,,,
,,order_items.csv,,,,,,,,,,,,678.0,,,,,,,1.0,52.0,2.0,875.99,0.05,,,,,
,,order_items.csv,,,,,,,,,,,,678.0,,,,,,,2.0,37.0,2.0,379.99,0.07,,,,,
,,order_items.csv,,,,,,,,,,,,679.0,,,,,,,1.0,15.0,2.0,529.99,0.2,,,,,
,,order_items.csv,,,,,,,,,,,,679.0,,,,,,,2.0,83.0,2.0,149.99,0.05,,,,,
,,order_items.csv,,,,,,,,,,,,680.0,,,,,,,1.0,81.0,2.0,1099.99,0.05,,,,,
,,order_items.csv,,,,,,,,,,,,680.0,,,,,,,2.0,7.0,1.0,3999.99,0.2,,,,,
,,order_items.csv,,,,,,,,,,,,680.0,,,,,,,3.0,50.0,1.0,5999.99,0.07,,,,,
,,order_items.csv,,,,,,,,,,,,681.0,,,,,,,1.0,82.0,1.0,659.99,0.05,,,,,
,,order_items.csv,,,,,,,,,,,,681.0,,,,,,,2.0,63.0,1.0,3499.99,0.07,,,,,
,,order_items.csv,,,,,,,,,,,,681.0,,,,,,,3.0,61.0,1.0,4999.99,0.2,,,,,
,,order_items.csv,,,,,,,,,,,,681.0,,,,,,,4.0,6.0,2.0,469.99,0.05,,,,,
,,order_items.csv,,,,,,,,,,,,681.0,,,,,,,5.0,30.0,1.0,999.99,0.07,,,,,
,,order_items.csv,,,,,,,,,,,,682.0,,,,,,,1.0,39.0,1.0,1499.99,0.2,,,,,
,,order_items.csv,,,,,,,,,,,,682.0,,,,,,,2.0,60.0,2.0,1559.99,0.2,,,,,
,,order_items.csv,,,,,,,,,,,,682.0,,,,,,,3.0,99.0,1.0,299.99,0.2,,,,,
,,order_items.csv,,,,,,,,,,,,683.0,,,,,,,1.0,2.0,2.0,749.99,0.1,,,,,
,,order_items.csv,,,,,,,,,,,,684.0,,,,,,,1.0,56.0,1.0,5499.99,0.07,,,,,
,,order_items.csv,,,,,,,,,,,,684.0,,,,,,,2.0,33.0,1.0,469.99,0.1,,,,,
,,order_items.csv,,,,,,,,,,,,685.0,,,,,,,1.0,59.0,1.0,2599.99,0.05,,,,,
,,order_items.csv,,,,,,,,,,,,685.0,,,,,,,2.0,48.0,2.0,1499.99,0.05,,,,,
,,order_items.csv,,,,,,,,,,,,685.0,,,,,,,3.0,107.0,1.0,416.99,0.05,,,,,
,,order_items.csv,,,,,,,,,,,,685.0,,,,,,,4.0,98.0,2.0,489.99,0.2,,,,,
,,order_items.csv,,,,,,,,,,,,685.0,,,,,,,5.0,56.0,2.0,5499.99,0.05,,,,,
,,order_items.csv,,,,,,,,,,,,686.0,,,,,,,1.0,16.0,1.0,599.99,0.2,,,,,
,,order_items.csv,,,,,,,,,,,,686.0,,,,,,,2.0,30.0,1.0,999.99,0.1,,,,,
,,order_items.csv,,,,,,,,,,,,686.0,,,,,,,3.0,88.0,2.0,189.99,0.2,,,,,
,,order_items.csv,,,,,,,,,,,,686.0,,,,,,,4.0,19.0,2.0,449.0,0.2,,,,,
,,order_items.csv,,,,,,,,,,,,686.0,,,,,,,5.0,104.0,1.0,481.99,0.2,,,,,
,,order_items.csv,,,,,,,,,,,,687.0,,,,,,,1.0,48.0,2.0,1499.99,0.05,,,,,
,,order_items.csv,,,,,,,,,,,,687.0,,,,,,,2.0,95.0,1.0,299.99,0.07,,,,,
,,order_items.csv,,,,,,,,,,,,687.0,,,,,,,3.0,5.0,2.0,1320.99,0.2,,,,,
,,order_items.csv,,,,,,,,,,,,687.0,,,,,,,4.0,83.0,1.0,149.99,0.07,,,,,
,,order_items.csv,,,,,,,,,,,,688.0,,,,,,,1.0,8.0,1.0,1799.99,0.1,,,,,
,,order_items.csv,,,,,,,,,,,,688.0,,,,,,,2.0,88.0,1.0,189.99,0.05,,,,,
,,order_items.csv,,,,,,,,,,,,689.0,,,,,,,1.0,33.0,2.0,469.99,0.1,,,,,
,,order_items.csv,,,,,,,,,,,,690.0,,,,,,,1.0,84.0,1.0,109.99,0.2,,,,,
,,order_items.csv,,,,,,,,,,,,690.0,,,,,,,2.0,11.0,2.0,1680.99,0.07,,,,,
,,order_items.csv,,,,,,,,,,,,690.0,,,,,,,3.0,85.0,1.0,329.99,0.05,,,,,
,,order_items.csv,,,,,,,,,,,,690.0,,,,,,,4.0,109.0,2.0,416.99,0.2,,,,,
,,order_items.csv,,,,,,,,,,,,691.0,,,,,,,1.0,23.0,2.0,299.99,0.05,,,,,
,,order_items.csv,,,,,,,,,,,,691.0,,,,,,,2.0,5.0,2.0,1320.99,0.1,,,,,
,,order_items.csv,,,,,,,,,,,,691.0,,,,,,,3.0,55.0,2.0,2699.99,0.2,,,,,
,,order_items.csv,,,,,,,,,,,,691.0,,,,,,,4.0,20.0,1.0,599.99,0.2,,,,,
,,order_items.csv,,,,,,,,,,,,692.0,,,,,,,1.0,59.0,1.0,2599.99,0.2,,,,,
,,order_items.csv,,,,,,,,,,,,692.0,,,,,,,2.0,75.0,1.0,599.99,0.07,,,,,
,,order_items.csv,,,,,,,,,,,,692.0,,,,,,,3.0,15.0,2.0,529.99,0.07,,,,,
,,order_items.csv,,,,,,,,,,,,692.0,,,,,,,4.0,56.0,2.0,5499.99,0.1,,,,,
,,order_items.csv,,,,,,,,,,,,693.0,,,,,,,1.0,104.0,2.0,481.99,0.2,,,,,
,,order_items.csv,,,,,,,,,,,,693.0,,,,,,,2.0,13.0,1.0,269.99,0.2,,,,,
,,order_items.csv,,,,,,,,,,,,693.0,,,,,,,3.0,5.0,2.0,1320.99,0.05,,,,,
,,order_items.csv,,,,,,,,,,,,693.0,,,,,,,4.0,31.0,1.0,1632.99,0.07,,,,,
,,order_items.csv,,,,,,,,,,,,694.0,,,,,,,1.0,48.0,1.0,1499.99,0.2,,,,,
,,order_items.csv,,,,,,,,,,,,694.0,,,,,,,2.0,39.0,1.0,1499.99,0.05,,,,,
,,order_items.csv,,,,,,,,,,,,694.0,,,,,,,3.0,55.0,2.0,2699.99,0.1,,,,,
,,order_items.csv,,,,,,,,,,,,694.0,,,,,,,4.0,103.0,2.0,551.99,0.2,,,,,
,,order_items.csv,,,,,,,,,,,,694.0,,,,,,,5.0,45.0,2.0,869.99,0.1,,,,,
,,order_items.csv,,,,,,,,,,,,695.0,,,,,,,1.0,82.0,2.0,659.99,0.1,,,,,
,,order_items.csv,,,,,,,,,,,,695.0,,,,,,,2.0,57.0,2.0,1999.99,0.2,,,,,
,,order_items.csv,,,,,,,,,,,,696.0,,,,,,,1.0,88.0,2.0,189.99,0.07,,,,,
,,order_items.csv,,,,,,,,,,,,696.0,,,,,,,2.0,7.0,1.0,3999.99,0.1,,,,,
,,order_items.csv,,,,,,,,,,,,696.0,,,,,,,3.0,45.0,1.0,869.99,0.07,,,,,
,,order_items.csv,,,,,,,,,,,,697.0,,,,,,,1.0,5.0,2.0,1320.99,0.05,,,,,
,,order_items.csv,,,,,,,,,,,,698.0,,,,,,,1.0,96.0,1.0,349.99,0.07,,,,,
,,order_items.csv,,,,,,,,,,,,698.0,,,,,,,2.0,12.0,1.0,549.99,0.07,,,,,
,,order_items.csv,,,,,,,,,,,,698.0,,,,,,,3.0,40.0,2.0,4999.99,0.05,,,,,
,,order_items.csv,,,,,,,,,,,,699.0,,,,,,,1.0,106.0,2.0,449.99,0.1,,,,,
,,order_items.csv,,,,,,,,,,,,699.0,,,,,,,2.0,48.0,1.0,1499.99,0.07,,,,,
,,order_items.csv,,,,,,,,,,,,699.0,,,,,,,3.0,31.0,1.0,1632.99,0.2,,,,,
,,order_items.csv,,,,,,,,,,,,699.0,,,,,,,4.0,24.0,2.0,549.99,0.1,,,,,
,,order_items.csv,,,,,,,,,,,,699.0,,,,,,,5.0,82.0,2.0,659.99,0.2,,,,,
,,order_items.csv,,,,,,,,,,,,700.0,,,,,,,1.0,7.0,2.0,3999.99,0.05,,,,,
,,order_items.csv,,,,,,,,,,,,700.0,,,,,,,2.0,63.0,1.0,3499.99,0.2,,,,,
,,order_items.csv,,,,,,,,,,,,701.0,,,,,,,1.0,84.0,1.0,109.99,0.05,,,,,
,,order_items.csv,,,,,,,,,,,,702.0,,,,,,,1.0,25.0,2.0,499.99,0.05,,,,,
,,order_items.csv,,,,,,,,,,,,702.0,,,,,,,2.0,104.0,1.0,481.99,0.1,,,,,
,,order_items.csv,,,,,,,,,,,,702.0,,,,,,,3.0,3.0,2.0,999.99,0.07,,,,,
,,order_items.csv,,,,,,,,,,,,703.0,,,,,,,1.0,45.0,2.0,869.99,0.2,,,,,
,,order_items.csv,,,,,,,,,,,,703.0,,,,,,,2.0,66.0,2.0,250.99,0.05,,,,,
,,order_items.csv,,,,,,,,,,,,703.0,,,,,,,3.0,72.0,1.0,619.99,0.2,,,,,
,,order_items.csv,,,,,,,,,,,,703.0,,,,,,,4.0,4.0,2.0,2899.99,0.2,,,,,
,,order_items.csv,,,,,,,,,,,,704.0,,,,,,,1.0,10.0,2.0,1549.0,0.05,,,,,
,,order_items.csv,,,,,,,,,,,,704.0,,,,,,,2.0,62.0,1.0,3499.99,0.2,,,,,
,,order_items.csv,,,,,,,,,,,,704.0,,,,,,,3.0,100.0,2.0,489.99,0.07,,,,,
,,order_items.csv,,,,,,,,,,,,705.0,,,,,,,1.0,61.0,1.0,4999.99,0.1,,,,,
,,order_items.csv,,,,,,,,,,,,706.0,,,,,,,1.0,27.0,1.0,999.99,0.1,,,,,
,,order_items.csv,,,,,,,,,,,,706.0,,,,,,,2.0,23.0,2.0,299.99,0.05,,,,,
,,order_items.csv,,,,,,,,,,,,706.0,,,,,,,3.0,60.0,1.0,1559.99,0.2,,,,,
,,order_items.csv,,,,,,,,,,,,707.0,,,,,,,1.0,106.0,2.0,449.99,0.05,,,,,
,,order_items.csv,,,,,,,,,,,,707.0,,,,,,,2.0,100.0,1.0,489.99,0.07,,,,,
,,order_items.csv,,,,,,,,,,,,707.0,,,,,,,3.0,11.0,2.0,1680.99,0.1,,,,,
,,order_items.csv,,,,,,,,,,,,707.0,,,,,,,4.0,26.0,2.0,599.99,0.1,,,,,
,,order_items.csv,,,,,,,,,,,,708.0,,,,,,,1.0,6.0,1.0,469.99,0.07,,,,,
,,order_items.csv,,,,,,,,,,,,708.0,,,,,,,2.0,47.0,1.0,5299.99,0.1,,,,,
,,order_items.csv,,,,,,,,,,,,708.0,,,,,,,3.0,34.0,2.0,469.99,0.2,,,,,
,,order_items.csv,,,,,,,,,,,,709.0,,,,,,,1.0,55.0,2.0,2699.99,0.05,,,,,
,,order_items.csv,,,,,,,,,,,,709.0,,,,,,,2.0,101.0,2.0,339.99,0.07,,,,,
,,order_items.csv,,,,,,,,,,,,709.0,,,,,,,3.0,48.0,1.0,1499.99,0.07,,,,,
,,order_items.csv,,,,,,,,,,,,710.0,,,,,,,1.0,42.0,1.0,2299.99,0.05,,,,,
,,order_items.csv,,,,,,,,,,,,710.0,,,,,,,2.0,60.0,2.0,1559.99,0.2,,,,,
,,order_items.csv,,,,,,,,,,,,710.0,,,,,,,3.0,39.0,2.0,1499.99,0.2,,,,,
,,order_items.csv,,,,,,,,,,,,710.0,,,,,,,4.0,57.0,1.0,1999.99,0.2,,,,,
,,order_items.csv,,,,,,,,,,,,710.0,,,,,,,5.0,28.0,1.0,2499.99,0.05,,,,,
,,order_items.csv,,,,,,,,,,,,711.0,,,,,,,1.0,5.0,2.0,1320.99,0.05,,,,,
,,order_items.csv,,,,,,,,,,,,711.0,,,,,,,2.0,95.0,2.0,299.99,0.2,,,,,
,,order_items.csv,,,,,,,,,,,,711.0,,,,,,,3.0,72.0,2.0,619.99,0.05,,,,,
,,order_items.csv,,,,,,,,,,,,712.0,,,,,,,1.0,44.0,2.0,539.99,0.2,,,,,
,,order_items.csv,,,,,,,,,,,,712.0,,,,,,,2.0,74.0,2.0,439.99,0.1,,,,,
,,order_items.csv,,,,,,,,,,,,712.0,,,,,,,3.0,35.0,1.0,832.99,0.2,,,,,
,,order_items.csv,,,,,,,,,,,,712.0,,,,,,,4.0,76.0,1.0,299.99,0.2,,,,,
,,order_items.csv,,,,,,,,,,,,712.0,,,,,,,5.0,4.0,2.0,2899.99,0.05,,,,,
,,order_items.csv,,,,,,,,,,,,713.0,,,,,,,1.0,93.0,2.0,209.99,0.2,,,,,
,,order_items.csv,,,,,,,,,,,,713.0,,,,,,,2.0,97.0,2.0,349.99,0.1,,,,,
,,order_items.csv,,,,,,,,,,,,713.0,,,,,,,3.0,53.0,1.0,749.99,0.07,,,,,
,,order_items.csv,,,,,,,,,,,,713.0,,,,,,,4.0,108.0,2.0,449.99,0.07,,,,,
,,order_items.csv,,,,,,,,,,,,714.0,,,,,,,1.0,92.0,2.0,209.99,0.2,,,,,
,,order_items.csv,,,,,,,,,,,,715.0,,,,,,,1.0,61.0,2.0,4999.99,0.1,,,,,
,,order_items.csv,,,,,,,,,,,,715.0,,,,,,,2.0,50.0,1.0,5999.99,0.2,,,,,
,,order_items.csv,,,,,,,,,,,,716.0,,,,,,,1.0,111.0,2.0,470.99,0.1,,,,,
,,order_items.csv,,,,,,,,,,,,716.0,,,,,,,2.0,93.0,2.0,209.99,0.07,,,,,
,,order_items.csv,,,,,,,,,,,,716.0,,,,,,,3.0,79.0,1.0,402.99,0.1,,,,,
,,order_items.csv,,,,,,,,,,,,716.0,,,,,,,4.0,4.0,2.0,2899.99,0.05,,,,,
,,order_items.csv,,,,,,,,,,,,717.0,,,,,,,1.0,56.0,2.0,5499.99,0.05,,,,,
,,order_items.csv,,,,,,,,,,,,717.0,,,,,,,2.0,93.0,1.0,209.99,0.2,,,,,
,,order_items.csv,,,,,,,,,,,,718.0,,,,,,,1.0,92.0,2.0,209.99,0.07,,,,,
,,order_items.csv,,,,,,,,,,,,718.0,,,,,,,2.0,40.0,2.0,4999.99,0.07,,,,,
,,order_items.csv,,,,,,,,,,,,718.0,,,,,,,3.0,64.0,2.0,489.99,0.1,,,,,
,,order_items.csv,,,,,,,,,,,,719.0,,,,,,,1.0,100.0,1.0,489.99,0.2,,,,,
,,order_items.csv,,,,,,,,,,,,720.0,,,,,,,1.0,111.0,1.0,470.99,0.07,,,,,
,,order_items.csv,,,,,,,,,,,,720.0,,,,,,,2.0,6.0,1.0,469.99,0.1,,,,,
,,order_items.csv,,,,,,,,,,,,721.0,,,,,,,1.0,45.0,2.0,869.99,0.07,,,,,
,,order_items.csv,,,,,,,,,,,,721.0,,,,,,,2.0,102.0,1.0,489.99,0.1,,,,,
,,order_items.csv,,,,,,,,,,,,721.0,,,,,,,3.0,73.0,2.0,749.99,0.05,,,,,
,,order_items.csv,,,,,,,,,,,,721.0,,,,,,,4.0,33.0,1.0,469.99,0.2,,,,,
,,order_items.csv,,,,,,,,,,,,722.0,,,,,,,1.0,22.0,2.0,269.99,0.07,,,,,
,,order_items.csv,,,,,,,,,,,,722.0,,,,,,,2.0,3.0,1.0,999.99,0.05,,,,,
,,order_items.csv,,,,,,,,,,,,722.0,,,,,,,3.0,104.0,2.0,481.99,0.1,,,,,
,,order_items.csv,,,,,,,,,,,,723.0,,,,,,,1.0,24.0,2.0,549.99,0.07,,,,,
,,order_items.csv,,,,,,,,,,,,723.0,,,,,,,2.0,16.0,1.0,599.99,0.05,,,,,
,,order_items.csv,,,,,,,,,,,,723.0,,,,,,,3.0,108.0,1.0,449.99,0.07,,,,,
,,order_items.csv,,,,,,,,,,,,724.0,,,,,,,1.0,23.0,1.0,299.99,0.05,,,,,
,,order_items.csv,,,,,,,,,,,,724.0,,,,,,,2.0,75.0,1.0,599.99,0.2,,,,,
,,order_items.csv,,,,,,,,,,,,724.0,,,,,,,3.0,102.0,1.0,489.99,0.05,,,,,
,,order_items.csv,,,,,,,,,,,,724.0,,,,,,,4.0,55.0,1.0,2699.99,0.2,,,,,
,,order_items.csv,,,,,,,,,,,,725.0,,,,,,,1.0,90.0,1.0,209.99,0.1,,,,,
,,order_items.csv,,,,,,,,,,,,725.0,,,,,,,2.0,91.0,1.0,349.99,0.05,,,,,
,,order_items.csv,,,,,,,,,,,,725.0,,,,,,,3.0,77.0,2.0,799.99,0.07,,,,,
,,order_items.csv,,,,,,,,,,,,725.0,,,,,,,4.0,62.0,2.0,3499.99,0.1,,,,,
,,order_items.csv,,,,,,,,,,,,726.0,,,,,,,1.0,64.0,1.0,489.99,0.2,,,,,
,,order_items.csv,,,,,,,,,,,,727.0,,,,,,,1.0,78.0,1.0,647.99,0.07,,,,,
,,order_items.csv,,,,,,,,,,,,727.0,,,,,,,2.0,82.0,2.0,659.99,0.05,,,,,
,,order_items.csv,,,,,,,,,,,,728.0,,,,,,,1.0,70.0,1.0,659.99,0.05,,,,,
,,order_items.csv,,,,,,,,,,,,728.0,,,,,,,2.0,56.0,1.0,5499.99,0.1,,,,,
,,order_items.csv,,,,,,,,,,,,728.0,,,,,,,3.0,91.0,1.0,349.99,0.1,,,,,
,,order_items.csv,,,,,,,,,,,,728.0,,,,,,,4.0,58.0,1.0,4999.99,0.07,,,,,
,,order_items.csv,,,,,,,,,,,,729.0,,,,,,,1.0,101.0,2.0,339.99,0.1,,,,,
,,order_items.csv,,,,,,,,,,,,730.0,,,,,,,1.0,59.0,2.0,2599.99,0.05,,,,,
,,order_items.csv,,,,,,,,,,,,730.0,,,,,,,2.0,79.0,1.0,402.99,0.1,,,,,
,,order_items.csv,,,,,,,,,,,,730.0,,,,,,,3.0,96.0,2.0,349.99,0.07,,,,,
,,order_items.csv,,,,,,,,,,,,730.0,,,,,,,4.0,13.0,1.0,269.99,0.1,,,,,
,,order_items.csv,,,,,,,,,,,,731.0,,,,,,,1.0,91.0,1.0,349.99,0.05,,,,,
,,order_items.csv,,,,,,,,,,,,731.0,,,,,,,2.0,49.0,1.0,3499.99,0.2,,,,,
,,order_items.csv,,,,,,,,,,,,731.0,,,,,,,3.0,67.0,2.0,250.99,0.2,,,,,
,,order_items.csv,,,,,,,,,,,,731.0,,,,,,,4.0,29.0,1.0,999.99,0.2,,,,,
,,order_items.csv,,,,,,,,,,,,732.0,,,,,,,1.0,47.0,1.0,5299.99,0.07,,,,,
,,order_items.csv,,,,,,,,,,,,732.0,,,,,,,2.0,4.0,2.0,2899.99,0.07,,,,,
,,order_items.csv,,,,,,,,,,,,733.0,,,,,,,1.0,84.0,1.0,109.99,0.05,,,,,
,,order_items.csv,,,,,,,,,,,,733.0,,,,,,,2.0,55.0,1.0,2699.99,0.2,,,,,
,,order_items.csv,,,,,,,,,,,,733.0,,,,,,,3.0,102.0,2.0,489.99,0.1,,,,,
,,order_items.csv,,,,,,,,,,,,734.0,,,,,,,1.0,26.0,1.0,599.99,0.2,,,,,
,,order_items.csv,,,,,,,,,,,,734.0,,,,,,,2.0,3.0,1.0,999.99,0.05,,,,,
,,order_items.csv,,,,,,,,,,,,734.0,,,,,,,3.0,84.0,2.0,109.99,0.2,,,,,
,,order_items.csv,,,,,,,,,,,,734.0,,,,,,,4.0,65.0,2.0,346.99,0.1,,,,,
,,order_items.csv,,,,,,,,,,,,735.0,,,,,,,1.0,71.0,2.0,416.99,0.1,,,,,
,,order_items.csv,,,,,,,,,,,,735.0,,,,,,,2.0,10.0,2.0,1549.0,0.07,,,,,
,,order_items.csv,,,,,,,,,,,,736.0,,,,,,,1.0,56.0,2.0,5499.99,0.05,,,,,
,,order_items.csv,,,,,,,,,,,,736.0,,,,,,,2.0,17.0,1.0,429.0,0.1,,,,,
,,order_items.csv,,,,,,,,,,,,736.0,,,,,,,3.0,62.0,2.0,3499.99,0.2,,,,,
,,order_items.csv,,,,,,,,,,,,737.0,,,,,,,1.0,52.0,1.0,875.99,0.05,,,,,
,,order_items.csv,,,,,,,,,,,,737.0,,,,,,,2.0,19.0,2.0,449.0,0.07,,,,,
,,order_items.csv,,,,,,,,,,,,737.0,,,,,,,3.0,77.0,2.0,799.99,0.07,,,,,
,,order_items.csv,,,,,,,,,,,,737.0,,,,,,,4.0,34.0,1.0,469.99,0.2,,,,,
,,order_items.csv,,,,,,,,,,,,738.0,,,,,,,1.0,82.0,2.0,659.99,0.07,,,,,
,,order_items.csv,,,,,,,,,,,,738.0,,,,,,,2.0,38.0,2.0,549.99,0.2,,,,,
,,order_items.csv,,,,,,,,,,,,738.0,,,,,,,3.0,25.0,1.0,499.99,0.1,,,,,
,,order_items.csv,,,,,,,,,,,,738.0,,,,,,,4.0,63.0,1.0,3499.99,0.07,,,,,
,,order_items.csv,,,,,,,,,,,,739.0,,,,,,,1.0,3.0,1.0,999.99,0.2,,,,,
,,order_items.csv,,,,,,,,,,,,740.0,,,,,,,1.0,81.0,1.0,1099.99,0.05,,,,,
,,order_items.csv,,,,,,,,,,,,740.0,,,,,,,2.0,94.0,2.0,249.99,0.2,,,,,
,,order_items.csv,,,,,,,,,,,,740.0,,,,,,,3.0,11.0,1.0,1680.99,0.2,,,,,
,,order_items.csv,,,,,,,,,,,,740.0,,,,,,,4.0,19.0,1.0,449.0,0.2,,,,,
,,order_items.csv,,,,,,,,,,,,740.0,,,,,,,5.0,12.0,2.0,549.99,0.07,,,,,
,,order_items.csv,,,,,,,,,,,,741.0,,,,,,,1.0,58.0,1.0,4999.99,0.05,,,,,
,,order_items.csv,,,,,,,,,,,,741.0,,,,,,,2.0,76.0,1.0,299.99,0.07,,,,,
,,order_items.csv,,,,,,,,,,,,741.0,,,,,,,3.0,21.0,2.0,269.99,0.07,,,,,
,,order_items.csv,,,,,,,,,,,,741.0,,,,,,,4.0,56.0,2.0,5499.99,0.05,,,,,
,,order_items.csv,,,,,,,,,,,,742.0,,,,,,,1.0,107.0,2.0,416.99,0.05,,,,,
,,order_items.csv,,,,,,,,,,,,742.0,,,,,,,2.0,45.0,1.0,869.99,0.07,,,,,
,,order_items.csv,,,,,,,,,,,,743.0,,,,,,,1.0,80.0,1.0,761.99,0.05,,,,,
,,order_items.csv,,,,,,,,,,,,744.0,,,,,,,1.0,33.0,2.0,469.99,0.2,,,,,
,,order_items.csv,,,,,,,,,,,,745.0,,,,,,,1.0,95.0,2.0,299.99,0.05,,,,,
,,order_items.csv,,,,,,,,,,,,745.0,,,,,,,2.0,22.0,2.0,269.99,0.2,,,,,
,,order_items.csv,,,,,,,,,,,,745.0,,,,,,,3.0,78.0,1.0,647.99,0.1,,,,,
,,order_items.csv,,,,,,,,,,,,746.0,,,,,,,1.0,99.0,1.0,299.99,0.1,,,,,
,,order_items.csv,,,,,,,,,,,,747.0,,,,,,,1.0,110.0,1.0,470.99,0.07,,,,,
,,order_items.csv,,,,,,,,,,,,747.0,,,,,,,2.0,86.0,1.0,149.99,0.2,,,,,
,,order_items.csv,,,,,,,,,,,,747.0,,,,,,,3.0,33.0,2.0,469.99,0.1,,,,,
,,order_items.csv,,,,,,,,,,,,747.0,,,,,,,4.0,81.0,1.0,1099.99,0.07,,,,,
,,order_items.csv,,,,,,,,,,,,748.0,,,,,,,1.0,16.0,2.0,599.99,0.1,,,,,
,,order_items.csv,,,,,,,,,,,,748.0,,,,,,,2.0,83.0,2.0,149.99,0.05,,,,,
,,order_items.csv,,,,,,,,,,,,748.0,,,,,,,3.0,41.0,1.0,1469.99,0.07,,,,,
,,order_items.csv,,,,,,,,,,,,748.0,,,,,,,4.0,35.0,2.0,832.99,0.2,,,,,
,,order_items.csv,,,,,,,,,,,,749.0,,,,,,,1.0,9.0,1.0,2999.99,0.2,,,,,
,,order_items.csv,,,,,,,,,,,,749.0,,,,,,,2.0,28.0,1.0,2499.99,0.05,,,,,
,,order_items.csv,,,,,,,,,,,,749.0,,,,,,,3.0,79.0,1.0,402.99,0.2,,,,,
,,order_items.csv,,,,,,,,,,,,749.0,,,,,,,4.0,24.0,1.0,549.99,0.05,,,,,
,,order_items.csv,,,,,,,,,,,,749.0,,,,,,,5.0,40.0,1.0,4999.99,0.07,,,,,
,,order_items.csv,,,,,,,,,,,,750.0,,,,,,,1.0,72.0,1.0,619.99,0.05,,,,,
,,order_items.csv,,,,,,,,,,,,750.0,,,,,,,2.0,78.0,2.0,647.99,0.1,,,,,
,,order_items.csv,,,,,,,,,,,,751.0,,,,,,,1.0,45.0,2.0,869.99,0.05,,,,,
,,order_items.csv,,,,,,,,,,,,752.0,,,,,,,1.0,12.0,2.0,549.99,0.05,,,,,
,,order_items.csv,,,,,,,,,,,,752.0,,,,,,,2.0,31.0,2.0,1632.99,0.05,,,,,
,,order_items.csv,,,,,,,,,,,,753.0,,,,,,,1.0,105.0,2.0,533.99,0.07,,,,,
,,order_items.csv,,,,,,,,,,,,753.0,,,,,,,2.0,7.0,2.0,3999.99,0.2,,,,,
,,order_items.csv,,,,,,,,,,,,753.0,,,,,,,3.0,36.0,2.0,832.99,0.1,,,,,
,,order_items.csv,,,,,,,,,,,,753.0,,,,,,,4.0,95.0,1.0,299.99,0.07,,,,,
,,order_items.csv,,,,,,,,,,,,753.0,,,,,,,5.0,66.0,1.0,250.99,0.2,,,,,
,,order_items.csv,,,,,,,,,,,,754.0,,,,,,,1.0,74.0,2.0,439.99,0.07,,,,,
,,order_items.csv,,,,,,,,,,,,754.0,,,,,,,2.0,12.0,2.0,549.99,0.07,,,,,
,,order_items.csv,,,,,,,,,,,,754.0,,,,,,,3.0,3.0,1.0,999.99,0.05,,,,,
,,order_items.csv,,,,,,,,,,,,754.0,,,,,,,4.0,67.0,2.0,250.99,0.05,,,,,
,,order_items.csv,,,,,,,,,,,,754.0,,,,,,,5.0,7.0,1.0,3999.99,0.2,,,,,
,,order_items.csv,,,,,,,,,,,,755.0,,,,,,,1.0,80.0,2.0,761.99,0.07,,,,,
,,order_items.csv,,,,,,,,,,,,755.0,,,,,,,2.0,43.0,2.0,5299.99,0.05,,,,,
,,order_items.csv,,,,,,,,,,,,755.0,,,,,,,3.0,57.0,2.0,1999.99,0.1,,,,,
,,order_items.csv,,,,,,,,,,,,756.0,,,,,,,1.0,64.0,1.0,489.99,0.1,,,,,
,,order_items.csv,,,,,,,,,,,,756.0,,,,,,,2.0,17.0,2.0,429.0,0.05,,,,,
,,order_items.csv,,,,,,,,,,,,757.0,,,,,,,1.0,95.0,1.0,299.99,0.1,,,,,
,,order_items.csv,,,,,,,,,,,,758.0,,,,,,,1.0,22.0,2.0,269.99,0.07,,,,,
,,order_items.csv,,,,,,,,,,,,758.0,,,,,,,2.0,99.0,1.0,299.99,0.1,,,,,
,,order_items.csv,,,,,,,,,,,,758.0,,,,,,,3.0,27.0,1.0,999.99,0.07,,,,,
,,order_items.csv,,,,,,,,,,,,758.0,,,,,,,4.0,65.0,2.0,346.99,0.07,,,,,
,,order_items.csv,,,,,,,,,,,,758.0,,,,,,,5.0,109.0,1.0,416.99,0.2,,,,,
,,order_items.csv,,,,,,,,,,,,759.0,,,,,,,1.0,93.0,2.0,209.99,0.05,,,,,
,,order_items.csv,,,,,,,,,,,,759.0,,,,,,,2.0,78.0,1.0,647.99,0.07,,,,,
,,order_items.csv,,,,,,,,,,,,760.0,,,,,,,1.0,21.0,2.0,269.99,0.07,,,,,
,,order_items.csv,,,,,,,,,,,,760.0,,,,,,,2.0,29.0,2.0,999.99,0.07,,,,,
,,order_items.csv,,,,,,,,,,,,761.0,,,,,,,1.0,43.0,1.0,5299.99,0.07,,,,,
,,order_items.csv,,,,,,,,,,,,761.0,,,,,,,2.0,52.0,2.0,875.99,0.2,,,,,
,,order_items.csv,,,,,,,,,,,,762.0,,,,,,,1.0,102.0,2.0,489.99,0.05,,,,,
,,order_items.csv,,,,,,,,,,,,763.0,,,,,,,1.0,90.0,1.0,209.99,0.07,,,,,
,,order_items.csv,,,,,,,,,,,,763.0,,,,,,,2.0,103.0,1.0,551.99,0.1,,,,,
,,order_items.csv,,,,,,,,,,,,764.0,,,,,,,1.0,55.0,1.0,2699.99,0.07,,,,,
,,order_items.csv,,,,,,,,,,,,764.0,,,,,,,2.0,95.0,2.0,299.99,0.05,,,,,
,,order_items.csv,,,,,,,,,,,,764.0,,,,,,,3.0,81.0,2.0,1099.99,0.07,,,,,
,,order_items.csv,,,,,,,,,,,,765.0,,,,,,,1.0,28.0,2.0,2499.99,0.2,,,,,
,,order_items.csv,,,,,,,,,,,,765.0,,,,,,,2.0,12.0,1.0,549.99,0.07,,,,,
,,order_items.csv,,,,,,,,,,,,765.0,,,,,,,3.0,25.0,1.0,499.99,0.2,,,,,
,,order_items.csv,,,,,,,,,,,,765.0,,,,,,,4.0,53.0,1.0,749.99,0.2,,,,,
,,order_items.csv,,,,,,,,,,,,765.0,,,,,,,5.0,65.0,1.0,346.99,0.05,,,,,
,,order_items.csv,,,,,,,,,,,,766.0,,,,,,,1.0,111.0,1.0,470.99,0.2,,,,,
,,order_items.csv,,,,,,,,,,,,767.0,,,,,,,1.0,63.0,1.0,3499.99,0.1,,,,,
,,order_items.csv,,,,,,,,,,,,767.0,,,,,,,2.0,29.0,1.0,999.99,0.07,,,,,
,,order_items.csv,,,,,,,,,,,,767.0,,,,,,,3.0,41.0,2.0,1469.99,0.05,,,,,
,,order_items.csv,,,,,,,,,,,,767.0,,,,,,,4.0,77.0,2.0,799.99,0.05,,,,,
,,order_items.csv,,,,,,,,,,,,768.0,,,,,,,1.0,31.0,1.0,1632.99,0.2,,,,,
,,order_items.csv,,,,,,,,,,,,768.0,,,,,,,2.0,76.0,1.0,299.99,0.2,,,,,
,,order_items.csv,,,,,,,,,,,,769.0,,,,,,,1.0,8.0,1.0,1799.99,0.1,,,,,
,,order_items.csv,,,,,,,,,,,,769.0,,,,,,,2.0,6.0,2.0,469.99,0.05,,,,,
,,order_items.csv,,,,,,,,,,,,769.0,,,,,,,3.0,36.0,2.0,832.99,0.07,,,,,
,,order_items.csv,,,,,,,,,,,,770.0,,,,,,,1.0,110.0,1.0,470.99,0.05,,,,,
,,order_items.csv,,,,,,,,,,,,770.0,,,,,,,2.0,42.0,1.0,2299.99,0.2,,,,,
,,order_items.csv,,,,,,,,,,,,770.0,,,,,,,3.0,103.0,1.0,551.99,0.2,,,,,
,,order_items.csv,,,,,,,,,,,,770.0,,,,,,,4.0,11.0,2.0,1680.99,0.05,,,,,
,,order_items.csv,,,,,,,,,,,,771.0,,,,,,,1.0,13.0,2.0,269.99,0.2,,,,,
,,order_items.csv,,,,,,,,,,,,771.0,,,,,,,2.0,88.0,1.0,189.99,0.2,,,,,
,,order_items.csv,,,,,,,,,,,,772.0,,,,,,,1.0,103.0,1.0,551.99,0.07,,,,,
,,order_items.csv,,,,,,,,,,,,773.0,,,,,,,1.0,92.0,1.0,209.99,0.1,,,,,
,,order_items.csv,,,,,,,,,,,,773.0,,,,,,,2.0,14.0,1.0,269.99,0.05,,,,,
,,order_items.csv,,,,,,,,,,,,773.0,,,,,,,3.0,17.0,2.0,429.0,0.2,,,,,
,,order_items.csv,,,,,,,,,,,,773.0,,,,,,,4.0,33.0,2.0,469.99,0.07,,,,,
,,order_items.csv,,,,,,,,,,,,774.0,,,,,,,1.0,65.0,1.0,346.99,0.05,,,,,
,,order_items.csv,,,,,,,,,,,,774.0,,,,,,,2.0,36.0,2.0,832.99,0.05,,,,,
,,order_items.csv,,,,,,,,,,,,774.0,,,,,,,3.0,20.0,1.0,599.99,0.2,,,,,
,,order_items.csv,,,,,,,,,,,,774.0,,,,,,,4.0,73.0,1.0,749.99,0.05,,,,,
,,order_items.csv,,,,,,,,,,,,774.0,,,,,,,5.0,58.0,2.0,4999.99,0.1,,,,,
,,order_items.csv,,,,,,,,,,,,775.0,,,,,,,1.0,39.0,1.0,1499.99,0.07,,,,,
,,order_items.csv,,,,,,,,,,,,776.0,,,,,,,1.0,28.0,1.0,2499.99,0.2,,,,,
,,order_items.csv,,,,,,,,,,,,776.0,,,,,,,2.0,42.0,2.0,2299.99,0.2,,,,,
,,order_items.csv,,,,,,,,,,,,776.0,,,,,,,3.0,71.0,1.0,416.99,0.1,,,,,
,,order_items.csv,,,,,,,,,,,,776.0,,,,,,,4.0,35.0,1.0,832.99,0.1,,,,,
,,order_items.csv,,,,,,,,,,,,777.0,,,,,,,1.0,5.0,1.0,1320.99,0.2,,,,,
,,order_items.csv,,,,,,,,,,,,777.0,,,,,,,2.0,7.0,2.0,3999.99,0.2,,,,,
,,order_items.csv,,,,,,,,,,,,777.0,,,,,,,3.0,2.0,1.0,749.99,0.2,,,,,
,,order_items.csv,,,,,,,,,,,,778.0,,,,,,,1.0,64.0,1.0,489.99,0.1,,,,,
,,order_items.csv,,,,,,,,,,,,778.0,,,,,,,2.0,85.0,1.0,329.99,0.05,,,,,
,,order_items.csv,,,,,,,,,,,,779.0,,,,,,,1.0,101.0,1.0,339.99,0.05,,,,,
,,order_items.csv,,,,,,,,,,,,779.0,,,,,,,2.0,90.0,2.0,209.99,0.2,,,,,
,,order_items.csv,,,,,,,,,,,,779.0,,,,,,,3.0,47.0,1.0,5299.99,0.2,,,,,
,,order_items.csv,,,,,,,,,,,,779.0,,,,,,,4.0,8.0,1.0,1799.99,0.2,,,,,
,,order_items.csv,,,,,,,,,,,,779.0,,,,,,,5.0,85.0,1.0,329.99,0.2,,,,,
,,order_items.csv,,,,,,,,,,,,780.0,,,,,,,1.0,32.0,1.0,469.99,0.1,,,,,
,,order_items.csv,,,,,,,,,,,,781.0,,,,,,,1.0,109.0,2.0,416.99,0.05,,,,,
,,order_items.csv,,,,,,,,,,,,781.0,,,,,,,2.0,7.0,2.0,3999.99,0.2,,,,,
,,order_items.csv,,,,,,,,,,,,781.0,,,,,,,3.0,57.0,2.0,1999.99,0.1,,,,,
,,order_items.csv,,,,,,,,,,,,782.0,,,,,,,1.0,20.0,2.0,599.99,0.07,,,,,
,,order_items.csv,,,,,,,,,,,,782.0,,,,,,,2.0,57.0,1.0,1999.99,0.07,,,,,
,,order_items.csv,,,,,,,,,,,,782.0,,,,,,,3.0,99.0,1.0,299.99,0.07,,,,,
,,order_items.csv,,,,,,,,,,,,782.0,,,,,,,4.0,16.0,2.0,599.99,0.2,,,,,
,,order_items.csv,,,,,,,,,,,,783.0,,,,,,,1.0,92.0,1.0,209.99,0.2,,,,,
,,order_items.csv,,,,,,,,,,,,783.0,,,,,,,2.0,22.0,2.0,269.99,0.05,,,,,
,,order_items.csv,,,,,,,,,,,,783.0,,,,,,,3.0,94.0,1.0,249.99,0.05,,,,,
,,order_items.csv,,,,,,,,,,,,783.0,,,,,,,4.0,29.0,1.0,999.99,0.1,,,,,
,,order_items.csv,,,,,,,,,,,,784.0,,,,,,,1.0,22.0,1.0,269.99,0.07,,,,,
,,order_items.csv,,,,,,,,,,,,784.0,,,,,,,2.0,72.0,2.0,619.99,0.1,,,,,
,,order_items.csv,,,,,,,,,,,,784.0,,,,,,,3.0,16.0,1.0,599.99,0.2,,,,,
,,order_items.csv,,,,,,,,,,,,785.0,,,,,,,1.0,59.0,2.0,2599.99,0.2,,,,,
,,order_items.csv,,,,,,,,,,,,785.0,,,,,,,2.0,40.0,1.0,4999.99,0.07,,,,,
,,order_items.csv,,,,,,,,,,,,785.0,,,,,,,3.0,25.0,1.0,499.99,0.07,,,,,
,,order_items.csv,,,,,,,,,,,,786.0,,,,,,,1.0,80.0,1.0,761.99,0.05,,,,,
,,order_items.csv,,,,,,,,,,,,787.0,,,,,,,1.0,51.0,2.0,6499.99,0.07,,,,,
,,order_items.csv,,,,,,,,,,,,787.0,,,,,,,2.0,66.0,2.0,250.99,0.1,,,,,
,,order_items.csv,,,,,,,,,,,,788.0,,,,,,,1.0,48.0,1.0,1499.99,0.2,,,,,
,,order_items.csv,,,,,,,,,,,,788.0,,,,,,,2.0,19.0,1.0,449.0,0.1,,,,,
,,order_items.csv,,,,,,,,,,,,788.0,,,,,,,3.0,13.0,1.0,269.99,0.05,,,,,
,,order_items.csv,,,,,,,,,,,,789.0,,,,,,,1.0,100.0,2.0,489.99,0.2,,,,,
,,order_items.csv,,,,,,,,,,,,789.0,,,,,,,2.0,93.0,2.0,209.99,0.07,,,,,
,,order_items.csv,,,,,,,,,,,,790.0,,,,,,,1.0,62.0,2.0,3499.99,0.07,,,,,
,,order_items.csv,,,,,,,,,,,,790.0,,,,,,,2.0,91.0,1.0,349.99,0.1,,,,,
,,order_items.csv,,,,,,,,,,,,791.0,,,,,,,1.0,54.0,1.0,3199.99,0.2,,,,,
,,order_items.csv,,,,,,,,,,,,791.0,,,,,,,2.0,25.0,2.0,499.99,0.07,,,,,
,,order_items.csv,,,,,,,,,,,,792.0,,,,,,,1.0,16.0,2.0,599.99,0.2,,,,,
,,order_items.csv,,,,,,,,,,,,792.0,,,,,,,2.0,39.0,1.0,1499.99,0.2,,,,,
,,order_items.csv,,,,,,,,,,,,792.0,,,,,,,3.0,56.0,1.0,5499.99,0.2,,,,,
,,order_items.csv,,,,,,,,,,,,792.0,,,,,,,4.0,30.0,1.0,999.99,0.05,,,,,
,,order_items.csv,,,,,,,,,,,,792.0,,,,,,,5.0,2.0,1.0,749.99,0.2,,,,,
,,order_items.csv,,,,,,,,,,,,793.0,,,,,,,1.0,60.0,1.0,1559.99,0.05,,,,,
,,order_items.csv,,,,,,,,,,,,793.0,,,,,,,2.0,95.0,2.0,299.99,0.05,,,,,
,,order_items.csv,,,,,,,,,,,,793.0,,,,,,,3.0,75.0,2.0,599.99,0.05,,,,,
,,order_items.csv,,,,,,,,,,,,794.0,,,,,,,1.0,41.0,2.0,1469.99,0.05,,,,,
,,order_items.csv,,,,,,,,,,,,794.0,,,,,,,2.0,68.0,1.0,449.99,0.2,,,,,
,,order_items.csv,,,,,,,,,,,,794.0,,,,,,,3.0,17.0,1.0,429.0,0.07,,,,,
,,order_items.csv,,,,,,,,,,,,794.0,,,,,,,4.0,28.0,1.0,2499.99,0.1,,,,,
,,order_items.csv,,,,,,,,,,,,795.0,,,,,,,1.0,95.0,2.0,299.99,0.05,,,,,
,,order_items.csv,,,,,,,,,,,,795.0,,,,,,,2.0,99.0,2.0,299.99,0.05,,,,,
,,order_items.csv,,,,,,,,,,,,796.0,,,,,,,1.0,6.0,2.0,469.99,0.2,,,,,
,,order_items.csv,,,,,,,,,,,,797.0,,,,,,,1.0,11.0,1.0,1680.99,0.07,,,,,
,,order_items.csv,,,,,,,,,,,,797.0,,,,,,,2.0,69.0,1.0,416.99,0.05,,,,,
,,order_items.csv,,,,,,,,,,,,797.0,,,,,,,3.0,74.0,1.0,439.99,0.1,,,,,
,,order_items.csv,,,,,,,,,,,,797.0,,,,,,,4.0,54.0,2.0,3199.99,0.05,,,,,
,,order_items.csv,,,,,,,,,,,,797.0,,,,,,,5.0,62.0,2.0,3499.99,0.1,,,,,
,,order_items.csv,,,,,,,,,,,,798.0,,,,,,,1.0,23.0,1.0,299.99,0.1,,,,,
,,order_items.csv,,,,,,,,,,,,798.0,,,,,,,2.0,90.0,1.0,209.99,0.05,,,,,
,,order_items.csv,,,,,,,,,,,,798.0,,,,,,,3.0,91.0,2.0,349.99,0.07,,,,,
,,order_items.csv,,,,,,,,,,,,798.0,,,,,,,4.0,42.0,1.0,2299.99,0.2,,,,,
,,order_items.csv,,,,,,,,,,,,798.0,,,,,,,5.0,26.0,2.0,599.99,0.05,,,,,
,,order_items.csv,,,,,,,,,,,,799.0,,,,,,,1.0,5.0,2.0,1320.99,0.1,,,,,
,,order_items.csv,,,,,,,,,,,,799.0,,,,,,,2.0,34.0,2.0,469.99,0.05,,,,,
,,order_items.csv,,,,,,,,,,,,799.0,,,,,,,3.0,29.0,2.0,999.99,0.07,,,,,
,,order_items.csv,,,,,,,,,,,,799.0,,,,,,,4.0,63.0,1.0,3499.99,0.1,,,,,
,,order_items.csv,,,,,,,,,,,,799.0,,,,,,,5.0,58.0,2.0,4999.99,0.07,,,,,
,,order_items.csv,,,,,,,,,,,,800.0,,,,,,,1.0,65.0,2.0,346.99,0.1,,,,,
,,order_items.csv,,,,,,,,,,,,800.0,,,,,,,2.0,54.0,1.0,3199.99,0.07,,,,,
,,order_items.csv,,,,,,,,,,,,800.0,,,,,,,3.0,6.0,2.0,469.99,0.05,,,,,
,,order_items.csv,,,,,,,,,,,,800.0,,,,,,,4.0,52.0,1.0,875.99,0.1,,,,,
,,order_items.csv,,,,,,,,,,,,800.0,,,,,,,5.0,95.0,2.0,299.99,0.05,,,,,
,,order_items.csv,,,,,,,,,,,,801.0,,,,,,,1.0,101.0,1.0,339.99,0.07,,,,,
,,order_items.csv,,,,,,,,,,,,802.0,,,,,,,1.0,30.0,1.0,999.99,0.05,,,,,
,,order_items.csv,,,,,,,,,,,,802.0,,,,,,,2.0,36.0,2.0,832.99,0.2,,,,,
,,order_items.csv,,,,,,,,,,,,802.0,,,,,,,3.0,40.0,1.0,4999.99,0.1,,,,,
,,order_items.csv,,,,,,,,,,,,802.0,,,,,,,4.0,28.0,1.0,2499.99,0.05,,,,,
,,order_items.csv,,,,,,,,,,,,803.0,,,,,,,1.0,111.0,1.0,470.99,0.07,,,,,
,,order_items.csv,,,,,,,,,,,,803.0,,,,,,,2.0,52.0,2.0,875.99,0.05,,,,,
,,order_items.csv,,,,,,,,,,,,803.0,,,,,,,3.0,102.0,1.0,489.99,0.07,,,,,
,,order_items.csv,,,,,,,,,,,,803.0,,,,,,,4.0,83.0,2.0,149.99,0.05,,,,,
,,order_items.csv,,,,,,,,,,,,804.0,,,,,,,1.0,89.0,2.0,209.99,0.2,,,,,
,,order_items.csv,,,,,,,,,,,,804.0,,,,,,,2.0,53.0,1.0,749.99,0.07,,,,,
,,order_items.csv,,,,,,,,,,,,804.0,,,,,,,3.0,50.0,2.0,5999.99,0.05,,,,,
,,order_items.csv,,,,,,,,,,,,805.0,,,,,,,1.0,24.0,1.0,549.99,0.05,,,,,
,,order_items.csv,,,,,,,,,,,,805.0,,,,,,,2.0,33.0,2.0,469.99,0.2,,,,,
,,order_items.csv,,,,,,,,,,,,805.0,,,,,,,3.0,62.0,2.0,3499.99,0.2,,,,,
,,order_items.csv,,,,,,,,,,,,805.0,,,,,,,4.0,32.0,1.0,469.99,0.07,,,,,
,,order_items.csv,,,,,,,,,,,,805.0,,,,,,,5.0,6.0,2.0,469.99,0.05,,,,,
,,order_items.csv,,,,,,,,,,,,806.0,,,,,,,1.0,93.0,2.0,209.99,0.1,,,,,
,,order_items.csv,,,,,,,,,,,,806.0,,,,,,,2.0,97.0,1.0,349.99,0.2,,,,,
,,order_items.csv,,,,,,,,,,,,806.0,,,,,,,3.0,77.0,2.0,799.99,0.1,,,,,
,,order_items.csv,,,,,,,,,,,,806.0,,,,,,,4.0,82.0,2.0,659.99,0.2,,,,,
,,order_items.csv,,,,,,,,,,,,806.0,,,,,,,5.0,91.0,2.0,349.99,0.07,,,,,
,,order_items.csv,,,,,,,,,,,,807.0,,,,,,,1.0,21.0,2.0,269.99,0.2,,,,,
,,order_items.csv,,,,,,,,,,,,807.0,,,,,,,2.0,6.0,1.0,469.99,0.07,,,,,
,,order_items.csv,,,,,,,,,,,,807.0,,,,,,,3.0,3.0,2.0,999.99,0.07,,,,,
,,order_items.csv,,,,,,,,,,,,807.0,,,,,,,4.0,9.0,2.0,2999.99,0.2,,,,,
,,order_items.csv,,,,,,,,,,,,807.0,,,,,,,5.0,16.0,1.0,599.99,0.2,,,,,
,,order_items.csv,,,,,,,,,,,,808.0,,,,,,,1.0,96.0,2.0,349.99,0.05,,,,,
,,order_items.csv,,,,,,,,,,,,808.0,,,,,,,2.0,18.0,1.0,449.0,0.05,,,,,
,,order_items.csv,,,,,,,,,,,,808.0,,,,,,,3.0,85.0,1.0,329.99,0.05,,,,,
,,order_items.csv,,,,,,,,,,,,808.0,,,,,,,4.0,19.0,2.0,449.0,0.05,,,,,
,,order_items.csv,,,,,,,,,,,,809.0,,,,,,,1.0,78.0,1.0,647.99,0.1,,,,,
,,order_items.csv,,,,,,,,,,,,809.0,,,,,,,2.0,26.0,1.0,599.99,0.2,,,,,
,,order_items.csv,,,,,,,,,,,,809.0,,,,,,,3.0,92.0,2.0,209.99,0.1,,,,,
,,order_items.csv,,,,,,,,,,,,810.0,,,,,,,1.0,103.0,2.0,551.99,0.05,,,,,
,,order_items.csv,,,,,,,,,,,,810.0,,,,,,,2.0,100.0,1.0,489.99,0.2,,,,,
,,order_items.csv,,,,,,,,,,,,810.0,,,,,,,3.0,56.0,1.0,5499.99,0.05,,,,,
,,order_items.csv,,,,,,,,,,,,810.0,,,,,,,4.0,22.0,1.0,269.99,0.2,,,,,
,,order_items.csv,,,,,,,,,,,,811.0,,,,,,,1.0,45.0,2.0,869.99,0.07,,,,,
,,order_items.csv,,,,,,,,,,,,811.0,,,,,,,2.0,54.0,1.0,3199.99,0.2,,,,,
,,order_items.csv,,,,,,,,,,,,811.0,,,,,,,3.0,70.0,1.0,659.99,0.07,,,,,
,,order_items.csv,,,,,,,,,,,,811.0,,,,,,,4.0,66.0,1.0,250.99,0.1,,,,,
,,order_items.csv,,,,,,,,,,,,812.0,,,,,,,1.0,76.0,2.0,299.99,0.1,,,,,
,,order_items.csv,,,,,,,,,,,,812.0,,,,,,,2.0,40.0,1.0,4999.99,0.2,,,,,
,,order_items.csv,,,,,,,,,,,,813.0,,,,,,,1.0,96.0,2.0,349.99,0.1,,,,,
,,order_items.csv,,,,,,,,,,,,813.0,,,,,,,2.0,85.0,2.0,329.99,0.2,,,,,
,,order_items.csv,,,,,,,,,,,,813.0,,,,,,,3.0,33.0,2.0,469.99,0.2,,,,,
,,order_items.csv,,,,,,,,,,,,813.0,,,,,,,4.0,26.0,2.0,599.99,0.07,,,,,
,,order_items.csv,,,,,,,,,,,,813.0,,,,,,,5.0,71.0,2.0,416.99,0.05,,,,,
,,order_items.csv,,,,,,,,,,,,814.0,,,,,,,1.0,69.0,2.0,416.99,0.1,,,,,
,,order_items.csv,,,,,,,,,,,,814.0,,,,,,,2.0,100.0,1.0,489.99,0.1,,,,,
,,order_items.csv,,,,,,,,,,,,814.0,,,,,,,3.0,65.0,1.0,346.99,0.2,,,,,
,,order_items.csv,,,,,,,,,,,,814.0,,,,,,,4.0,83.0,2.0,149.99,0.05,,,,,
,,order_items.csv,,,,,,,,,,,,815.0,,,,,,,1.0,105.0,2.0,533.99,0.2,,,,,
,,order_items.csv,,,,,,,,,,,,815.0,,,,,,,2.0,102.0,2.0,489.99,0.2,,,,,
,,order_items.csv,,,,,,,,,,,,815.0,,,,,,,3.0,87.0,2.0,189.99,0.1,,,,,
,,order_items.csv,,,,,,,,,,,,815.0,,,,,,,4.0,23.0,1.0,299.99,0.07,,,,,
,,order_items.csv,,,,,,,,,,,,816.0,,,,,,,1.0,75.0,2.0,599.99,0.1,,,,,
,,order_items.csv,,,,,,,,,,,,816.0,,,,,,,2.0,64.0,2.0,489.99,0.2,,,,,
,,order_items.csv,,,,,,,,,,,,817.0,,,,,,,1.0,85.0,1.0,329.99,0.05,,,,,
,,order_items.csv,,,,,,,,,,,,817.0,,,,,,,2.0,105.0,2.0,533.99,0.07,,,,,
,,order_items.csv,,,,,,,,,,,,817.0,,,,,,,3.0,48.0,2.0,1499.99,0.05,,,,,
,,order_items.csv,,,,,,,,,,,,818.0,,,,,,,1.0,103.0,1.0,551.99,0.05,,,,,
,,order_items.csv,,,,,,,,,,,,818.0,,,,,,,2.0,44.0,2.0,539.99,0.07,,,,,
,,order_items.csv,,,,,,,,,,,,818.0,,,,,,,3.0,19.0,2.0,449.0,0.05,,,,,
,,order_items.csv,,,,,,,,,,,,818.0,,,,,,,4.0,48.0,2.0,1499.99,0.05,,,,,
,,order_items.csv,,,,,,,,,,,,819.0,,,,,,,1.0,94.0,1.0,249.99,0.2,,,,,
,,order_items.csv,,,,,,,,,,,,820.0,,,,,,,1.0,107.0,1.0,416.99,0.05,,,,,
,,order_items.csv,,,,,,,,,,,,821.0,,,,,,,1.0,102.0,1.0,489.99,0.07,,,,,
,,order_items.csv,,,,,,,,,,,,821.0,,,,,,,2.0,70.0,2.0,659.99,0.2,,,,,
,,order_items.csv,,,,,,,,,,,,821.0,,,,,,,3.0,6.0,1.0,469.99,0.2,,,,,
,,order_items.csv,,,,,,,,,,,,821.0,,,,,,,4.0,107.0,1.0,416.99,0.05,,,,,
,,order_items.csv,,,,,,,,,,,,822.0,,,,,,,1.0,53.0,1.0,749.99,0.05,,,,,
,,order_items.csv,,,,,,,,,,,,822.0,,,,,,,2.0,72.0,1.0,619.99,0.2,,,,,
,,order_items.csv,,,,,,,,,,,,823.0,,,,,,,1.0,56.0,2.0,5499.99,0.07,,,,,
,,order_items.csv,,,,,,,,,,,,823.0,,,,,,,2.0,86.0,2.0,149.99,0.2,,,,,
,,order_items.csv,,,,,,,,,,,,823.0,,,,,,,3.0,81.0,1.0,1099.99,0.2,,,,,
,,order_items.csv,,,,,,,,,,,,824.0,,,,,,,1.0,92.0,2.0,209.99,0.1,,,,,
,,order_items.csv,,,,,,,,,,,,825.0,,,,,,,1.0,19.0,1.0,449.0,0.1,,,,,
,,order_items.csv,,,,,,,,,,,,825.0,,,,,,,2.0,30.0,2.0,999.99,0.2,,,,,
,,order_items.csv,,,,,,,,,,,,826.0,,,,,,,1.0,45.0,2.0,869.99,0.2,,,,,
,,order_items.csv,,,,,,,,,,,,826.0,,,,,,,2.0,36.0,1.0,832.99,0.1,,,,,
,,order_items.csv,,,,,,,,,,,,827.0,,,,,,,1.0,43.0,1.0,5299.99,0.05,,,,,
,,order_items.csv,,,,,,,,,,,,827.0,,,,,,,2.0,41.0,1.0,1469.99,0.2,,,,,
,,order_items.csv,,,,,,,,,,,,827.0,,,,,,,3.0,28.0,1.0,2499.99,0.2,,,,,
,,order_items.csv,,,,,,,,,,,,827.0,,,,,,,4.0,108.0,1.0,449.99,0.2,,,,,
,,order_items.csv,,,,,,,,,,,,828.0,,,,,,,1.0,25.0,2.0,499.99,0.2,,,,,
,,order_items.csv,,,,,,,,,,,,828.0,,,,,,,2.0,24.0,1.0,549.99,0.2,,,,,
,,order_items.csv,,,,,,,,,,,,828.0,,,,,,,3.0,55.0,2.0,2699.99,0.07,,,,,
,,order_items.csv,,,,,,,,,,,,829.0,,,,,,,1.0,103.0,1.0,551.99,0.2,,,,,
,,order_items.csv,,,,,,,,,,,,829.0,,,,,,,2.0,105.0,2.0,533.99,0.1,,,,,
,,order_items.csv,,,,,,,,,,,,830.0,,,,,,,1.0,85.0,2.0,329.99,0.2,,,,,
,,order_items.csv,,,,,,,,,,,,830.0,,,,,,,2.0,100.0,2.0,489.99,0.07,,,,,
,,order_items.csv,,,,,,,,,,,,830.0,,,,,,,3.0,96.0,2.0,349.99,0.2,,,,,
,,order_items.csv,,,,,,,,,,,,831.0,,,,,,,1.0,67.0,1.0,250.99,0.2,,,,,
,,order_items.csv,,,,,,,,,,,,831.0,,,,,,,2.0,11.0,1.0,1680.99,0.2,,,,,
,,order_items.csv,,,,,,,,,,,,831.0,,,,,,,3.0,68.0,1.0,449.99,0.1,,,,,
,,order_items.csv,,,,,,,,,,,,832.0,,,,,,,1.0,54.0,1.0,3199.99,0.05,,,,,
,,order_items.csv,,,,,,,,,,,,832.0,,,,,,,2.0,45.0,1.0,869.99,0.2,,,,,
,,order_items.csv,,,,,,,,,,,,832.0,,,,,,,3.0,27.0,1.0,999.99,0.07,,,,,
,,order_items.csv,,,,,,,,,,,,832.0,,,,,,,4.0,16.0,2.0,599.99,0.1,,,,,
,,order_items.csv,,,,,,,,,,,,833.0,,,,,,,1.0,20.0,2.0,599.99,0.05,,,,,
,,order_items.csv,,,,,,,,,,,,834.0,,,,,,,1.0,54.0,1.0,3199.99,0.07,,,,,
,,order_items.csv,,,,,,,,,,,,834.0,,,,,,,2.0,21.0,1.0,269.99,0.05,,,,,
,,order_items.csv,,,,,,,,,,,,834.0,,,,,,,3.0,78.0,1.0,647.99,0.2,,,,,
,,order_items.csv,,,,,,,,,,,,835.0,,,,,,,1.0,65.0,2.0,346.99,0.07,,,,,
,,order_items.csv,,,,,,,,,,,,835.0,,,,,,,2.0,82.0,1.0,659.99,0.2,,,,,
,,order_items.csv,,,,,,,,,,,,835.0,,,,,,,3.0,2.0,1.0,749.99,0.05,,,,,
,,order_items.csv,,,,,,,,,,,,836.0,,,,,,,1.0,108.0,2.0,449.99,0.2,,,,,
,,order_items.csv,,,,,,,,,,,,837.0,,,,,,,1.0,51.0,1.0,6499.99,0.05,,,,,
,,order_items.csv,,,,,,,,,,,,837.0,,,,,,,2.0,97.0,1.0,349.99,0.1,,,,,
,,order_items.csv,,,,,,,,,,,,837.0,,,,,,,3.0,87.0,2.0,189.99,0.2,,,,,
,,order_items.csv,,,,,,,,,,,,838.0,,,,,,,1.0,28.0,1.0,2499.99,0.1,,,,,
,,order_items.csv,,,,,,,,,,,,838.0,,,,,,,2.0,10.0,1.0,1549.0,0.1,,,,,
,,order_items.csv,,,,,,,,,,,,838.0,,,,,,,3.0,100.0,2.0,489.99,0.05,,,,,
,,order_items.csv,,,,,,,,,,,,838.0,,,,,,,4.0,65.0,2.0,346.99,0.07,,,,,
,,order_items.csv,,,,,,,,,,,,839.0,,,,,,,1.0,55.0,1.0,2699.99,0.07,,,,,
,,order_items.csv,,,,,,,,,,,,839.0,,,,,,,2.0,85.0,1.0,329.99,0.1,,,,,
,,order_items.csv,,,,,,,,,,,,839.0,,,,,,,3.0,58.0,2.0,4999.99,0.05,,,,,
,,order_items.csv,,,,,,,,,,,,840.0,,,,,,,1.0,27.0,1.0,999.99,0.07,,,,,
,,order_items.csv,,,,,,,,,,,,840.0,,,,,,,2.0,43.0,1.0,5299.99,0.07,,,,,
,,order_items.csv,,,,,,,,,,,,840.0,,,,,,,3.0,106.0,2.0,449.99,0.2,,,,,
,,order_items.csv,,,,,,,,,,,,841.0,,,,,,,1.0,22.0,2.0,269.99,0.1,,,,,
,,order_items.csv,,,,,,,,,,,,841.0,,,,,,,2.0,9.0,1.0,2999.99,0.2,,,,,
,,order_items.csv,,,,,,,,,,,,841.0,,,,,,,3.0,11.0,1.0,1680.99,0.2,,,,,
,,order_items.csv,,,,,,,,,,,,841.0,,,,,,,4.0,90.0,2.0,209.99,0.07,,,,,
,,order_items.csv,,,,,,,,,,,,841.0,,,,,,,5.0,100.0,1.0,489.99,0.1,,,,,
,,order_items.csv,,,,,,,,,,,,842.0,,,,,,,1.0,81.0,2.0,1099.99,0.07,,,,,
,,order_items.csv,,,,,,,,,,,,842.0,,,,,,,2.0,42.0,1.0,2299.99,0.1,,,,,
,,order_items.csv,,,,,,,,,,,,843.0,,,,,,,1.0,72.0,1.0,619.99,0.1,,,,,
,,order_items.csv,,,,,,,,,,,,843.0,,,,,,,2.0,75.0,2.0,599.99,0.1,,,,,
,,order_items.csv,,,,,,,,,,,,843.0,,,,,,,3.0,81.0,1.0,1099.99,0.1,,,,,
,,order_items.csv,,,,,,,,,,,,843.0,,,,,,,4.0,23.0,2.0,299.99,0.07,,,,,
,,order_items.csv,,,,,,,,,,,,844.0,,,,,,,1.0,79.0,2.0,402.99,0.07,,,,,
,,order_items.csv,,,,,,,,,,,,844.0,,,,,,,2.0,12.0,1.0,549.99,0.1,,,,,
,,order_items.csv,,,,,,,,,,,,844.0,,,,,,,3.0,83.0,2.0,149.99,0.2,,,,,
,,order_items.csv,,,,,,,,,,,,844.0,,,,,,,4.0,48.0,1.0,1499.99,0.2,,,,,
,,order_items.csv,,,,,,,,,,,,844.0,,,,,,,5.0,63.0,2.0,3499.99,0.05,,,,,
,,order_items.csv,,,,,,,,,,,,845.0,,,,,,,1.0,16.0,2.0,599.99,0.2,,,,,
,,order_items.csv,,,,,,,,,,,,845.0,,,,,,,2.0,75.0,1.0,599.99,0.2,,,,,
,,order_items.csv,,,,,,,,,,,,845.0,,,,,,,3.0,26.0,2.0,599.99,0.05,,,,,
,,order_items.csv,,,,,,,,,,,,845.0,,,,,,,4.0,73.0,2.0,749.99,0.2,,,,,
,,order_items.csv,,,,,,,,,,,,845.0,,,,,,,5.0,88.0,1.0,189.99,0.05,,,,,
,,order_items.csv,,,,,,,,,,,,846.0,,,,,,,1.0,46.0,2.0,1409.99,0.05,,,,,
,,order_items.csv,,,,,,,,,,,,846.0,,,,,,,2.0,47.0,1.0,5299.99,0.07,,,,,
,,order_items.csv,,,,,,,,,,,,846.0,,,,,,,3.0,71.0,1.0,416.99,0.1,,,,,
,,order_items.csv,,,,,,,,,,,,846.0,,,,,,,4.0,72.0,2.0,619.99,0.05,,,,,
,,order_items.csv,,,,,,,,,,,,846.0,,,,,,,5.0,103.0,2.0,551.99,0.07,,,,,
,,order_items.csv,,,,,,,,,,,,847.0,,,,,,,1.0,61.0,2.0,4999.99,0.05,,,,,
,,order_items.csv,,,,,,,,,,,,848.0,,,,,,,1.0,93.0,1.0,209.99,0.07,,,,,
,,order_items.csv,,,,,,,,,,,,848.0,,,,,,,2.0,100.0,2.0,489.99,0.2,,,,,
,,order_items.csv,,,,,,,,,,,,848.0,,,,,,,3.0,88.0,2.0,189.99,0.2,,,,,
,,order_items.csv,,,,,,,,,,,,848.0,,,,,,,4.0,41.0,2.0,1469.99,0.07,,,,,
,,order_items.csv,,,,,,,,,,,,849.0,,,,,,,1.0,109.0,1.0,416.99,0.2,,,,,
,,order_items.csv,,,,,,,,,,,,850.0,,,,,,,1.0,101.0,2.0,339.99,0.07,,,,,
,,order_items.csv,,,,,,,,,,,,850.0,,,,,,,2.0,5.0,2.0,1320.99,0.07,,,,,
,,order_items.csv,,,,,,,,,,,,850.0,,,,,,,3.0,37.0,1.0,379.99,0.07,,,,,
,,order_items.csv,,,,,,,,,,,,851.0,,,,,,,1.0,30.0,1.0,999.99,0.2,,,,,
,,order_items.csv,,,,,,,,,,,,851.0,,,,,,,2.0,93.0,1.0,209.99,0.05,,,,,
,,order_items.csv,,,,,,,,,,,,852.0,,,,,,,1.0,46.0,2.0,1409.99,0.07,,,,,
,,order_items.csv,,,,,,,,,,,,853.0,,,,,,,1.0,99.0,1.0,299.99,0.05,,,,,
,,order_items.csv,,,,,,,,,,,,853.0,,,,,,,2.0,58.0,2.0,4999.99,0.2,,,,,
,,order_items.csv,,,,,,,,,,,,853.0,,,,,,,3.0,42.0,2.0,2299.99,0.2,,,,,
,,order_items.csv,,,,,,,,,,,,853.0,,,,,,,4.0,45.0,1.0,869.99,0.2,,,,,
,,order_items.csv,,,,,,,,,,,,853.0,,,,,,,5.0,6.0,1.0,469.99,0.05,,,,,
,,order_items.csv,,,,,,,,,,,,854.0,,,,,,,1.0,87.0,1.0,189.99,0.1,,,,,
,,order_items.csv,,,,,,,,,,,,855.0,,,,,,,1.0,18.0,1.0,449.0,0.1,,,,,
,,order_items.csv,,,,,,,,,,,,855.0,,,,,,,2.0,93.0,2.0,209.99,0.2,,,,,
,,order_items.csv,,,,,,,,,,,,855.0,,,,,,,3.0,89.0,1.0,209.99,0.2,,,,,
,,order_items.csv,,,,,,,,,,,,856.0,,,,,,,1.0,38.0,2.0,549.99,0.05,,,,,
,,order_items.csv,,,,,,,,,,,,857.0,,,,,,,1.0,29.0,1.0,999.99,0.2,,,,,
,,order_items.csv,,,,,,,,,,,,858.0,,,,,,,1.0,45.0,2.0,869.99,0.2,,,,,
,,order_items.csv,,,,,,,,,,,,858.0,,,,,,,2.0,5.0,1.0,1320.99,0.2,,,,,
,,order_items.csv,,,,,,,,,,,,858.0,,,,,,,3.0,14.0,1.0,269.99,0.07,,,,,
,,order_items.csv,,,,,,,,,,,,858.0,,,,,,,4.0,73.0,2.0,749.99,0.07,,,,,
,,order_items.csv,,,,,,,,,,,,859.0,,,,,,,1.0,38.0,2.0,549.99,0.07,,,,,
,,order_items.csv,,,,,,,,,,,,859.0,,,,,,,2.0,13.0,1.0,269.99,0.1,,,,,
,,order_items.csv,,,,,,,,,,,,859.0,,,,,,,3.0,14.0,2.0,269.99,0.1,,,,,
,,order_items.csv,,,,,,,,,,,,859.0,,,,,,,4.0,71.0,2.0,416.99,0.1,,,,,
,,order_items.csv,,,,,,,,,,,,859.0,,,,,,,5.0,36.0,2.0,832.99,0.1,,,,,
,,order_items.csv,,,,,,,,,,,,860.0,,,,,,,1.0,6.0,1.0,469.99,0.05,,,,,
,,order_items.csv,,,,,,,,,,,,860.0,,,,,,,2.0,24.0,2.0,549.99,0.2,,,,,
,,order_items.csv,,,,,,,,,,,,860.0,,,,,,,3.0,25.0,1.0,499.99,0.2,,,,,
,,order_items.csv,,,,,,,,,,,,860.0,,,,,,,4.0,58.0,2.0,4999.99,0.07,,,,,
,,order_items.csv,,,,,,,,,,,,860.0,,,,,,,5.0,95.0,2.0,299.99,0.05,,,,,
,,order_items.csv,,,,,,,,,,,,861.0,,,,,,,1.0,14.0,2.0,269.99,0.07,,,,,
,,order_items.csv,,,,,,,,,,,,861.0,,,,,,,2.0,62.0,1.0,3499.99,0.2,,,,,
,,order_items.csv,,,,,,,,,,,,862.0,,,,,,,1.0,85.0,1.0,329.99,0.05,,,,,
,,order_items.csv,,,,,,,,,,,,862.0,,,,,,,2.0,99.0,1.0,299.99,0.2,,,,,
,,order_items.csv,,,,,,,,,,,,862.0,,,,,,,3.0,49.0,2.0,3499.99,0.07,,,,,
,,order_items.csv,,,,,,,,,,,,863.0,,,,,,,1.0,93.0,2.0,209.99,0.1,,,,,
,,order_items.csv,,,,,,,,,,,,864.0,,,,,,,1.0,37.0,1.0,379.99,0.1,,,,,
,,order_items.csv,,,,,,,,,,,,864.0,,,,,,,2.0,65.0,2.0,346.99,0.05,,,,,
,,order_items.csv,,,,,,,,,,,,864.0,,,,,,,3.0,13.0,1.0,269.99,0.2,,,,,
,,order_items.csv,,,,,,,,,,,,865.0,,,,,,,1.0,109.0,2.0,416.99,0.1,,,,,
,,order_items.csv,,,,,,,,,,,,865.0,,,,,,,2.0,34.0,1.0,469.99,0.05,,,,,
,,order_items.csv,,,,,,,,,,,,866.0,,,,,,,1.0,88.0,1.0,189.99,0.2,,,,,
,,order_items.csv,,,,,,,,,,,,866.0,,,,,,,2.0,67.0,2.0,250.99,0.07,,,,,
,,order_items.csv,,,,,,,,,,,,866.0,,,,,,,3.0,80.0,1.0,761.99,0.07,,,,,
,,order_items.csv,,,,,,,,,,,,866.0,,,,,,,4.0,13.0,2.0,269.99,0.07,,,,,
,,order_items.csv,,,,,,,,,,,,867.0,,,,,,,1.0,101.0,1.0,339.99,0.05,,,,,
,,order_items.csv,,,,,,,,,,,,868.0,,,,,,,1.0,46.0,1.0,1409.99,0.07,,,,,
,,order_items.csv,,,,,,,,,,,,869.0,,,,,,,1.0,7.0,1.0,3999.99,0.2,,,,,
,,order_items.csv,,,,,,,,,,,,869.0,,,,,,,2.0,106.0,2.0,449.99,0.05,,,,,
,,order_items.csv,,,,,,,,,,,,869.0,,,,,,,3.0,33.0,1.0,469.99,0.05,,,,,
,,order_items.csv,,,,,,,,,,,,869.0,,,,,,,4.0,55.0,2.0,2699.99,0.05,,,,,
,,order_items.csv,,,,,,,,,,,,869.0,,,,,,,5.0,65.0,2.0,346.99,0.2,,,,,
,,order_items.csv,,,,,,,,,,,,870.0,,,,,,,1.0,63.0,1.0,3499.99,0.07,,,,,
,,order_items.csv,,,,,,,,,,,,871.0,,,,,,,1.0,106.0,1.0,449.99,0.2,,,,,
,,order_items.csv,,,,,,,,,,,,871.0,,,,,,,2.0,38.0,1.0,549.99,0.1,,,,,
,,order_items.csv,,,,,,,,,,,,871.0,,,,,,,3.0,30.0,2.0,999.99,0.2,,,,,
,,order_items.csv,,,,,,,,,,,,871.0,,,,,,,4.0,107.0,2.0,416.99,0.05,,,,,
,,order_items.csv,,,,,,,,,,,,872.0,,,,,,,1.0,62.0,2.0,3499.99,0.07,,,,,
,,order_items.csv,,,,,,,,,,,,872.0,,,,,,,2.0,53.0,1.0,749.99,0.1,,,,,
,,order_items.csv,,,,,,,,,,,,873.0,,,,,,,1.0,32.0,2.0,469.99,0.1,,,,,
,,order_items.csv,,,,,,,,,,,,874.0,,,,,,,1.0,56.0,1.0,5499.99,0.05,,,,,
,,order_items.csv,,,,,,,,,,,,874.0,,,,,,,2.0,27.0,2.0,999.99,0.05,,,,,
,,order_items.csv,,,,,,,,,,,,874.0,,,,,,,3.0,73.0,1.0,749.99,0.1,,,,,
,,order_items.csv,,,,,,,,,,,,874.0,,,,,,,4.0,77.0,2.0,799.99,0.07,,,,,
,,order_items.csv,,,,,,,,,,,,875.0,,,,,,,1.0,5.0,2.0,1320.99,0.1,,,,,
,,order_items.csv,,,,,,,,,,,,875.0,,,,,,,2.0,15.0,2.0,529.99,0.05,,,,,
,,order_items.csv,,,,,,,,,,,,875.0,,,,,,,3.0,14.0,1.0,269.99,0.07,,,,,
,,order_items.csv,,,,,,,,,,,,875.0,,,,,,,4.0,111.0,1.0,470.99,0.2,,,,,
,,order_items.csv,,,,,,,,,,,,876.0,,,,,,,1.0,17.0,2.0,429.0,0.2,,,,,
,,order_items.csv,,,,,,,,,,,,876.0,,,,,,,2.0,66.0,2.0,250.99,0.2,,,,,
,,order_items.csv,,,,,,,,,,,,876.0,,,,,,,3.0,96.0,1.0,349.99,0.07,,,,,
,,order_items.csv,,,,,,,,,,,,876.0,,,,,,,4.0,107.0,2.0,416.99,0.05,,,,,
,,order_items.csv,,,,,,,,,,,,877.0,,,,,,,1.0,73.0,1.0,749.99,0.07,,,,,
,,order_items.csv,,,,,,,,,,,,877.0,,,,,,,2.0,103.0,1.0,551.99,0.1,,,,,
,,order_items.csv,,,,,,,,,,,,878.0,,,,,,,1.0,103.0,1.0,551.99,0.2,,,,,
,,order_items.csv,,,,,,,,,,,,878.0,,,,,,,2.0,13.0,1.0,269.99,0.1,,,,,
,,order_items.csv,,,,,,,,,,,,878.0,,,,,,,3.0,6.0,2.0,469.99,0.2,,,,,
,,order_items.csv,,,,,,,,,,,,878.0,,,,,,,4.0,18.0,2.0,449.0,0.05,,,,,
,,order_items.csv,,,,,,,,,,,,879.0,,,,,,,1.0,100.0,2.0,489.99,0.2,,,,,
,,order_items.csv,,,,,,,,,,,,879.0,,,,,,,2.0,2.0,2.0,749.99,0.07,,,,,
,,order_items.csv,,,,,,,,,,,,879.0,,,,,,,3.0,83.0,2.0,149.99,0.2,,,,,
,,order_items.csv,,,,,,,,,,,,879.0,,,,,,,4.0,82.0,1.0,659.99,0.07,,,,,
,,order_items.csv,,,,,,,,,,,,880.0,,,,,,,1.0,28.0,2.0,2499.99,0.2,,,,,
,,order_items.csv,,,,,,,,,,,,880.0,,,,,,,2.0,95.0,1.0,299.99,0.1,,,,,
,,order_items.csv,,,,,,,,,,,,880.0,,,,,,,3.0,5.0,1.0,1320.99,0.07,,,,,
,,order_items.csv,,,,,,,,,,,,880.0,,,,,,,4.0,26.0,1.0,599.99,0.1,,,,,
,,order_items.csv,,,,,,,,,,,,880.0,,,,,,,5.0,66.0,1.0,250.99,0.2,,,,,
,,order_items.csv,,,,,,,,,,,,881.0,,,,,,,1.0,98.0,1.0,489.99,0.07,,,,,
,,order_items.csv,,,,,,,,,,,,881.0,,,,,,,2.0,50.0,1.0,5999.99,0.2,,,,,
,,order_items.csv,,,,,,,,,,,,881.0,,,,,,,3.0,64.0,2.0,489.99,0.05,,,,,
,,order_items.csv,,,,,,,,,,,,881.0,,,,,,,4.0,67.0,1.0,250.99,0.1,,,,,
,,order_items.csv,,,,,,,,,,,,882.0,,,,,,,1.0,63.0,2.0,3499.99,0.07,,,,,
,,order_items.csv,,,,,,,,,,,,882.0,,,,,,,2.0,108.0,2.0,449.99,0.2,,,,,
,,order_items.csv,,,,,,,,,,,,882.0,,,,,,,3.0,57.0,2.0,1999.99,0.07,,,,,
,,order_items.csv,,,,,,,,,,,,883.0,,,,,,,1.0,44.0,1.0,539.99,0.05,,,,,
,,order_items.csv,,,,,,,,,,,,883.0,,,,,,,2.0,5.0,2.0,1320.99,0.05,,,,,
,,order_items.csv,,,,,,,,,,,,884.0,,,,,,,1.0,49.0,2.0,3499.99,0.05,,,,,
,,order_items.csv,,,,,,,,,,,,884.0,,,,,,,2.0,69.0,2.0,416.99,0.07,,,,,
,,order_items.csv,,,,,,,,,,,,884.0,,,,,,,3.0,46.0,2.0,1409.99,0.2,,,,,
,,order_items.csv,,,,,,,,,,,,884.0,,,,,,,4.0,10.0,1.0,1549.0,0.1,,,,,
,,order_items.csv,,,,,,,,,,,,884.0,,,,,,,5.0,21.0,2.0,269.99,0.05,,,,,
,,order_items.csv,,,,,,,,,,,,885.0,,,,,,,1.0,106.0,1.0,449.99,0.07,,,,,
,,order_items.csv,,,,,,,,,,,,885.0,,,,,,,2.0,43.0,1.0,5299.99,0.1,,,,,
,,order_items.csv,,,,,,,,,,,,886.0,,,,,,,1.0,47.0,1.0,5299.99,0.05,,,,,
,,order_items.csv,,,,,,,,,,,,886.0,,,,,,,2.0,30.0,1.0,999.99,0.05,,,,,
,,order_items.csv,,,,,,,,,,,,887.0,,,,,,,1.0,50.0,2.0,5999.99,0.05,,,,,
,,order_items.csv,,,,,,,,,,,,887.0,,,,,,,2.0,70.0,1.0,659.99,0.1,,,,,
,,order_items.csv,,,,,,,,,,,,888.0,,,,,,,1.0,33.0,2.0,469.99,0.1,,,,,
,,order_items.csv,,,,,,,,,,,,888.0,,,,,,,2.0,26.0,2.0,599.99,0.2,,,,,
,,order_items.csv,,,,,,,,,,,,889.0,,,,,,,1.0,12.0,2.0,549.99,0.1,,,,,
,,order_items.csv,,,,,,,,,,,,890.0,,,,,,,1.0,16.0,2.0,599.99,0.1,,,,,
,,order_items.csv,,,,,,,,,,,,890.0,,,,,,,2.0,105.0,2.0,533.99,0.1,,,,,
,,order_items.csv,,,,,,,,,,,,890.0,,,,,,,3.0,52.0,1.0,875.99,0.05,,,,,
,,order_items.csv,,,,,,,,,,,,890.0,,,,,,,4.0,67.0,1.0,250.99,0.1,,,,,
,,order_items.csv,,,,,,,,,,,,890.0,,,,,,,5.0,65.0,2.0,346.99,0.1,,,,,
,,order_items.csv,,,,,,,,,,,,891.0,,,,,,,1.0,107.0,2.0,416.99,0.1,,,,,
,,order_items.csv,,,,,,,,,,,,891.0,,,,,,,2.0,32.0,1.0,469.99,0.05,,,,,
,,order_items.csv,,,,,,,,,,,,891.0,,,,,,,3.0,35.0,2.0,832.99,0.1,,,,,
,,order_items.csv,,,,,,,,,,,,891.0,,,,,,,4.0,50.0,1.0,5999.99,0.1,,,,,
,,order_items.csv,,,,,,,,,,,,892.0,,,,,,,1.0,36.0,1.0,832.99,0.1,,,,,
,,order_items.csv,,,,,,,,,,,,892.0,,,,,,,2.0,9.0,2.0,2999.99,0.2,,,,,
,,order_items.csv,,,,,,,,,,,,892.0,,,,,,,3.0,50.0,2.0,5999.99,0.07,,,,,
,,order_items.csv,,,,,,,,,,,,892.0,,,,,,,4.0,88.0,1.0,189.99,0.05,,,,,
,,order_items.csv,,,,,,,,,,,,893.0,,,,,,,1.0,67.0,2.0,250.99,0.05,,,,,
,,order_items.csv,,,,,,,,,,,,893.0,,,,,,,2.0,45.0,1.0,869.99,0.07,,,,,
,,order_items.csv,,,,,,,,,,,,894.0,,,,,,,1.0,101.0,2.0,339.99,0.2,,,,,
,,order_items.csv,,,,,,,,,,,,895.0,,,,,,,1.0,106.0,1.0,449.99,0.07,,,,,
,,order_items.csv,,,,,,,,,,,,896.0,,,,,,,1.0,91.0,2.0,349.99,0.05,,,,,
,,order_items.csv,,,,,,,,,,,,896.0,,,,,,,2.0,10.0,1.0,1549.0,0.05,,,,,
,,order_items.csv,,,,,,,,,,,,897.0,,,,,,,1.0,105.0,1.0,533.99,0.05,,,,,
,,order_items.csv,,,,,,,,,,,,897.0,,,,,,,2.0,96.0,1.0,349.99,0.05,,,,,
,,order_items.csv,,,,,,,,,,,,898.0,,,,,,,1.0,45.0,2.0,869.99,0.2,,,,,
,,order_items.csv,,,,,,,,,,,,898.0,,,,,,,2.0,16.0,1.0,599.99,0.07,,,,,
,,order_items.csv,,,,,,,,,,,,898.0,,,,,,,3.0,57.0,2.0,1999.99,0.2,,,,,
,,order_items.csv,,,,,,,,,,,,898.0,,,,,,,4.0,69.0,2.0,416.99,0.07,,,,,
,,order_items.csv,,,,,,,,,,,,899.0,,,,,,,1.0,59.0,2.0,2599.99,0.1,,,,,
,,order_items.csv,,,,,,,,,,,,899.0,,,,,,,2.0,17.0,1.0,429.0,0.1,,,,,
,,order_items.csv,,,,,,,,,,,,899.0,,,,,,,3.0,6.0,1.0,469.99,0.2,,,,,
,,order_items.csv,,,,,,,,,,,,900.0,,,,,,,1.0,26.0,2.0,599.99,0.05,,,,,
,,order_items.csv,,,,,,,,,,,,900.0,,,,,,,2.0,108.0,1.0,449.99,0.07,,,,,
,,order_items.csv,,,,,,,,,,,,900.0,,,,,,,3.0,89.0,1.0,209.99,0.2,,,,,
,,order_items.csv,,,,,,,,,,,,900.0,,,,,,,4.0,61.0,2.0,4999.99,0.05,,,,,
,,order_items.csv,,,,,,,,,,,,900.0,,,,,,,5.0,28.0,2.0,2499.99,0.07,,,,,
,,order_items.csv,,,,,,,,,,,,901.0,,,,,,,1.0,50.0,1.0,5999.99,0.2,,,,,
,,order_items.csv,,,,,,,,,,,,901.0,,,,,,,2.0,43.0,1.0,5299.99,0.07,,,,,
,,order_items.csv,,,,,,,,,,,,902.0,,,,,,,1.0,38.0,2.0,549.99,0.07,,,,,
,,order_items.csv,,,,,,,,,,,,902.0,,,,,,,2.0,92.0,1.0,209.99,0.07,,,,,
,,order_items.csv,,,,,,,,,,,,902.0,,,,,,,3.0,12.0,1.0,549.99,0.2,,,,,
,,order_items.csv,,,,,,,,,,,,902.0,,,,,,,4.0,76.0,2.0,299.99,0.05,,,,,
,,order_items.csv,,,,,,,,,,,,903.0,,,,,,,1.0,31.0,2.0,1632.99,0.07,,,,,
,,order_items.csv,,,,,,,,,,,,903.0,,,,,,,2.0,48.0,2.0,1499.99,0.05,,,,,
,,order_items.csv,,,,,,,,,,,,904.0,,,,,,,1.0,36.0,2.0,832.99,0.1,,,,,
,,order_items.csv,,,,,,,,,,,,904.0,,,,,,,2.0,51.0,2.0,6499.99,0.07,,,,,
,,order_items.csv,,,,,,,,,,,,904.0,,,,,,,3.0,92.0,2.0,209.99,0.2,,,,,
,,order_items.csv,,,,,,,,,,,,904.0,,,,,,,4.0,13.0,1.0,269.99,0.2,,,,,
,,order_items.csv,,,,,,,,,,,,905.0,,,,,,,1.0,67.0,1.0,250.99,0.1,,,,,
,,order_items.csv,,,,,,,,,,,,905.0,,,,,,,2.0,62.0,2.0,3499.99,0.05,,,,,
,,order_items.csv,,,,,,,,,,,,905.0,,,,,,,3.0,42.0,2.0,2299.99,0.2,,,,,
,,order_items.csv,,,,,,,,,,,,905.0,,,,,,,4.0,20.0,1.0,599.99,0.2,,,,,
,,order_items.csv,,,,,,,,,,,,906.0,,,,,,,1.0,23.0,2.0,299.99,0.2,,,,,
,,order_items.csv,,,,,,,,,,,,906.0,,,,,,,2.0,28.0,2.0,2499.99,0.07,,,,,
,,order_items.csv,,,,,,,,,,,,906.0,,,,,,,3.0,46.0,1.0,1409.99,0.05,,,,,
,,order_items.csv,,,,,,,,,,,,906.0,,,,,,,4.0,102.0,2.0,489.99,0.1,,,,,
,,order_items.csv,,,,,,,,,,,,906.0,,,,,,,5.0,22.0,2.0,269.99,0.2,,,,,
,,order_items.csv,,,,,,,,,,,,907.0,,,,,,,1.0,84.0,2.0,109.99,0.07,,,,,
,,order_items.csv,,,,,,,,,,,,907.0,,,,,,,2.0,65.0,1.0,346.99,0.07,,,,,
,,order_items.csv,,,,,,,,,,,,908.0,,,,,,,1.0,41.0,1.0,1469.99,0.2,,,,,
,,order_items.csv,,,,,,,,,,,,908.0,,,,,,,2.0,94.0,1.0,249.99,0.1,,,,,
,,order_items.csv,,,,,,,,,,,,908.0,,,,,,,3.0,102.0,2.0,489.99,0.1,,,,,
,,order_items.csv,,,,,,,,,,,,909.0,,,,,,,1.0,5.0,1.0,1320.99,0.2,,,,,
,,order_items.csv,,,,,,,,,,,,910.0,,,,,,,1.0,23.0,1.0,299.99,0.1,,,,,
,,order_items.csv,,,,,,,,,,,,911.0,,,,,,,1.0,66.0,2.0,250.99,0.05,,,,,
,,order_items.csv,,,,,,,,,,,,911.0,,,,,,,2.0,106.0,1.0,449.99,0.05,,,,,
,,order_items.csv,,,,,,,,,,,,911.0,,,,,,,3.0,91.0,2.0,349.99,0.05,,,,,
,,order_items.csv,,,,,,,,,,,,911.0,,,,,,,4.0,49.0,1.0,3499.99,0.2,,,,,
,,order_items.csv,,,,,,,,,,,,912.0,,,,,,,1.0,22.0,2.0,269.99,0.2,,,,,
,,order_items.csv,,,,,,,,,,,,912.0,,,,,,,2.0,71.0,2.0,416.99,0.05,,,,,
,,order_items.csv,,,,,,,,,,,,912.0,,,,,,,3.0,101.0,1.0,339.99,0.05,,,,,
,,order_items.csv,,,,,,,,,,,,912.0,,,,,,,4.0,2.0,2.0,749.99,0.2,,,,,
,,order_items.csv,,,,,,,,,,,,913.0,,,,,,,1.0,90.0,2.0,209.99,0.1,,,,,
,,order_items.csv,,,,,,,,,,,,913.0,,,,,,,2.0,24.0,2.0,549.99,0.05,,,,,
,,order_items.csv,,,,,,,,,,,,914.0,,,,,,,1.0,38.0,1.0,549.99,0.07,,,,,
,,order_items.csv,,,,,,,,,,,,914.0,,,,,,,2.0,20.0,2.0,599.99,0.2,,,,,
,,order_items.csv,,,,,,,,,,,,914.0,,,,,,,3.0,106.0,1.0,449.99,0.05,,,,,
,,order_items.csv,,,,,,,,,,,,914.0,,,,,,,4.0,46.0,1.0,1409.99,0.1,,,,,
,,order_items.csv,,,,,,,,,,,,915.0,,,,,,,1.0,64.0,1.0,489.99,0.05,,,,,
,,order_items.csv,,,,,,,,,,,,915.0,,,,,,,2.0,48.0,1.0,1499.99,0.07,,,,,
,,order_items.csv,,,,,,,,,,,,915.0,,,,,,,3.0,42.0,1.0,2299.99,0.2,,,,,
,,order_items.csv,,,,,,,,,,,,915.0,,,,,,,4.0,2.0,1.0,749.99,0.07,,,,,
,,order_items.csv,,,,,,,,,,,,916.0,,,,,,,1.0,92.0,1.0,209.99,0.2,,,,,
,,order_items.csv,,,,,,,,,,,,917.0,,,,,,,1.0,41.0,1.0,1469.99,0.07,,,,,
,,order_items.csv,,,,,,,,,,,,918.0,,,,,,,1.0,91.0,1.0,349.99,0.2,,,,,
,,order_items.csv,,,,,,,,,,,,918.0,,,,,,,2.0,31.0,1.0,1632.99,0.1,,,,,
,,order_items.csv,,,,,,,,,,,,918.0,,,,,,,3.0,4.0,2.0,2899.99,0.07,,,,,
,,order_items.csv,,,,,,,,,,,,919.0,,,,,,,1.0,7.0,1.0,3999.99,0.07,,,,,
,,order_items.csv,,,,,,,,,,,,919.0,,,,,,,2.0,44.0,1.0,539.99,0.1,,,,,
,,order_items.csv,,,,,,,,,,,,920.0,,,,,,,1.0,76.0,1.0,299.99,0.05,,,,,
,,order_items.csv,,,,,,,,,,,,920.0,,,,,,,2.0,39.0,2.0,1499.99,0.07,,,,,
,,order_items.csv,,,,,,,,,,,,920.0,,,,,,,3.0,78.0,1.0,647.99,0.05,,,,,
,,order_items.csv,,,,,,,,,,,,920.0,,,,,,,4.0,80.0,2.0,761.99,0.07,,,,,
,,order_items.csv,,,,,,,,,,,,921.0,,,,,,,1.0,77.0,1.0,799.99,0.2,,,,,
,,order_items.csv,,,,,,,,,,,,921.0,,,,,,,2.0,75.0,2.0,599.99,0.07,,,,,
,,order_items.csv,,,,,,,,,,,,921.0,,,,,,,3.0,48.0,1.0,1499.99,0.1,,,,,
,,order_items.csv,,,,,,,,,,,,922.0,,,,,,,1.0,68.0,1.0,449.99,0.2,,,,,
,,order_items.csv,,,,,,,,,,,,922.0,,,,,,,2.0,73.0,1.0,749.99,0.2,,,,,
,,order_items.csv,,,,,,,,,,,,922.0,,,,,,,3.0,86.0,1.0,149.99,0.1,,,,,
,,order_items.csv,,,,,,,,,,,,923.0,,,,,,,1.0,74.0,2.0,439.99,0.05,,,,,
,,order_items.csv,,,,,,,,,,,,923.0,,,,,,,2.0,6.0,1.0,469.99,0.1,,,,,
,,order_items.csv,,,,,,,,,,,,924.0,,,,,,,1.0,97.0,2.0,349.99,0.2,,,,,
,,order_items.csv,,,,,,,,,,,,924.0,,,,,,,2.0,36.0,1.0,832.99,0.2,,,,,
,,order_items.csv,,,,,,,,,,,,925.0,,,,,,,1.0,97.0,1.0,349.99,0.07,,,,,
,,order_items.csv,,,,,,,,,,,,925.0,,,,,,,2.0,62.0,2.0,3499.99,0.2,,,,,
,,order_items.csv,,,,,,,,,,,,926.0,,,,,,,1.0,37.0,2.0,379.99,0.2,,,,,
,,order_items.csv,,,,,,,,,,,,927.0,,,,,,,1.0,74.0,2.0,439.99,0.1,,,,,
,,order_items.csv,,,,,,,,,,,,927.0,,,,,,,2.0,16.0,2.0,599.99,0.2,,,,,
,,order_items.csv,,,,,,,,,,,,927.0,,,,,,,3.0,50.0,1.0,5999.99,0.1,,,,,
,,order_items.csv,,,,,,,,,,,,927.0,,,,,,,4.0,3.0,1.0,999.99,0.1,,,,,
,,order_items.csv,,,,,,,,,,,,927.0,,,,,,,5.0,43.0,1.0,5299.99,0.07,,,,,
,,order_items.csv,,,,,,,,,,,,928.0,,,,,,,1.0,71.0,2.0,416.99,0.05,,,,,
,,order_items.csv,,,,,,,,,,,,928.0,,,,,,,2.0,83.0,1.0,149.99,0.2,,,,,
,,order_items.csv,,,,,,,,,,,,929.0,,,,,,,1.0,82.0,1.0,659.99,0.2,,,,,
,,order_items.csv,,,,,,,,,,,,929.0,,,,,,,2.0,63.0,2.0,3499.99,0.1,,,,,
,,order_items.csv,,,,,,,,,,,,929.0,,,,,,,3.0,24.0,1.0,549.99,0.05,,,,,
,,order_items.csv,,,,,,,,,,,,930.0,,,,,,,1.0,56.0,2.0,5499.99,0.07,,,,,
,,order_items.csv,,,,,,,,,,,,930.0,,,,,,,2.0,82.0,1.0,659.99,0.07,,,,,
,,order_items.csv,,,,,,,,,,,,930.0,,,,,,,3.0,60.0,1.0,1559.99,0.1,,,,,
,,order_items.csv,,,,,,,,,,,,930.0,,,,,,,4.0,65.0,2.0,346.99,0.05,,,,,
,,order_items.csv,,,,,,,,,,,,930.0,,,,,,,5.0,51.0,2.0,6499.99,0.1,,,,,
,,order_items.csv,,,,,,,,,,,,931.0,,,,,,,1.0,49.0,2.0,3499.99,0.07,,,,,
,,order_items.csv,,,,,,,,,,,,931.0,,,,,,,2.0,76.0,1.0,299.99,0.2,,,,,
,,order_items.csv,,,,,,,,,,,,932.0,,,,,,,1.0,74.0,1.0,439.99,0.05,,,,,
,,order_items.csv,,,,,,,,,,,,933.0,,,,,,,1.0,77.0,1.0,799.99,0.07,,,,,
,,order_items.csv,,,,,,,,,,,,933.0,,,,,,,2.0,21.0,1.0,269.99,0.2,,,,,
,,order_items.csv,,,,,,,,,,,,933.0,,,,,,,3.0,75.0,2.0,599.99,0.05,,,,,
,,order_items.csv,,,,,,,,,,,,934.0,,,,,,,1.0,35.0,2.0,832.99,0.05,,,,,
,,order_items.csv,,,,,,,,,,,,934.0,,,,,,,2.0,48.0,1.0,1499.99,0.05,,,,,
,,order_items.csv,,,,,,,,,,,,934.0,,,,,,,3.0,18.0,1.0,449.0,0.1,,,,,
,,order_items.csv,,,,,,,,,,,,934.0,,,,,,,4.0,61.0,1.0,4999.99,0.07,,,,,
,,order_items.csv,,,,,,,,,,,,934.0,,,,,,,5.0,56.0,2.0,5499.99,0.2,,,,,
,,order_items.csv,,,,,,,,,,,,935.0,,,,,,,1.0,65.0,2.0,346.99,0.2,,,,,
,,order_items.csv,,,,,,,,,,,,935.0,,,,,,,2.0,76.0,2.0,299.99,0.07,,,,,
,,order_items.csv,,,,,,,,,,,,935.0,,,,,,,3.0,6.0,1.0,469.99,0.07,,,,,
,,order_items.csv,,,,,,,,,,,,935.0,,,,,,,4.0,38.0,1.0,549.99,0.07,,,,,
,,order_items.csv,,,,,,,,,,,,936.0,,,,,,,1.0,70.0,1.0,659.99,0.1,,,,,
,,order_items.csv,,,,,,,,,,,,936.0,,,,,,,2.0,44.0,1.0,539.99,0.07,,,,,
,,order_items.csv,,,,,,,,,,,,937.0,,,,,,,1.0,108.0,2.0,449.99,0.1,,,,,
,,order_items.csv,,,,,,,,,,,,937.0,,,,,,,2.0,51.0,2.0,6499.99,0.07,,,,,
,,order_items.csv,,,,,,,,,,,,937.0,,,,,,,3.0,58.0,2.0,4999.99,0.07,,,,,
,,order_items.csv,,,,,,,,,,,,937.0,,,,,,,4.0,28.0,2.0,2499.99,0.07,,,,,
,,order_items.csv,,,,,,,,,,,,937.0,,,,,,,5.0,66.0,1.0,250.99,0.2,,,,,
,,order_items.csv,,,,,,,,,,,,938.0,,,,,,,1.0,4.0,1.0,2899.99,0.05,,,,,
,,order_items.csv,,,,,,,,,,,,938.0,,,,,,,2.0,13.0,1.0,269.99,0.05,,,,,
,,order_items.csv,,,,,,,,,,,,939.0,,,,,,,1.0,5.0,1.0,1320.99,0.1,,,,,
,,order_items.csv,,,,,,,,,,,,939.0,,,,,,,2.0,107.0,2.0,416.99,0.2,,,,,
,,order_items.csv,,,,,,,,,,,,940.0,,,,,,,1.0,75.0,2.0,599.99,0.2,,,,,
,,order_items.csv,,,,,,,,,,,,941.0,,,,,,,1.0,25.0,1.0,499.99,0.1,,,,,
,,order_items.csv,,,,,,,,,,,,941.0,,,,,,,2.0,102.0,2.0,489.99,0.05,,,,,
,,order_items.csv,,,,,,,,,,,,941.0,,,,,,,3.0,11.0,2.0,1680.99,0.07,,,,,
,,order_items.csv,,,,,,,,,,,,942.0,,,,,,,1.0,98.0,2.0,489.99,0.05,,,,,
,,order_items.csv,,,,,,,,,,,,942.0,,,,,,,2.0,110.0,2.0,470.99,0.1,,,,,
,,order_items.csv,,,,,,,,,,,,942.0,,,,,,,3.0,35.0,2.0,832.99,0.07,,,,,
,,order_items.csv,,,,,,,,,,,,942.0,,,,,,,4.0,103.0,1.0,551.99,0.05,,,,,
,,order_items.csv,,,,,,,,,,,,942.0,,,,,,,5.0,100.0,1.0,489.99,0.05,,,,,
,,order_items.csv,,,,,,,,,,,,943.0,,,,,,,1.0,25.0,1.0,499.99,0.2,,,,,
,,order_items.csv,,,,,,,,,,,,943.0,,,,,,,2.0,82.0,1.0,659.99,0.2,,,,,
,,order_items.csv,,,,,,,,,,,,944.0,,,,,,,1.0,29.0,2.0,999.99,0.07,,,,,
,,order_items.csv,,,,,,,,,,,,944.0,,,,,,,2.0,16.0,2.0,599.99,0.1,,,,,
,,order_items.csv,,,,,,,,,,,,944.0,,,,,,,3.0,70.0,2.0,659.99,0.2,,,,,
,,order_items.csv,,,,,,,,,,,,944.0,,,,,,,4.0,85.0,2.0,329.99,0.2,,,,,
,,order_items.csv,,,,,,,,,,,,944.0,,,,,,,5.0,69.0,2.0,416.99,0.07,,,,,
,,order_items.csv,,,,,,,,,,,,945.0,,,,,,,1.0,105.0,1.0,533.99,0.05,,,,,
,,order_items.csv,,,,,,,,,,,,945.0,,,,,,,2.0,94.0,2.0,249.99,0.2,,,,,
,,order_items.csv,,,,,,,,,,,,945.0,,,,,,,3.0,34.0,2.0,469.99,0.05,,,,,
,,order_items.csv,,,,,,,,,,,,945.0,,,,,,,4.0,44.0,2.0,539.99,0.1,,,,,
,,order_items.csv,,,,,,,,,,,,945.0,,,,,,,5.0,50.0,2.0,5999.99,0.05,,,,,
,,order_items.csv,,,,,,,,,,,,946.0,,,,,,,1.0,7.0,1.0,3999.99,0.1,,,,,
,,order_items.csv,,,,,,,,,,,,946.0,,,,,,,2.0,85.0,2.0,329.99,0.2,,,,,
,,order_items.csv,,,,,,,,,,,,946.0,,,,,,,3.0,62.0,1.0,3499.99,0.05,,,,,
,,order_items.csv,,,,,,,,,,,,946.0,,,,,,,4.0,22.0,2.0,269.99,0.2,,,,,
,,order_items.csv,,,,,,,,,,,,946.0,,,,,,,5.0,56.0,2.0,5499.99,0.07,,,,,
,,order_items.csv,,,,,,,,,,,,947.0,,,,,,,1.0,32.0,1.0,469.99,0.05,,,,,
,,order_items.csv,,,,,,,,,,,,947.0,,,,,,,2.0,42.0,2.0,2299.99,0.07,,,,,
,,order_items.csv,,,,,,,,,,,,947.0,,,,,,,3.0,44.0,1.0,539.99,0.07,,,,,
,,order_items.csv,,,,,,,,,,,,948.0,,,,,,,1.0,23.0,2.0,299.99,0.2,,,,,
,,order_items.csv,,,,,,,,,,,,948.0,,,,,,,2.0,20.0,2.0,599.99,0.1,,,,,
,,order_items.csv,,,,,,,,,,,,948.0,,,,,,,3.0,101.0,1.0,339.99,0.2,,,,,
,,order_items.csv,,,,,,,,,,,,948.0,,,,,,,4.0,92.0,2.0,209.99,0.2,,,,,
,,order_items.csv,,,,,,,,,,,,948.0,,,,,,,5.0,72.0,2.0,619.99,0.2,,,,,
,,order_items.csv,,,,,,,,,,,,949.0,,,,,,,1.0,9.0,2.0,2999.99,0.1,,,,,
,,order_items.csv,,,,,,,,,,,,949.0,,,,,,,2.0,55.0,2.0,2699.99,0.05,,,,,
,,order_items.csv,,,,,,,,,,,,950.0,,,,,,,1.0,56.0,1.0,5499.99,0.05,,,,,
,,order_items.csv,,,,,,,,,,,,951.0,,,,,,,1.0,59.0,1.0,2599.99,0.1,,,,,
,,order_items.csv,,,,,,,,,,,,951.0,,,,,,,2.0,43.0,2.0,5299.99,0.1,,,,,
,,order_items.csv,,,,,,,,,,,,951.0,,,,,,,3.0,62.0,2.0,3499.99,0.2,,,,,
,,order_items.csv,,,,,,,,,,,,952.0,,,,,,,1.0,20.0,2.0,599.99,0.07,,,,,
,,order_items.csv,,,,,,,,,,,,952.0,,,,,,,2.0,57.0,1.0,1999.99,0.05,,,,,
,,order_items.csv,,,,,,,,,,,,953.0,,,,,,,1.0,23.0,2.0,299.99,0.07,,,,,
,,order_items.csv,,,,,,,,,,,,954.0,,,,,,,1.0,4.0,2.0,2899.99,0.1,,,,,
,,order_items.csv,,,,,,,,,,,,955.0,,,,,,,1.0,43.0,1.0,5299.99,0.1,,,,,
,,order_items.csv,,,,,,,,,,,,955.0,,,,,,,2.0,31.0,2.0,1632.99,0.07,,,,,
,,order_items.csv,,,,,,,,,,,,955.0,,,,,,,3.0,96.0,1.0,349.99,0.05,,,,,
,,order_items.csv,,,,,,,,,,,,955.0,,,,,,,4.0,63.0,1.0,3499.99,0.2,,,,,
,,order_items.csv,,,,,,,,,,,,955.0,,,,,,,5.0,88.0,1.0,189.99,0.05,,,,,
,,order_items.csv,,,,,,,,,,,,956.0,,,,,,,1.0,76.0,2.0,299.99,0.1,,,,,
,,order_items.csv,,,,,,,,,,,,956.0,,,,,,,2.0,23.0,1.0,299.99,0.2,,,,,
,,order_items.csv,,,,,,,,,,,,956.0,,,,,,,3.0,73.0,2.0,749.99,0.1,,,,,
,,order_items.csv,,,,,,,,,,,,956.0,,,,,,,4.0,13.0,2.0,269.99,0.2,,,,,
,,order_items.csv,,,,,,,,,,,,956.0,,,,,,,5.0,79.0,2.0,402.99,0.1,,,,,
,,order_items.csv,,,,,,,,,,,,957.0,,,,,,,1.0,108.0,2.0,449.99,0.05,,,,,
,,order_items.csv,,,,,,,,,,,,957.0,,,,,,,2.0,14.0,2.0,269.99,0.07,,,,,
,,order_items.csv,,,,,,,,,,,,957.0,,,,,,,3.0,70.0,2.0,659.99,0.05,,,,,
,,order_items.csv,,,,,,,,,,,,957.0,,,,,,,4.0,66.0,1.0,250.99,0.07,,,,,
,,order_items.csv,,,,,,,,,,,,957.0,,,,,,,5.0,111.0,1.0,470.99,0.05,,,,,
,,order_items.csv,,,,,,,,,,,,958.0,,,,,,,1.0,51.0,1.0,6499.99,0.1,,,,,
,,order_items.csv,,,,,,,,,,,,958.0,,,,,,,2.0,76.0,1.0,299.99,0.2,,,,,
,,order_items.csv,,,,,,,,,,,,959.0,,,,,,,1.0,15.0,1.0,529.99,0.2,,,,,
,,order_items.csv,,,,,,,,,,,,959.0,,,,,,,2.0,72.0,1.0,619.99,0.1,,,,,
,,order_items.csv,,,,,,,,,,,,959.0,,,,,,,3.0,41.0,1.0,1469.99,0.05,,,,,
,,order_items.csv,,,,,,,,,,,,959.0,,,,,,,4.0,65.0,1.0,346.99,0.07,,,,,
,,order_items.csv,,,,,,,,,,,,960.0,,,,,,,1.0,73.0,2.0,749.99,0.05,,,,,
,,order_items.csv,,,,,,,,,,,,960.0,,,,,,,2.0,52.0,1.0,875.99,0.1,,,,,
,,order_items.csv,,,,,,,,,,,,960.0,,,,,,,3.0,48.0,2.0,1499.99,0.05,,,,,
,,order_items.csv,,,,,,,,,,,,960.0,,,,,,,4.0,83.0,2.0,149.99,0.1,,,,,
,,order_items.csv,,,,,,,,,,,,961.0,,,,,,,1.0,105.0,1.0,533.99,0.1,,,,,
,,order_items.csv,,,,,,,,,,,,961.0,,,,,,,2.0,47.0,2.0,5299.99,0.2,,,,,
,,order_items.csv,,,,,,,,,,,,961.0,,,,,,,3.0,65.0,2.0,346.99,0.07,,,,,
,,order_items.csv,,,,,,,,,,,,962.0,,,,,,,1.0,65.0,2.0,346.99,0.07,,,,,
,,order_items.csv,,,,,,,,,,,,962.0,,,,,,,2.0,64.0,2.0,489.99,0.07,,,,,
,,order_items.csv,,,,,,,,,,,,963.0,,,,,,,1.0,4.0,1.0,2899.99,0.07,,,,,
,,order_items.csv,,,,,,,,,,,,964.0,,,,,,,1.0,90.0,1.0,209.99,0.2,,,,,
,,order_items.csv,,,,,,,,,,,,964.0,,,,,,,2.0,74.0,1.0,439.99,0.2,,,,,
,,order_items.csv,,,,,,,,,,,,965.0,,,,,,,1.0,90.0,2.0,209.99,0.1,,,,,
,,order_items.csv,,,,,,,,,,,,966.0,,,,,,,1.0,88.0,1.0,189.99,0.05,,,,,
,,order_items.csv,,,,,,,,,,,,966.0,,,,,,,2.0,73.0,1.0,749.99,0.07,,,,,
,,order_items.csv,,,,,,,,,,,,967.0,,,,,,,1.0,66.0,1.0,250.99,0.2,,,,,
,,order_items.csv,,,,,,,,,,,,967.0,,,,,,,2.0,77.0,2.0,799.99,0.05,,,,,
,,order_items.csv,,,,,,,,,,,,967.0,,,,,,,3.0,87.0,1.0,189.99,0.1,,,,,
,,order_items.csv,,,,,,,,,,,,967.0,,,,,,,4.0,103.0,1.0,551.99,0.2,,,,,
,,order_items.csv,,,,,,,,,,,,968.0,,,,,,,1.0,87.0,1.0,189.99,0.2,,,,,
,,order_items.csv,,,,,,,,,,,,968.0,,,,,,,2.0,61.0,2.0,4999.99,0.05,,,,,
,,order_items.csv,,,,,,,,,,,,968.0,,,,,,,3.0,10.0,2.0,1549.0,0.05,,,,,
,,order_items.csv,,,,,,,,,,,,969.0,,,,,,,1.0,74.0,1.0,439.99,0.2,,,,,
,,order_items.csv,,,,,,,,,,,,969.0,,,,,,,2.0,36.0,1.0,832.99,0.1,,,,,
,,order_items.csv,,,,,,,,,,,,970.0,,,,,,,1.0,85.0,1.0,329.99,0.1,,,,,
,,order_items.csv,,,,,,,,,,,,970.0,,,,,,,2.0,48.0,2.0,1499.99,0.1,,,,,
,,order_items.csv,,,,,,,,,,,,970.0,,,,,,,3.0,54.0,2.0,3199.99,0.1,,,,,
,,order_items.csv,,,,,,,,,,,,970.0,,,,,,,4.0,68.0,1.0,449.99,0.1,,,,,
,,order_items.csv,,,,,,,,,,,,971.0,,,,,,,1.0,70.0,2.0,659.99,0.05,,,,,
,,order_items.csv,,,,,,,,,,,,971.0,,,,,,,2.0,65.0,2.0,346.99,0.07,,,,,
,,order_items.csv,,,,,,,,,,,,971.0,,,,,,,3.0,8.0,2.0,1799.99,0.05,,,,,
,,order_items.csv,,,,,,,,,,,,971.0,,,,,,,4.0,12.0,2.0,549.99,0.07,,,,,
,,order_items.csv,,,,,,,,,,,,971.0,,,,,,,5.0,38.0,1.0,549.99,0.2,,,,,
,,order_items.csv,,,,,,,,,,,,972.0,,,,,,,1.0,100.0,1.0,489.99,0.2,,,,,
,,order_items.csv,,,,,,,,,,,,972.0,,,,,,,2.0,63.0,1.0,3499.99,0.07,,,,,
,,order_items.csv,,,,,,,,,,,,973.0,,,,,,,1.0,4.0,2.0,2899.99,0.1,,,,,
,,order_items.csv,,,,,,,,,,,,973.0,,,,,,,2.0,28.0,2.0,2499.99,0.1,,,,,
,,order_items.csv,,,,,,,,,,,,973.0,,,,,,,3.0,47.0,2.0,5299.99,0.05,,,,,
,,order_items.csv,,,,,,,,,,,,973.0,,,,,,,4.0,71.0,1.0,416.99,0.07,,,,,
,,order_items.csv,,,,,,,,,,,,974.0,,,,,,,1.0,33.0,2.0,469.99,0.1,,,,,
,,order_items.csv,,,,,,,,,,,,974.0,,,,,,,2.0,22.0,2.0,269.99,0.2,,,,,
,,order_items.csv,,,,,,,,,,,,975.0,,,,,,,1.0,110.0,2.0,470.99,0.2,,,,,
,,order_items.csv,,,,,,,,,,,,976.0,,,,,,,1.0,26.0,2.0,599.99,0.1,,,,,
,,order_items.csv,,,,,,,,,,,,976.0,,,,,,,2.0,39.0,1.0,1499.99,0.07,,,,,
,,order_items.csv,,,,,,,,,,,,977.0,,,,,,,1.0,52.0,2.0,875.99,0.1,,,,,
,,order_items.csv,,,,,,,,,,,,977.0,,,,,,,2.0,69.0,2.0,416.99,0.05,,,,,
,,order_items.csv,,,,,,,,,,,,977.0,,,,,,,3.0,27.0,1.0,999.99,0.05,,,,,
,,order_items.csv,,,,,,,,,,,,977.0,,,,,,,4.0,80.0,2.0,761.99,0.05,,,,,
,,order_items.csv,,,,,,,,,,,,978.0,,,,,,,1.0,106.0,2.0,449.99,0.05,,,,,
,,order_items.csv,,,,,,,,,,,,978.0,,,,,,,2.0,25.0,2.0,499.99,0.2,,,,,
,,order_items.csv,,,,,,,,,,,,978.0,,,,,,,3.0,108.0,2.0,449.99,0.05,,,,,
,,order_items.csv,,,,,,,,,,,,979.0,,,,,,,1.0,55.0,1.0,2699.99,0.05,,,,,
,,order_items.csv,,,,,,,,,,,,979.0,,,,,,,2.0,71.0,2.0,416.99,0.2,,,,,
,,order_items.csv,,,,,,,,,,,,979.0,,,,,,,3.0,12.0,2.0,549.99,0.1,,,,,
,,order_items.csv,,,,,,,,,,,,979.0,,,,,,,4.0,52.0,1.0,875.99,0.2,,,,,
,,order_items.csv,,,,,,,,,,,,980.0,,,,,,,1.0,49.0,2.0,3499.99,0.2,,,,,
,,order_items.csv,,,,,,,,,,,,980.0,,,,,,,2.0,9.0,1.0,2999.99,0.1,,,,,
,,order_items.csv,,,,,,,,,,,,980.0,,,,,,,3.0,64.0,1.0,489.99,0.1,,,,,
,,order_items.csv,,,,,,,,,,,,981.0,,,,,,,1.0,35.0,1.0,832.99,0.1,,,,,
,,order_items.csv,,,,,,,,,,,,981.0,,,,,,,2.0,95.0,2.0,299.99,0.05,,,,,
,,order_items.csv,,,,,,,,,,,,981.0,,,,,,,3.0,21.0,2.0,269.99,0.07,,,,,
,,order_items.csv,,,,,,,,,,,,981.0,,,,,,,4.0,36.0,2.0,832.99,0.1,,,,,
,,order_items.csv,,,,,,,,,,,,981.0,,,,,,,5.0,61.0,1.0,4999.99,0.07,,,,,
,,order_items.csv,,,,,,,,,,,,982.0,,,,,,,1.0,22.0,2.0,269.99,0.1,,,,,
,,order_items.csv,,,,,,,,,,,,982.0,,,,,,,2.0,110.0,1.0,470.99,0.07,,,,,
,,order_items.csv,,,,,,,,,,,,982.0,,,,,,,3.0,52.0,1.0,875.99,0.07,,,,,
,,order_items.csv,,,,,,,,,,,,982.0,,,,,,,4.0,40.0,2.0,4999.99,0.05,,,,,
,,order_items.csv,,,,,,,,,,,,983.0,,,,,,,1.0,63.0,1.0,3499.99,0.1,,,,,
,,order_items.csv,,,,,,,,,,,,983.0,,,,,,,2.0,20.0,2.0,599.99,0.2,,,,,
,,order_items.csv,,,,,,,,,,,,983.0,,,,,,,3.0,68.0,1.0,449.99,0.07,,,,,
,,order_items.csv,,,,,,,,,,,,983.0,,,,,,,4.0,81.0,2.0,1099.99,0.07,,,,,
,,order_items.csv,,,,,,,,,,,,983.0,,,,,,,5.0,88.0,1.0,189.99,0.05,,,,,
,,order_items.csv,,,,,,,,,,,,984.0,,,,,,,1.0,68.0,1.0,449.99,0.2,,,,,
,,order_items.csv,,,,,,,,,,,,984.0,,,,,,,2.0,81.0,2.0,1099.99,0.2,,,,,
,,order_items.csv,,,,,,,,,,,,984.0,,,,,,,3.0,12.0,1.0,549.99,0.1,,,,,
,,order_items.csv,,,,,,,,,,,,984.0,,,,,,,4.0,111.0,1.0,470.99,0.2,,,,,
,,order_items.csv,,,,,,,,,,,,985.0,,,,,,,1.0,5.0,2.0,1320.99,0.07,,,,,
,,order_items.csv,,,,,,,,,,,,985.0,,,,,,,2.0,59.0,1.0,2599.99,0.2,,,,,
,,order_items.csv,,,,,,,,,,,,985.0,,,,,,,3.0,78.0,2.0,647.99,0.05,,,,,
,,order_items.csv,,,,,,,,,,,,986.0,,,,,,,1.0,87.0,1.0,189.99,0.1,,,,,
,,order_items.csv,,,,,,,,,,,,986.0,,,,,,,2.0,78.0,1.0,647.99,0.05,,,,,
,,order_items.csv,,,,,,,,,,,,986.0,,,,,,,3.0,26.0,2.0,599.99,0.07,,,,,
,,order_items.csv,,,,,,,,,,,,987.0,,,,,,,1.0,51.0,2.0,6499.99,0.1,,,,,
,,order_items.csv,,,,,,,,,,,,987.0,,,,,,,2.0,60.0,2.0,1559.99,0.2,,,,,
,,order_items.csv,,,,,,,,,,,,987.0,,,,,,,3.0,80.0,1.0,761.99,0.07,,,,,
,,order_items.csv,,,,,,,,,,,,988.0,,,,,,,1.0,35.0,1.0,832.99,0.2,,,,,
,,order_items.csv,,,,,,,,,,,,988.0,,,,,,,2.0,38.0,1.0,549.99,0.07,,,,,
,,order_items.csv,,,,,,,,,,,,988.0,,,,,,,3.0,12.0,2.0,549.99,0.07,,,,,
,,order_items.csv,,,,,,,,,,,,989.0,,,,,,,1.0,99.0,1.0,299.99,0.05,,,,,
,,order_items.csv,,,,,,,,,,,,989.0,,,,,,,2.0,27.0,1.0,999.99,0.1,,,,,
,,order_items.csv,,,,,,,,,,,,989.0,,,,,,,3.0,70.0,1.0,659.99,0.1,,,,,
,,order_items.csv,,,,,,,,,,,,989.0,,,,,,,4.0,84.0,2.0,109.99,0.07,,,,,
,,order_items.csv,,,,,,,,,,,,989.0,,,,,,,5.0,5.0,1.0,1320.99,0.1,,,,,
,,order_items.csv,,,,,,,,,,,,990.0,,,,,,,1.0,6.0,2.0,469.99,0.2,,,,,
,,order_items.csv,,,,,,,,,,,,990.0,,,,,,,2.0,29.0,1.0,999.99,0.1,,,,,
,,order_items.csv,,,,,,,,,,,,990.0,,,,,,,3.0,91.0,1.0,349.99,0.1,,,,,
,,order_items.csv,,,,,,,,,,,,990.0,,,,,,,4.0,14.0,2.0,269.99,0.1,,,,,
,,order_items.csv,,,,,,,,,,,,991.0,,,,,,,1.0,9.0,2.0,2999.99,0.2,,,,,
,,order_items.csv,,,,,,,,,,,,991.0,,,,,,,2.0,79.0,1.0,402.99,0.2,,,,,
,,order_items.csv,,,,,,,,,,,,991.0,,,,,,,3.0,34.0,1.0,469.99,0.2,,,,,
,,order_items.csv,,,,,,,,,,,,992.0,,,,,,,1.0,45.0,1.0,869.99,0.07,,,,,
,,order_items.csv,,,,,,,,,,,,992.0,,,,,,,2.0,102.0,1.0,489.99,0.1,,,,,
,,order_items.csv,,,,,,,,,,,,992.0,,,,,,,3.0,20.0,1.0,599.99,0.2,,,,,
,,order_items.csv,,,,,,,,,,,,992.0,,,,,,,4.0,101.0,2.0,339.99,0.2,,,,,
,,order_items.csv,,,,,,,,,,,,992.0,,,,,,,5.0,7.0,1.0,3999.99,0.05,,,,,
,,order_items.csv,,,,,,,,,,,,993.0,,,,,,,1.0,58.0,1.0,4999.99,0.2,,,,,
,,order_items.csv,,,,,,,,,,,,993.0,,,,,,,2.0,36.0,2.0,832.99,0.1,,,,,
,,order_items.csv,,,,,,,,,,,,993.0,,,,,,,3.0,10.0,2.0,1549.0,0.05,,,,,
,,order_items.csv,,,,,,,,,,,,993.0,,,,,,,4.0,99.0,2.0,299.99,0.07,,,,,
,,order_items.csv,,,,,,,,,,,,993.0,,,,,,,5.0,79.0,2.0,402.99,0.1,,,,,
,,order_items.csv,,,,,,,,,,,,994.0,,,,,,,1.0,37.0,2.0,379.99,0.1,,,,,
,,order_items.csv,,,,,,,,,,,,994.0,,,,,,,2.0,45.0,1.0,869.99,0.2,,,,,
,,order_items.csv,,,,,,,,,,,,994.0,,,,,,,3.0,66.0,1.0,250.99,0.07,,,,,
,,order_items.csv,,,,,,,,,,,,995.0,,,,,,,1.0,16.0,2.0,599.99,0.1,,,,,
,,order_items.csv,,,,,,,,,,,,995.0,,,,,,,2.0,90.0,1.0,209.99,0.2,,,,,
,,order_items.csv,,,,,,,,,,,,995.0,,,,,,,3.0,101.0,1.0,339.99,0.1,,,,,
,,order_items.csv,,,,,,,,,,,,996.0,,,,,,,1.0,68.0,2.0,449.99,0.05,,,,,
,,order_items.csv,,,,,,,,,,,,996.0,,,,,,,2.0,32.0,1.0,469.99,0.05,,,,,
,,order_items.csv,,,,,,,,,,,,997.0,,,,,,,1.0,86.0,2.0,149.99,0.07,,,,,
,,order_items.csv,,,,,,,,,,,,997.0,,,,,,,2.0,105.0,2.0,533.99,0.2,,,,,
,,order_items.csv,,,,,,,,,,,,997.0,,,,,,,3.0,14.0,2.0,269.99,0.07,,,,,
,,order_items.csv,,,,,,,,,,,,998.0,,,,,,,1.0,26.0,2.0,599.99,0.05,,,,,
,,order_items.csv,,,,,,,,,,,,998.0,,,,,,,2.0,105.0,1.0,533.99,0.2,,,,,
,,order_items.csv,,,,,,,,,,,,999.0,,,,,,,1.0,70.0,2.0,659.99,0.07,,,,,
,,order_items.csv,,,,,,,,,,,,999.0,,,,,,,2.0,106.0,1.0,449.99,0.05,,,,,
,,order_items.csv,,,,,,,,,,,,1000.0,,,,,,,1.0,65.0,2.0,346.99,0.05,,,,,
,,order_items.csv,,,,,,,,,,,,1000.0,,,,,,,2.0,111.0,1.0,470.99,0.1,,,,,
,,order_items.csv,,,,,,,,,,,,1000.0,,,,,,,3.0,19.0,2.0,449.0,0.07,,,,,
,,order_items.csv,,,,,,,,,,,,1000.0,,,,,,,4.0,29.0,2.0,999.99,0.05,,,,,
,,order_items.csv,,,,,,,,,,,,1001.0,,,,,,,1.0,72.0,1.0,619.99,0.05,,,,,
,,order_items.csv,,,,,,,,,,,,1001.0,,,,,,,2.0,45.0,2.0,869.99,0.05,,,,,
,,order_items.csv,,,,,,,,,,,,1001.0,,,,,,,3.0,58.0,1.0,4999.99,0.1,,,,,
,,order_items.csv,,,,,,,,,,,,1001.0,,,,,,,4.0,111.0,1.0,470.99,0.07,,,,,
,,order_items.csv,,,,,,,,,,,,1002.0,,,,,,,1.0,100.0,1.0,489.99,0.05,,,,,
,,order_items.csv,,,,,,,,,,,,1002.0,,,,,,,2.0,83.0,1.0,149.99,0.1,,,,,
,,order_items.csv,,,,,,,,,,,,1002.0,,,,,,,3.0,8.0,2.0,1799.99,0.1,,,,,
,,order_items.csv,,,,,,,,,,,,1002.0,,,,,,,4.0,79.0,1.0,402.99,0.2,,,,,
,,order_items.csv,,,,,,,,,,,,1003.0,,,,,,,1.0,34.0,2.0,469.99,0.05,,,,,
,,order_items.csv,,,,,,,,,,,,1003.0,,,,,,,2.0,51.0,2.0,6499.99,0.05,,,,,
,,order_items.csv,,,,,,,,,,,,1004.0,,,,,,,1.0,36.0,2.0,832.99,0.1,,,,,
,,order_items.csv,,,,,,,,,,,,1005.0,,,,,,,1.0,14.0,2.0,269.99,0.2,,,,,
,,order_items.csv,,,,,,,,,,,,1005.0,,,,,,,2.0,81.0,2.0,1099.99,0.1,,,,,
,,order_items.csv,,,,,,,,,,,,1005.0,,,,,,,3.0,99.0,1.0,299.99,0.1,,,,,
,,order_items.csv,,,,,,,,,,,,1006.0,,,,,,,1.0,20.0,1.0,599.99,0.07,,,,,
,,order_items.csv,,,,,,,,,,,,1006.0,,,,,,,2.0,68.0,1.0,449.99,0.1,,,,,
,,order_items.csv,,,,,,,,,,,,1006.0,,,,,,,3.0,56.0,2.0,5499.99,0.07,,,,,
,,order_items.csv,,,,,,,,,,,,1006.0,,,,,,,4.0,65.0,1.0,346.99,0.1,,,,,
,,order_items.csv,,,,,,,,,,,,1006.0,,,,,,,5.0,46.0,1.0,1409.99,0.1,,,,,
,,order_items.csv,,,,,,,,,,,,1007.0,,,,,,,1.0,26.0,1.0,599.99,0.2,,,,,
,,order_items.csv,,,,,,,,,,,,1007.0,,,,,,,2.0,11.0,1.0,1680.99,0.05,,,,,
,,order_items.csv,,,,,,,,,,,,1007.0,,,,,,,3.0,85.0,2.0,329.99,0.1,,,,,
,,order_items.csv,,,,,,,,,,,,1007.0,,,,,,,4.0,76.0,1.0,299.99,0.2,,,,,
,,order_items.csv,,,,,,,,,,,,1007.0,,,,,,,5.0,106.0,2.0,449.99,0.1,,,,,
,,order_items.csv,,,,,,,,,,,,1008.0,,,,,,,1.0,71.0,1.0,416.99,0.2,,,,,
,,order_items.csv,,,,,,,,,,,,1008.0,,,,,,,2.0,2.0,1.0,749.99,0.1,,,,,
,,order_items.csv,,,,,,,,,,,,1008.0,,,,,,,3.0,95.0,1.0,299.99,0.07,,,,,
,,order_items.csv,,,,,,,,,,,,1009.0,,,,,,,1.0,95.0,2.0,299.99,0.07,,,,,
,,order_items.csv,,,,,,,,,,,,1009.0,,,,,,,2.0,44.0,1.0,539.99,0.07,,,,,
,,order_items.csv,,,,,,,,,,,,1010.0,,,,,,,1.0,109.0,2.0,416.99,0.1,,,,,
,,order_items.csv,,,,,,,,,,,,1011.0,,,,,,,1.0,88.0,1.0,189.99,0.2,,,,,
,,order_items.csv,,,,,,,,,,,,1011.0,,,,,,,2.0,99.0,2.0,299.99,0.2,,,,,
,,order_items.csv,,,,,,,,,,,,1011.0,,,,,,,3.0,16.0,2.0,599.99,0.2,,,,,
,,order_items.csv,,,,,,,,,,,,1011.0,,,,,,,4.0,68.0,2.0,449.99,0.05,,,,,
,,order_items.csv,,,,,,,,,,,,1012.0,,,,,,,1.0,8.0,1.0,1799.99,0.07,,,,,
,,order_items.csv,,,,,,,,,,,,1012.0,,,,,,,2.0,64.0,1.0,489.99,0.2,,,,,
,,order_items.csv,,,,,,,,,,,,1013.0,,,,,,,1.0,60.0,2.0,1559.99,0.05,,,,,
,,order_items.csv,,,,,,,,,,,,1014.0,,,,,,,1.0,97.0,1.0,349.99,0.2,,,,,
,,order_items.csv,,,,,,,,,,,,1014.0,,,,,,,2.0,45.0,2.0,869.99,0.05,,,,,
,,order_items.csv,,,,,,,,,,,,1014.0,,,,,,,3.0,81.0,2.0,1099.99,0.1,,,,,
,,order_items.csv,,,,,,,,,,,,1014.0,,,,,,,4.0,59.0,1.0,2599.99,0.05,,,,,
,,order_items.csv,,,,,,,,,,,,1015.0,,,,,,,1.0,6.0,2.0,469.99,0.1,,,,,
,,order_items.csv,,,,,,,,,,,,1015.0,,,,,,,2.0,73.0,2.0,749.99,0.2,,,,,
,,order_items.csv,,,,,,,,,,,,1015.0,,,,,,,3.0,101.0,2.0,339.99,0.1,,,,,
,,order_items.csv,,,,,,,,,,,,1015.0,,,,,,,4.0,13.0,1.0,269.99,0.2,,,,,
,,order_items.csv,,,,,,,,,,,,1016.0,,,,,,,1.0,76.0,2.0,299.99,0.07,,,,,
,,order_items.csv,,,,,,,,,,,,1017.0,,,,,,,1.0,89.0,1.0,209.99,0.07,,,,,
,,order_items.csv,,,,,,,,,,,,1017.0,,,,,,,2.0,82.0,2.0,659.99,0.2,,,,,
,,order_items.csv,,,,,,,,,,,,1017.0,,,,,,,3.0,100.0,1.0,489.99,0.2,,,,,
,,order_items.csv,,,,,,,,,,,,1017.0,,,,,,,4.0,18.0,2.0,449.0,0.2,,,,,
,,order_items.csv,,,,,,,,,,,,1017.0,,,,,,,5.0,77.0,2.0,799.99,0.1,,,,,
,,order_items.csv,,,,,,,,,,,,1018.0,,,,,,,1.0,76.0,2.0,299.99,0.07,,,,,
,,order_items.csv,,,,,,,,,,,,1018.0,,,,,,,2.0,97.0,2.0,349.99,0.1,,,,,
,,order_items.csv,,,,,,,,,,,,1018.0,,,,,,,3.0,91.0,1.0,349.99,0.2,,,,,
,,order_items.csv,,,,,,,,,,,,1019.0,,,,,,,1.0,30.0,1.0,999.99,0.1,,,,,
,,order_items.csv,,,,,,,,,,,,1019.0,,,,,,,2.0,52.0,1.0,875.99,0.2,,,,,
,,order_items.csv,,,,,,,,,,,,1019.0,,,,,,,3.0,37.0,1.0,379.99,0.05,,,,,
,,order_items.csv,,,,,,,,,,,,1019.0,,,,,,,4.0,93.0,2.0,209.99,0.2,,,,,
,,order_items.csv,,,,,,,,,,,,1020.0,,,,,,,1.0,20.0,2.0,599.99,0.05,,,,,
,,order_items.csv,,,,,,,,,,,,1020.0,,,,,,,2.0,69.0,2.0,416.99,0.05,,,,,
,,order_items.csv,,,,,,,,,,,,1020.0,,,,,,,3.0,15.0,1.0,529.99,0.07,,,,,
,,order_items.csv,,,,,,,,,,,,1020.0,,,,,,,4.0,57.0,2.0,1999.99,0.1,,,,,
,,order_items.csv,,,,,,,,,,,,1020.0,,,,,,,5.0,40.0,2.0,4999.99,0.05,,,,,
,,order_items.csv,,,,,,,,,,,,1021.0,,,,,,,1.0,49.0,2.0,3499.99,0.07,,,,,
,,order_items.csv,,,,,,,,,,,,1021.0,,,,,,,2.0,23.0,2.0,299.99,0.07,,,,,
,,order_items.csv,,,,,,,,,,,,1022.0,,,,,,,1.0,33.0,1.0,469.99,0.2,,,,,
,,order_items.csv,,,,,,,,,,,,1022.0,,,,,,,2.0,46.0,1.0,1409.99,0.1,,,,,
,,order_items.csv,,,,,,,,,,,,1022.0,,,,,,,3.0,65.0,1.0,346.99,0.07,,,,,
,,order_items.csv,,,,,,,,,,,,1022.0,,,,,,,4.0,5.0,1.0,1320.99,0.07,,,,,
,,order_items.csv,,,,,,,,,,,,1023.0,,,,,,,1.0,91.0,1.0,349.99,0.07,,,,,
,,order_items.csv,,,,,,,,,,,,1023.0,,,,,,,2.0,43.0,2.0,5299.99,0.1,,,,,
,,order_items.csv,,,,,,,,,,,,1024.0,,,,,,,1.0,104.0,1.0,481.99,0.2,,,,,
,,order_items.csv,,,,,,,,,,,,1024.0,,,,,,,2.0,28.0,2.0,2499.99,0.05,,,,,
,,order_items.csv,,,,,,,,,,,,1024.0,,,,,,,3.0,98.0,2.0,489.99,0.2,,,,,
,,order_items.csv,,,,,,,,,,,,1024.0,,,,,,,4.0,96.0,2.0,349.99,0.1,,,,,
,,order_items.csv,,,,,,,,,,,,1024.0,,,,,,,5.0,91.0,1.0,349.99,0.2,,,,,
,,order_items.csv,,,,,,,,,,,,1025.0,,,,,,,1.0,89.0,1.0,209.99,0.07,,,,,
,,order_items.csv,,,,,,,,,,,,1025.0,,,,,,,2.0,102.0,1.0,489.99,0.1,,,,,
,,order_items.csv,,,,,,,,,,,,1025.0,,,,,,,3.0,39.0,1.0,1499.99,0.1,,,,,
,,order_items.csv,,,,,,,,,,,,1025.0,,,,,,,4.0,15.0,1.0,529.99,0.05,,,,,
,,order_items.csv,,,,,,,,,,,,1025.0,,,,,,,5.0,66.0,2.0,250.99,0.05,,,,,
,,order_items.csv,,,,,,,,,,,,1026.0,,,,,,,1.0,7.0,2.0,3999.99,0.07,,,,,
,,order_items.csv,,,,,,,,,,,,1027.0,,,,,,,1.0,95.0,2.0,299.99,0.1,,,,,
,,order_items.csv,,,,,,,,,,,,1027.0,,,,,,,2.0,14.0,2.0,269.99,0.05,,,,,
,,order_items.csv,,,,,,,,,,,,1028.0,,,,,,,1.0,111.0,2.0,470.99,0.1,,,,,
,,order_items.csv,,,,,,,,,,,,1028.0,,,,,,,2.0,10.0,1.0,1549.0,0.2,,,,,
,,order_items.csv,,,,,,,,,,,,1028.0,,,,,,,3.0,41.0,1.0,1469.99,0.2,,,,,
,,order_items.csv,,,,,,,,,,,,1028.0,,,,,,,4.0,35.0,2.0,832.99,0.1,,,,,
,,order_items.csv,,,,,,,,,,,,1028.0,,,,,,,5.0,108.0,1.0,449.99,0.2,,,,,
,,order_items.csv,,,,,,,,,,,,1029.0,,,,,,,1.0,20.0,1.0,599.99,0.2,,,,,
,,order_items.csv,,,,,,,,,,,,1029.0,,,,,,,2.0,55.0,1.0,2699.99,0.1,,,,,
,,order_items.csv,,,,,,,,,,,,1029.0,,,,,,,3.0,40.0,1.0,4999.99,0.2,,,,,
,,order_items.csv,,,,,,,,,,,,1029.0,,,,,,,4.0,68.0,2.0,449.99,0.1,,,,,
,,order_items.csv,,,,,,,,,,,,1030.0,,,,,,,1.0,27.0,1.0,999.99,0.05,,,,,
,,order_items.csv,,,,,,,,,,,,1030.0,,,,,,,2.0,10.0,2.0,1549.0,0.1,,,,,
,,order_items.csv,,,,,,,,,,,,1030.0,,,,,,,3.0,72.0,1.0,619.99,0.1,,,,,
,,order_items.csv,,,,,,,,,,,,1031.0,,,,,,,1.0,27.0,2.0,999.99,0.2,,,,,
,,order_items.csv,,,,,,,,,,,,1031.0,,,,,,,2.0,108.0,2.0,449.99,0.2,,,,,
,,order_items.csv,,,,,,,,,,,,1032.0,,,,,,,1.0,60.0,2.0,1559.99,0.1,,,,,
,,order_items.csv,,,,,,,,,,,,1032.0,,,,,,,2.0,17.0,1.0,429.0,0.1,,,,,
,,order_items.csv,,,,,,,,,,,,1033.0,,,,,,,1.0,26.0,1.0,599.99,0.07,,,,,
,,order_items.csv,,,,,,,,,,,,1033.0,,,,,,,2.0,109.0,2.0,416.99,0.1,,,,,
,,order_items.csv,,,,,,,,,,,,1033.0,,,,,,,3.0,27.0,2.0,999.99,0.07,,,,,
,,order_items.csv,,,,,,,,,,,,1034.0,,,,,,,1.0,101.0,1.0,339.99,0.1,,,,,
,,order_items.csv,,,,,,,,,,,,1034.0,,,,,,,2.0,8.0,2.0,1799.99,0.1,,,,,
,,order_items.csv,,,,,,,,,,,,1034.0,,,,,,,3.0,11.0,2.0,1680.99,0.07,,,,,
,,order_items.csv,,,,,,,,,,,,1034.0,,,,,,,4.0,21.0,1.0,269.99,0.05,,,,,
,,order_items.csv,,,,,,,,,,,,1035.0,,,,,,,1.0,96.0,1.0,349.99,0.2,,,,,
,,order_items.csv,,,,,,,,,,,,1036.0,,,,,,,1.0,55.0,2.0,2699.99,0.1,,,,,
,,order_items.csv,,,,,,,,,,,,1036.0,,,,,,,2.0,76.0,1.0,299.99,0.07,,,,,
,,order_items.csv,,,,,,,,,,,,1036.0,,,,,,,3.0,18.0,2.0,449.0,0.05,,,,,
,,order_items.csv,,,,,,,,,,,,1036.0,,,,,,,4.0,65.0,2.0,346.99,0.2,,,,,
,,order_items.csv,,,,,,,,,,,,1036.0,,,,,,,5.0,12.0,1.0,549.99,0.2,,,,,
,,order_items.csv,,,,,,,,,,,,1037.0,,,,,,,1.0,74.0,2.0,439.99,0.07,,,,,
,,order_items.csv,,,,,,,,,,,,1037.0,,,,,,,2.0,3.0,1.0,999.99,0.07,,,,,
,,order_items.csv,,,,,,,,,,,,1037.0,,,,,,,3.0,65.0,2.0,346.99,0.2,,,,,
,,order_items.csv,,,,,,,,,,,,1037.0,,,,,,,4.0,92.0,1.0,209.99,0.07,,,,,
,,order_items.csv,,,,,,,,,,,,1037.0,,,,,,,5.0,84.0,2.0,109.99,0.05,,,,,
,,order_items.csv,,,,,,,,,,,,1038.0,,,,,,,1.0,83.0,1.0,149.99,0.05,,,,,
,,order_items.csv,,,,,,,,,,,,1038.0,,,,,,,2.0,9.0,1.0,2999.99,0.07,,,,,
,,order_items.csv,,,,,,,,,,,,1039.0,,,,,,,1.0,18.0,2.0,449.0,0.2,,,,,
,,order_items.csv,,,,,,,,,,,,1040.0,,,,,,,1.0,97.0,1.0,349.99,0.1,,,,,
,,order_items.csv,,,,,,,,,,,,1040.0,,,,,,,2.0,28.0,2.0,2499.99,0.2,,,,,
,,order_items.csv,,,,,,,,,,,,1040.0,,,,,,,3.0,64.0,1.0,489.99,0.07,,,,,
,,order_items.csv,,,,,,,,,,,,1040.0,,,,,,,4.0,27.0,2.0,999.99,0.07,,,,,
,,order_items.csv,,,,,,,,,,,,1040.0,,,,,,,5.0,8.0,2.0,1799.99,0.05,,,,,
,,order_items.csv,,,,,,,,,,,,1041.0,,,,,,,1.0,89.0,1.0,209.99,0.1,,,,,
,,order_items.csv,,,,,,,,,,,,1041.0,,,,,,,2.0,61.0,2.0,4999.99,0.07,,,,,
,,order_items.csv,,,,,,,,,,,,1041.0,,,,,,,3.0,94.0,2.0,249.99,0.1,,,,,
,,order_items.csv,,,,,,,,,,,,1042.0,,,,,,,1.0,23.0,1.0,299.99,0.1,,,,,
,,order_items.csv,,,,,,,,,,,,1043.0,,,,,,,1.0,55.0,2.0,2699.99,0.1,,,,,
,,order_items.csv,,,,,,,,,,,,1043.0,,,,,,,2.0,20.0,1.0,599.99,0.07,,,,,
,,order_items.csv,,,,,,,,,,,,1044.0,,,,,,,1.0,97.0,2.0,349.99,0.1,,,,,
,,order_items.csv,,,,,,,,,,,,1045.0,,,,,,,1.0,28.0,1.0,2499.99,0.05,,,,,
,,order_items.csv,,,,,,,,,,,,1045.0,,,,,,,2.0,104.0,2.0,481.99,0.05,,,,,
,,order_items.csv,,,,,,,,,,,,1046.0,,,,,,,1.0,60.0,1.0,1559.99,0.07,,,,,
,,order_items.csv,,,,,,,,,,,,1046.0,,,,,,,2.0,79.0,1.0,402.99,0.07,,,,,
,,order_items.csv,,,,,,,,,,,,1046.0,,,,,,,3.0,32.0,1.0,469.99,0.07,,,,,
,,order_items.csv,,,,,,,,,,,,1046.0,,,,,,,4.0,41.0,2.0,1469.99,0.1,,,,,
,,order_items.csv,,,,,,,,,,,,1046.0,,,,,,,5.0,17.0,2.0,429.0,0.05,,,,,
,,order_items.csv,,,,,,,,,,,,1047.0,,,,,,,1.0,28.0,2.0,2499.99,0.1,,,,,
,,order_items.csv,,,,,,,,,,,,1047.0,,,,,,,2.0,78.0,1.0,647.99,0.2,,,,,
,,order_items.csv,,,,,,,,,,,,1047.0,,,,,,,3.0,35.0,1.0,832.99,0.05,,,,,
,,order_items.csv,,,,,,,,,,,,1047.0,,,,,,,4.0,49.0,1.0,3499.99,0.05,,,,,
,,order_items.csv,,,,,,,,,,,,1048.0,,,,,,,1.0,3.0,2.0,999.99,0.1,,,,,
,,order_items.csv,,,,,,,,,,,,1048.0,,,,,,,2.0,37.0,1.0,379.99,0.1,,,,,
,,order_items.csv,,,,,,,,,,,,1048.0,,,,,,,3.0,94.0,1.0,249.99,0.05,,,,,
,,order_items.csv,,,,,,,,,,,,1049.0,,,,,,,1.0,9.0,1.0,2999.99,0.1,,,,,
,,order_items.csv,,,,,,,,,,,,1049.0,,,,,,,2.0,36.0,2.0,832.99,0.05,,,,,
,,order_items.csv,,,,,,,,,,,,1049.0,,,,,,,3.0,3.0,1.0,999.99,0.1,,,,,
,,order_items.csv,,,,,,,,,,,,1049.0,,,,,,,4.0,26.0,1.0,599.99,0.07,,,,,
,,order_items.csv,,,,,,,,,,,,1049.0,,,,,,,5.0,10.0,2.0,1549.0,0.05,,,,,
,,order_items.csv,,,,,,,,,,,,1050.0,,,,,,,1.0,96.0,2.0,349.99,0.07,,,,,
,,order_items.csv,,,,,,,,,,,,1050.0,,,,,,,2.0,99.0,2.0,299.99,0.1,,,,,
,,order_items.csv,,,,,,,,,,,,1050.0,,,,,,,3.0,45.0,2.0,869.99,0.2,,,,,
,,order_items.csv,,,,,,,,,,,,1050.0,,,,,,,4.0,14.0,2.0,269.99,0.2,,,,,
,,order_items.csv,,,,,,,,,,,,1051.0,,,,,,,1.0,46.0,1.0,1409.99,0.2,,,,,
,,order_items.csv,,,,,,,,,,,,1052.0,,,,,,,1.0,7.0,1.0,3999.99,0.05,,,,,
,,order_items.csv,,,,,,,,,,,,1052.0,,,,,,,2.0,103.0,1.0,551.99,0.05,,,,,
,,order_items.csv,,,,,,,,,,,,1052.0,,,,,,,3.0,26.0,2.0,599.99,0.07,,,,,
,,order_items.csv,,,,,,,,,,,,1053.0,,,,,,,1.0,49.0,2.0,3499.99,0.05,,,,,
,,order_items.csv,,,,,,,,,,,,1053.0,,,,,,,2.0,26.0,2.0,599.99,0.2,,,,,
,,order_items.csv,,,,,,,,,,,,1053.0,,,,,,,3.0,23.0,2.0,299.99,0.2,,,,,
,,order_items.csv,,,,,,,,,,,,1053.0,,,,,,,4.0,68.0,1.0,449.99,0.1,,,,,
,,order_items.csv,,,,,,,,,,,,1053.0,,,,,,,5.0,73.0,2.0,749.99,0.05,,,,,
,,order_items.csv,,,,,,,,,,,,1054.0,,,,,,,1.0,36.0,2.0,832.99,0.1,,,,,
,,order_items.csv,,,,,,,,,,,,1054.0,,,,,,,2.0,16.0,1.0,599.99,0.05,,,,,
,,order_items.csv,,,,,,,,,,,,1055.0,,,,,,,1.0,43.0,2.0,5299.99,0.07,,,,,
,,order_items.csv,,,,,,,,,,,,1055.0,,,,,,,2.0,101.0,2.0,339.99,0.2,,,,,
,,order_items.csv,,,,,,,,,,,,1055.0,,,,,,,3.0,12.0,2.0,549.99,0.1,,,,,
,,order_items.csv,,,,,,,,,,,,1055.0,,,,,,,4.0,83.0,2.0,149.99,0.1,,,,,
,,order_items.csv,,,,,,,,,,,,1055.0,,,,,,,5.0,60.0,1.0,1559.99,0.2,,,,,
,,order_items.csv,,,,,,,,,,,,1056.0,,,,,,,1.0,3.0,1.0,999.99,0.05,,,,,
,,order_items.csv,,,,,,,,,,,,1057.0,,,,,,,1.0,105.0,1.0,533.99,0.2,,,,,
,,order_items.csv,,,,,,,,,,,,1057.0,,,,,,,2.0,97.0,1.0,349.99,0.05,,,,,
,,order_items.csv,,,,,,,,,,,,1057.0,,,,,,,3.0,98.0,2.0,489.99,0.05,,,,,
,,order_items.csv,,,,,,,,,,,,1058.0,,,,,,,1.0,43.0,1.0,5299.99,0.1,,,,,
,,order_items.csv,,,,,,,,,,,,1058.0,,,,,,,2.0,29.0,2.0,999.99,0.05,,,,,
,,order_items.csv,,,,,,,,,,,,1058.0,,,,,,,3.0,103.0,1.0,551.99,0.07,,,,,
,,order_items.csv,,,,,,,,,,,,1059.0,,,,,,,1.0,46.0,2.0,1409.99,0.05,,,,,
,,order_items.csv,,,,,,,,,,,,1059.0,,,,,,,2.0,7.0,1.0,3999.99,0.1,,,,,
,,order_items.csv,,,,,,,,,,,,1059.0,,,,,,,3.0,13.0,1.0,269.99,0.07,,,,,
,,order_items.csv,,,,,,,,,,,,1060.0,,,,,,,1.0,7.0,1.0,3999.99,0.07,,,,,
,,order_items.csv,,,,,,,,,,,,1060.0,,,,,,,2.0,11.0,2.0,1680.99,0.07,,,,,
,,order_items.csv,,,,,,,,,,,,1060.0,,,,,,,3.0,61.0,2.0,4999.99,0.1,,,,,
,,order_items.csv,,,,,,,,,,,,1060.0,,,,,,,4.0,30.0,2.0,999.99,0.05,,,,,
,,order_items.csv,,,,,,,,,,,,1061.0,,,,,,,1.0,14.0,1.0,269.99,0.07,,,,,
,,order_items.csv,,,,,,,,,,,,1061.0,,,,,,,2.0,19.0,1.0,449.0,0.1,,,,,
,,order_items.csv,,,,,,,,,,,,1062.0,,,,,,,1.0,13.0,1.0,269.99,0.05,,,,,
,,order_items.csv,,,,,,,,,,,,1062.0,,,,,,,2.0,111.0,2.0,470.99,0.2,,,,,
,,order_items.csv,,,,,,,,,,,,1062.0,,,,,,,3.0,5.0,1.0,1320.99,0.05,,,,,
,,order_items.csv,,,,,,,,,,,,1062.0,,,,,,,4.0,12.0,1.0,549.99,0.2,,,,,
,,order_items.csv,,,,,,,,,,,,1063.0,,,,,,,1.0,33.0,2.0,469.99,0.1,,,,,
,,order_items.csv,,,,,,,,,,,,1063.0,,,,,,,2.0,100.0,2.0,489.99,0.07,,,,,
,,order_items.csv,,,,,,,,,,,,1063.0,,,,,,,3.0,72.0,2.0,619.99,0.2,,,,,
,,order_items.csv,,,,,,,,,,,,1064.0,,,,,,,1.0,18.0,1.0,449.0,0.07,,,,,
,,order_items.csv,,,,,,,,,,,,1064.0,,,,,,,2.0,49.0,1.0,3499.99,0.1,,,,,
,,order_items.csv,,,,,,,,,,,,1065.0,,,,,,,1.0,48.0,2.0,1499.99,0.07,,,,,
,,order_items.csv,,,,,,,,,,,,1065.0,,,,,,,2.0,103.0,2.0,551.99,0.05,,,,,
,,order_items.csv,,,,,,,,,,,,1065.0,,,,,,,3.0,63.0,1.0,3499.99,0.07,,,,,
,,order_items.csv,,,,,,,,,,,,1066.0,,,,,,,1.0,15.0,2.0,529.99,0.05,,,,,
,,order_items.csv,,,,,,,,,,,,1066.0,,,,,,,2.0,46.0,1.0,1409.99,0.1,,,,,
,,order_items.csv,,,,,,,,,,,,1066.0,,,,,,,3.0,12.0,1.0,549.99,0.1,,,,,
,,order_items.csv,,,,,,,,,,,,1067.0,,,,,,,1.0,74.0,2.0,439.99,0.07,,,,,
,,order_items.csv,,,,,,,,,,,,1067.0,,,,,,,2.0,9.0,2.0,2999.99,0.2,,,,,
,,order_items.csv,,,,,,,,,,,,1067.0,,,,,,,3.0,72.0,2.0,619.99,0.1,,,,,
,,order_items.csv,,,,,,,,,,,,1067.0,,,,,,,4.0,6.0,2.0,469.99,0.2,,,,,
,,order_items.csv,,,,,,,,,,,,1068.0,,,,,,,1.0,87.0,2.0,189.99,0.2,,,,,
,,order_items.csv,,,,,,,,,,,,1068.0,,,,,,,2.0,82.0,1.0,659.99,0.2,,,,,
,,order_items.csv,,,,,,,,,,,,1068.0,,,,,,,3.0,49.0,2.0,3499.99,0.2,,,,,
,,order_items.csv,,,,,,,,,,,,1068.0,,,,,,,4.0,45.0,2.0,869.99,0.2,,,,,
,,order_items.csv,,,,,,,,,,,,1069.0,,,,,,,1.0,109.0,1.0,416.99,0.07,,,,,
,,order_items.csv,,,,,,,,,,,,1069.0,,,,,,,2.0,93.0,1.0,209.99,0.1,,,,,
,,order_items.csv,,,,,,,,,,,,1070.0,,,,,,,1.0,110.0,1.0,470.99,0.2,,,,,
,,order_items.csv,,,,,,,,,,,,1070.0,,,,,,,2.0,18.0,2.0,449.0,0.1,,,,,
,,order_items.csv,,,,,,,,,,,,1070.0,,,,,,,3.0,94.0,1.0,249.99,0.05,,,,,
,,order_items.csv,,,,,,,,,,,,1071.0,,,,,,,1.0,25.0,2.0,499.99,0.2,,,,,
,,order_items.csv,,,,,,,,,,,,1072.0,,,,,,,1.0,83.0,1.0,149.99,0.2,,,,,
,,order_items.csv,,,,,,,,,,,,1072.0,,,,,,,2.0,89.0,2.0,209.99,0.07,,,,,
,,order_items.csv,,,,,,,,,,,,1072.0,,,,,,,3.0,36.0,2.0,832.99,0.07,,,,,
,,order_items.csv,,,,,,,,,,,,1073.0,,,,,,,1.0,81.0,1.0,1099.99,0.2,,,,,
,,order_items.csv,,,,,,,,,,,,1073.0,,,,,,,2.0,13.0,1.0,269.99,0.07,,,,,
,,order_items.csv,,,,,,,,,,,,1073.0,,,,,,,3.0,20.0,1.0,599.99,0.2,,,,,
,,order_items.csv,,,,,,,,,,,,1074.0,,,,,,,1.0,59.0,1.0,2599.99,0.1,,,,,
,,order_items.csv,,,,,,,,,,,,1074.0,,,,,,,2.0,87.0,1.0,189.99,0.07,,,,,
,,order_items.csv,,,,,,,,,,,,1074.0,,,,,,,3.0,89.0,2.0,209.99,0.1,,,,,
,,order_items.csv,,,,,,,,,,,,1075.0,,,,,,,1.0,48.0,2.0,1499.99,0.1,,,,,
,,order_items.csv,,,,,,,,,,,,1075.0,,,,,,,2.0,111.0,2.0,470.99,0.05,,,,,
,,order_items.csv,,,,,,,,,,,,1076.0,,,,,,,1.0,95.0,1.0,299.99,0.1,,,,,
,,order_items.csv,,,,,,,,,,,,1076.0,,,,,,,2.0,102.0,1.0,489.99,0.07,,,,,
,,order_items.csv,,,,,,,,,,,,1076.0,,,,,,,3.0,73.0,2.0,749.99,0.07,,,,,
,,order_items.csv,,,,,,,,,,,,1077.0,,,,,,,1.0,60.0,2.0,1559.99,0.05,,,,,
,,order_items.csv,,,,,,,,,,,,1078.0,,,,,,,1.0,76.0,2.0,299.99,0.07,,,,,
,,order_items.csv,,,,,,,,,,,,1078.0,,,,,,,2.0,60.0,2.0,1559.99,0.2,,,,,
,,order_items.csv,,,,,,,,,,,,1078.0,,,,,,,3.0,15.0,1.0,529.99,0.07,,,,,
,,order_items.csv,,,,,,,,,,,,1078.0,,,,,,,4.0,10.0,2.0,1549.0,0.1,,,,,
,,order_items.csv,,,,,,,,,,,,1078.0,,,,,,,5.0,72.0,2.0,619.99,0.2,,,,,
,,order_items.csv,,,,,,,,,,,,1079.0,,,,,,,1.0,70.0,2.0,659.99,0.07,,,,,
,,order_items.csv,,,,,,,,,,,,1080.0,,,,,,,1.0,31.0,1.0,1632.99,0.2,,,,,
,,order_items.csv,,,,,,,,,,,,1080.0,,,,,,,2.0,40.0,1.0,4999.99,0.1,,,,,
,,order_items.csv,,,,,,,,,,,,1080.0,,,,,,,3.0,50.0,1.0,5999.99,0.05,,,,,
,,order_items.csv,,,,,,,,,,,,1080.0,,,,,,,4.0,32.0,2.0,469.99,0.2,,,,,
,,order_items.csv,,,,,,,,,,,,1080.0,,,,,,,5.0,86.0,1.0,149.99,0.05,,,,,
,,order_items.csv,,,,,,,,,,,,1081.0,,,,,,,1.0,52.0,2.0,875.99,0.1,,,,,
,,order_items.csv,,,,,,,,,,,,1082.0,,,,,,,1.0,29.0,2.0,999.99,0.2,,,,,
,,order_items.csv,,,,,,,,,,,,1083.0,,,,,,,1.0,65.0,2.0,346.99,0.2,,,,,
,,order_items.csv,,,,,,,,,,,,1083.0,,,,,,,2.0,77.0,2.0,799.99,0.1,,,,,
,,order_items.csv,,,,,,,,,,,,1083.0,,,,,,,3.0,61.0,1.0,4999.99,0.07,,,,,
,,order_items.csv,,,,,,,,,,,,1083.0,,,,,,,4.0,33.0,1.0,469.99,0.2,,,,,
,,order_items.csv,,,,,,,,,,,,1084.0,,,,,,,1.0,30.0,1.0,999.99,0.05,,,,,
,,order_items.csv,,,,,,,,,,,,1084.0,,,,,,,2.0,70.0,1.0,659.99,0.05,,,,,
,,order_items.csv,,,,,,,,,,,,1084.0,,,,,,,3.0,98.0,2.0,489.99,0.2,,,,,
,,order_items.csv,,,,,,,,,,,,1084.0,,,,,,,4.0,65.0,2.0,346.99,0.07,,,,,
,,order_items.csv,,,,,,,,,,,,1084.0,,,,,,,5.0,60.0,1.0,1559.99,0.1,,,,,
,,order_items.csv,,,,,,,,,,,,1085.0,,,,,,,1.0,66.0,2.0,250.99,0.2,,,,,
,,order_items.csv,,,,,,,,,,,,1085.0,,,,,,,2.0,64.0,1.0,489.99,0.1,,,,,
,,order_items.csv,,,,,,,,,,,,1085.0,,,,,,,3.0,74.0,1.0,439.99,0.1,,,,,
,,order_items.csv,,,,,,,,,,,,1086.0,,,,,,,1.0,108.0,1.0,449.99,0.07,,,,,
,,order_items.csv,,,,,,,,,,,,1086.0,,,,,,,2.0,67.0,1.0,250.99,0.1,,,,,
,,order_items.csv,,,,,,,,,,,,1086.0,,,,,,,3.0,81.0,2.0,1099.99,0.05,,,,,
,,order_items.csv,,,,,,,,,,,,1086.0,,,,,,,4.0,10.0,2.0,1549.0,0.07,,,,,
,,order_items.csv,,,,,,,,,,,,1086.0,,,,,,,5.0,5.0,1.0,1320.99,0.2,,,,,
,,order_items.csv,,,,,,,,,,,,1087.0,,,,,,,1.0,15.0,1.0,529.99,0.07,,,,,
,,order_items.csv,,,,,,,,,,,,1087.0,,,,,,,2.0,102.0,2.0,489.99,0.07,,,,,
,,order_items.csv,,,,,,,,,,,,1087.0,,,,,,,3.0,59.0,2.0,2599.99,0.1,,,,,
,,order_items.csv,,,,,,,,,,,,1087.0,,,,,,,4.0,13.0,2.0,269.99,0.07,,,,,
,,order_items.csv,,,,,,,,,,,,1087.0,,,,,,,5.0,109.0,2.0,416.99,0.2,,,,,
,,order_items.csv,,,,,,,,,,,,1088.0,,,,,,,1.0,64.0,1.0,489.99,0.1,,,,,
,,order_items.csv,,,,,,,,,,,,1088.0,,,,,,,2.0,30.0,1.0,999.99,0.1,,,,,
,,order_items.csv,,,,,,,,,,,,1088.0,,,,,,,3.0,33.0,1.0,469.99,0.07,,,,,
,,order_items.csv,,,,,,,,,,,,1088.0,,,,,,,4.0,36.0,2.0,832.99,0.2,,,,,
,,order_items.csv,,,,,,,,,,,,1089.0,,,,,,,1.0,70.0,2.0,659.99,0.07,,,,,
,,order_items.csv,,,,,,,,,,,,1089.0,,,,,,,2.0,30.0,2.0,999.99,0.05,,,,,
,,order_items.csv,,,,,,,,,,,,1090.0,,,,,,,1.0,74.0,1.0,439.99,0.2,,,,,
,,order_items.csv,,,,,,,,,,,,1091.0,,,,,,,1.0,97.0,1.0,349.99,0.05,,,,,
,,order_items.csv,,,,,,,,,,,,1091.0,,,,,,,2.0,56.0,1.0,5499.99,0.1,,,,,
,,order_items.csv,,,,,,,,,,,,1091.0,,,,,,,3.0,19.0,1.0,449.0,0.1,,,,,
,,order_items.csv,,,,,,,,,,,,1092.0,,,,,,,1.0,34.0,1.0,469.99,0.05,,,,,
,,order_items.csv,,,,,,,,,,,,1092.0,,,,,,,2.0,30.0,2.0,999.99,0.07,,,,,
,,order_items.csv,,,,,,,,,,,,1092.0,,,,,,,3.0,2.0,2.0,749.99,0.1,,,,,
,,order_items.csv,,,,,,,,,,,,1092.0,,,,,,,4.0,18.0,1.0,449.0,0.2,,,,,
,,order_items.csv,,,,,,,,,,,,1093.0,,,,,,,1.0,45.0,2.0,869.99,0.07,,,,,
,,order_items.csv,,,,,,,,,,,,1093.0,,,,,,,2.0,17.0,2.0,429.0,0.1,,,,,
,,order_items.csv,,,,,,,,,,,,1093.0,,,,,,,3.0,90.0,2.0,209.99,0.1,,,,,
,,order_items.csv,,,,,,,,,,,,1094.0,,,,,,,1.0,71.0,1.0,416.99,0.1,,,,,
,,order_items.csv,,,,,,,,,,,,1094.0,,,,,,,2.0,11.0,1.0,1680.99,0.1,,,,,
,,order_items.csv,,,,,,,,,,,,1094.0,,,,,,,3.0,24.0,1.0,549.99,0.1,,,,,
,,order_items.csv,,,,,,,,,,,,1094.0,,,,,,,4.0,107.0,1.0,416.99,0.2,,,,,
,,order_items.csv,,,,,,,,,,,,1095.0,,,,,,,1.0,78.0,2.0,647.99,0.05,,,,,
,,order_items.csv,,,,,,,,,,,,1095.0,,,,,,,2.0,3.0,2.0,999.99,0.2,,,,,
,,order_items.csv,,,,,,,,,,,,1095.0,,,,,,,3.0,15.0,2.0,529.99,0.1,,,,,
,,order_items.csv,,,,,,,,,,,,1095.0,,,,,,,4.0,31.0,1.0,1632.99,0.2,,,,,
,,order_items.csv,,,,,,,,,,,,1095.0,,,,,,,5.0,50.0,2.0,5999.99,0.05,,,,,
,,order_items.csv,,,,,,,,,,,,1096.0,,,,,,,1.0,11.0,1.0,1680.99,0.1,,,,,
,,order_items.csv,,,,,,,,,,,,1097.0,,,,,,,1.0,99.0,1.0,299.99,0.05,,,,,
,,order_items.csv,,,,,,,,,,,,1097.0,,,,,,,2.0,106.0,2.0,449.99,0.07,,,,,
,,order_items.csv,,,,,,,,,,,,1097.0,,,,,,,3.0,98.0,2.0,489.99,0.07,,,,,
,,order_items.csv,,,,,,,,,,,,1097.0,,,,,,,4.0,19.0,1.0,449.0,0.2,,,,,
,,order_items.csv,,,,,,,,,,,,1097.0,,,,,,,5.0,35.0,2.0,832.99,0.05,,,,,
,,order_items.csv,,,,,,,,,,,,1098.0,,,,,,,1.0,88.0,1.0,189.99,0.1,,,,,
,,order_items.csv,,,,,,,,,,,,1099.0,,,,,,,1.0,64.0,1.0,489.99,0.1,,,,,
,,order_items.csv,,,,,,,,,,,,1099.0,,,,,,,2.0,13.0,2.0,269.99,0.05,,,,,
,,order_items.csv,,,,,,,,,,,,1099.0,,,,,,,3.0,46.0,1.0,1409.99,0.07,,,,,
,,order_items.csv,,,,,,,,,,,,1099.0,,,,,,,4.0,89.0,2.0,209.99,0.1,,,,,
,,order_items.csv,,,,,,,,,,,,1100.0,,,,,,,1.0,12.0,1.0,549.99,0.05,,,,,
,,order_items.csv,,,,,,,,,,,,1100.0,,,,,,,2.0,9.0,2.0,2999.99,0.1,,,,,
,,order_items.csv,,,,,,,,,,,,1101.0,,,,,,,1.0,105.0,1.0,533.99,0.07,,,,,
,,order_items.csv,,,,,,,,,,,,1101.0,,,,,,,2.0,51.0,1.0,6499.99,0.05,,,,,
,,order_items.csv,,,,,,,,,,,,1102.0,,,,,,,1.0,91.0,1.0,349.99,0.07,,,,,
,,order_items.csv,,,,,,,,,,,,1103.0,,,,,,,1.0,106.0,1.0,449.99,0.2,,,,,
,,order_items.csv,,,,,,,,,,,,1103.0,,,,,,,2.0,46.0,2.0,1409.99,0.2,,,,,
,,order_items.csv,,,,,,,,,,,,1104.0,,,,,,,1.0,17.0,1.0,429.0,0.1,,,,,
,,order_items.csv,,,,,,,,,,,,1104.0,,,,,,,2.0,70.0,2.0,659.99,0.1,,,,,
,,order_items.csv,,,,,,,,,,,,1104.0,,,,,,,3.0,43.0,1.0,5299.99,0.07,,,,,
,,order_items.csv,,,,,,,,,,,,1104.0,,,,,,,4.0,80.0,1.0,761.99,0.07,,,,,
,,order_items.csv,,,,,,,,,,,,1105.0,,,,,,,1.0,60.0,1.0,1559.99,0.05,,,,,
,,order_items.csv,,,,,,,,,,,,1105.0,,,,,,,2.0,56.0,2.0,5499.99,0.2,,,,,
,,order_items.csv,,,,,,,,,,,,1105.0,,,,,,,3.0,35.0,2.0,832.99,0.07,,,,,
,,order_items.csv,,,,,,,,,,,,1106.0,,,,,,,1.0,96.0,1.0,349.99,0.1,,,,,
,,order_items.csv,,,,,,,,,,,,1107.0,,,,,,,1.0,43.0,1.0,5299.99,0.2,,,,,
,,order_items.csv,,,,,,,,,,,,1107.0,,,,,,,2.0,41.0,2.0,1469.99,0.2,,,,,
,,order_items.csv,,,,,,,,,,,,1108.0,,,,,,,1.0,45.0,2.0,869.99,0.05,,,,,
,,order_items.csv,,,,,,,,,,,,1108.0,,,,,,,2.0,100.0,1.0,489.99,0.07,,,,,
,,order_items.csv,,,,,,,,,,,,1108.0,,,,,,,3.0,105.0,1.0,533.99,0.07,,,,,
,,order_items.csv,,,,,,,,,,,,1109.0,,,,,,,1.0,72.0,2.0,619.99,0.1,,,,,
,,order_items.csv,,,,,,,,,,,,1110.0,,,,,,,1.0,56.0,1.0,5499.99,0.1,,,,,
,,order_items.csv,,,,,,,,,,,,1111.0,,,,,,,1.0,95.0,1.0,299.99,0.05,,,,,
,,order_items.csv,,,,,,,,,,,,1111.0,,,,,,,2.0,66.0,2.0,250.99,0.1,,,,,
,,order_items.csv,,,,,,,,,,,,1111.0,,,,,,,3.0,14.0,1.0,269.99,0.2,,,,,
,,order_items.csv,,,,,,,,,,,,1111.0,,,,,,,4.0,24.0,1.0,549.99,0.07,,,,,
,,order_items.csv,,,,,,,,,,,,1112.0,,,,,,,1.0,71.0,2.0,416.99,0.05,,,,,
,,order_items.csv,,,,,,,,,,,,1112.0,,,,,,,2.0,42.0,1.0,2299.99,0.07,,,,,
,,order_items.csv,,,,,,,,,,,,1112.0,,,,,,,3.0,5.0,2.0,1320.99,0.1,,,,,
,,order_items.csv,,,,,,,,,,,,1112.0,,,,,,,4.0,87.0,2.0,189.99,0.07,,,,,
,,order_items.csv,,,,,,,,,,,,1112.0,,,,,,,5.0,9.0,2.0,2999.99,0.1,,,,,
,,order_items.csv,,,,,,,,,,,,1113.0,,,,,,,1.0,106.0,1.0,449.99,0.07,,,,,
,,order_items.csv,,,,,,,,,,,,1114.0,,,,,,,1.0,52.0,1.0,875.99,0.2,,,,,
,,order_items.csv,,,,,,,,,,,,1115.0,,,,,,,1.0,97.0,2.0,349.99,0.2,,,,,
,,order_items.csv,,,,,,,,,,,,1115.0,,,,,,,2.0,50.0,2.0,5999.99,0.07,,,,,
,,order_items.csv,,,,,,,,,,,,1115.0,,,,,,,3.0,91.0,2.0,349.99,0.07,,,,,
,,order_items.csv,,,,,,,,,,,,1115.0,,,,,,,4.0,49.0,2.0,3499.99,0.1,,,,,
,,order_items.csv,,,,,,,,,,,,1116.0,,,,,,,1.0,11.0,2.0,1680.99,0.07,,,,,
,,order_items.csv,,,,,,,,,,,,1117.0,,,,,,,1.0,37.0,2.0,379.99,0.1,,,,,
,,order_items.csv,,,,,,,,,,,,1117.0,,,,,,,2.0,91.0,1.0,349.99,0.2,,,,,
,,order_items.csv,,,,,,,,,,,,1117.0,,,,,,,3.0,51.0,2.0,6499.99,0.1,,,,,
,,order_items.csv,,,,,,,,,,,,1118.0,,,,,,,1.0,55.0,2.0,2699.99,0.2,,,,,
,,order_items.csv,,,,,,,,,,,,1118.0,,,,,,,2.0,50.0,1.0,5999.99,0.07,,,,,
,,order_items.csv,,,,,,,,,,,,1118.0,,,,,,,3.0,29.0,1.0,999.99,0.05,,,,,
,,order_items.csv,,,,,,,,,,,,1118.0,,,,,,,4.0,47.0,2.0,5299.99,0.2,,,,,
,,order_items.csv,,,,,,,,,,,,1119.0,,,,,,,1.0,93.0,2.0,209.99,0.1,,,,,
,,order_items.csv,,,,,,,,,,,,1119.0,,,,,,,2.0,55.0,2.0,2699.99,0.05,,,,,
,,order_items.csv,,,,,,,,,,,,1119.0,,,,,,,3.0,104.0,1.0,481.99,0.2,,,,,
,,order_items.csv,,,,,,,,,,,,1120.0,,,,,,,1.0,92.0,2.0,209.99,0.07,,,,,
,,order_items.csv,,,,,,,,,,,,1120.0,,,,,,,2.0,31.0,1.0,1632.99,0.07,,,,,
,,order_items.csv,,,,,,,,,,,,1120.0,,,,,,,3.0,30.0,2.0,999.99,0.05,,,,,
,,order_items.csv,,,,,,,,,,,,1120.0,,,,,,,4.0,93.0,1.0,209.99,0.07,,,,,
,,order_items.csv,,,,,,,,,,,,1120.0,,,,,,,5.0,94.0,1.0,249.99,0.2,,,,,
,,order_items.csv,,,,,,,,,,,,1121.0,,,,,,,1.0,11.0,2.0,1680.99,0.1,,,,,
,,order_items.csv,,,,,,,,,,,,1121.0,,,,,,,2.0,110.0,2.0,470.99,0.05,,,,,
,,order_items.csv,,,,,,,,,,,,1122.0,,,,,,,1.0,9.0,2.0,2999.99,0.07,,,,,
,,order_items.csv,,,,,,,,,,,,1122.0,,,,,,,2.0,53.0,1.0,749.99,0.1,,,,,
,,order_items.csv,,,,,,,,,,,,1122.0,,,,,,,3.0,49.0,2.0,3499.99,0.2,,,,,
,,order_items.csv,,,,,,,,,,,,1122.0,,,,,,,4.0,41.0,2.0,1469.99,0.05,,,,,
,,order_items.csv,,,,,,,,,,,,1122.0,,,,,,,5.0,72.0,1.0,619.99,0.1,,,,,
,,order_items.csv,,,,,,,,,,,,1123.0,,,,,,,1.0,65.0,2.0,346.99,0.07,,,,,
,,order_items.csv,,,,,,,,,,,,1123.0,,,,,,,2.0,61.0,2.0,4999.99,0.1,,,,,
,,order_items.csv,,,,,,,,,,,,1124.0,,,,,,,1.0,7.0,2.0,3999.99,0.1,,,,,
,,order_items.csv,,,,,,,,,,,,1124.0,,,,,,,2.0,6.0,1.0,469.99,0.1,,,,,
,,order_items.csv,,,,,,,,,,,,1124.0,,,,,,,3.0,109.0,2.0,416.99,0.07,,,,,
,,order_items.csv,,,,,,,,,,,,1124.0,,,,,,,4.0,45.0,2.0,869.99,0.05,,,,,
,,order_items.csv,,,,,,,,,,,,1124.0,,,,,,,5.0,2.0,2.0,749.99,0.05,,,,,
,,order_items.csv,,,,,,,,,,,,1125.0,,,,,,,1.0,16.0,2.0,599.99,0.05,,,,,
,,order_items.csv,,,,,,,,,,,,1125.0,,,,,,,2.0,21.0,1.0,269.99,0.1,,,,,
,,order_items.csv,,,,,,,,,,,,1125.0,,,,,,,3.0,81.0,2.0,1099.99,0.07,,,,,
,,order_items.csv,,,,,,,,,,,,1125.0,,,,,,,4.0,24.0,1.0,549.99,0.07,,,,,
,,order_items.csv,,,,,,,,,,,,1125.0,,,,,,,5.0,32.0,2.0,469.99,0.07,,,,,
,,order_items.csv,,,,,,,,,,,,1126.0,,,,,,,1.0,33.0,2.0,469.99,0.1,,,,,
,,order_items.csv,,,,,,,,,,,,1126.0,,,,,,,2.0,58.0,1.0,4999.99,0.2,,,,,
,,order_items.csv,,,,,,,,,,,,1126.0,,,,,,,3.0,89.0,2.0,209.99,0.05,,,,,
,,order_items.csv,,,,,,,,,,,,1127.0,,,,,,,1.0,23.0,2.0,299.99,0.1,,,,,
,,order_items.csv,,,,,,,,,,,,1127.0,,,,,,,2.0,96.0,2.0,349.99,0.07,,,,,
,,order_items.csv,,,,,,,,,,,,1127.0,,,,,,,3.0,37.0,1.0,379.99,0.2,,,,,
,,order_items.csv,,,,,,,,,,,,1128.0,,,,,,,1.0,44.0,1.0,539.99,0.05,,,,,
,,order_items.csv,,,,,,,,,,,,1128.0,,,,,,,2.0,10.0,1.0,1549.0,0.2,,,,,
,,order_items.csv,,,,,,,,,,,,1128.0,,,,,,,3.0,65.0,2.0,346.99,0.05,,,,,
,,order_items.csv,,,,,,,,,,,,1129.0,,,,,,,1.0,71.0,2.0,416.99,0.2,,,,,
,,order_items.csv,,,,,,,,,,,,1129.0,,,,,,,2.0,56.0,1.0,5499.99,0.2,,,,,
,,order_items.csv,,,,,,,,,,,,1129.0,,,,,,,3.0,61.0,2.0,4999.99,0.05,,,,,
,,order_items.csv,,,,,,,,,,,,1130.0,,,,,,,1.0,54.0,2.0,3199.99,0.2,,,,,
,,order_items.csv,,,,,,,,,,,,1131.0,,,,,,,1.0,60.0,2.0,1559.99,0.07,,,,,
,,order_items.csv,,,,,,,,,,,,1131.0,,,,,,,2.0,103.0,2.0,551.99,0.05,,,,,
,,order_items.csv,,,,,,,,,,,,1132.0,,,,,,,1.0,43.0,1.0,5299.99,0.05,,,,,
,,order_items.csv,,,,,,,,,,,,1132.0,,,,,,,2.0,10.0,1.0,1549.0,0.1,,,,,
,,order_items.csv,,,,,,,,,,,,1132.0,,,,,,,3.0,36.0,2.0,832.99,0.1,,,,,
,,order_items.csv,,,,,,,,,,,,1132.0,,,,,,,4.0,16.0,1.0,599.99,0.05,,,,,
,,order_items.csv,,,,,,,,,,,,1133.0,,,,,,,1.0,4.0,2.0,2899.99,0.05,,,,,
,,order_items.csv,,,,,,,,,,,,1133.0,,,,,,,2.0,17.0,1.0,429.0,0.07,,,,,
,,order_items.csv,,,,,,,,,,,,1133.0,,,,,,,3.0,90.0,2.0,209.99,0.2,,,,,
,,order_items.csv,,,,,,,,,,,,1133.0,,,,,,,4.0,62.0,1.0,3499.99,0.2,,,,,
,,order_items.csv,,,,,,,,,,,,1134.0,,,,,,,1.0,97.0,1.0,349.99,0.1,,,,,
,,order_items.csv,,,,,,,,,,,,1134.0,,,,,,,2.0,36.0,1.0,832.99,0.1,,,,,
,,order_items.csv,,,,,,,,,,,,1135.0,,,,,,,1.0,101.0,2.0,339.99,0.05,,,,,
,,order_items.csv,,,,,,,,,,,,1135.0,,,,,,,2.0,51.0,1.0,6499.99,0.1,,,,,
,,order_items.csv,,,,,,,,,,,,1136.0,,,,,,,1.0,105.0,1.0,533.99,0.1,,,,,
,,order_items.csv,,,,,,,,,,,,1137.0,,,,,,,1.0,28.0,1.0,2499.99,0.2,,,,,
,,order_items.csv,,,,,,,,,,,,1137.0,,,,,,,2.0,58.0,2.0,4999.99,0.2,,,,,
,,order_items.csv,,,,,,,,,,,,1137.0,,,,,,,3.0,84.0,2.0,109.99,0.2,,,,,
,,order_items.csv,,,,,,,,,,,,1137.0,,,,,,,4.0,69.0,2.0,416.99,0.07,,,,,
,,order_items.csv,,,,,,,,,,,,1138.0,,,,,,,1.0,13.0,2.0,269.99,0.05,,,,,
,,order_items.csv,,,,,,,,,,,,1138.0,,,,,,,2.0,105.0,2.0,533.99,0.05,,,,,
,,order_items.csv,,,,,,,,,,,,1138.0,,,,,,,3.0,93.0,1.0,209.99,0.1,,,,,
,,order_items.csv,,,,,,,,,,,,1139.0,,,,,,,1.0,106.0,2.0,449.99,0.05,,,,,
,,order_items.csv,,,,,,,,,,,,1139.0,,,,,,,2.0,44.0,2.0,539.99,0.1,,,,,
,,order_items.csv,,,,,,,,,,,,1139.0,,,,,,,3.0,69.0,1.0,416.99,0.05,,,,,
,,order_items.csv,,,,,,,,,,,,1139.0,,,,,,,4.0,25.0,2.0,499.99,0.1,,,,,
,,order_items.csv,,,,,,,,,,,,1139.0,,,,,,,5.0,7.0,1.0,3999.99,0.1,,,,,
,,order_items.csv,,,,,,,,,,,,1140.0,,,,,,,1.0,39.0,2.0,1499.99,0.1,,,,,
,,order_items.csv,,,,,,,,,,,,1140.0,,,,,,,2.0,71.0,2.0,416.99,0.07,,,,,
,,order_items.csv,,,,,,,,,,,,1140.0,,,,,,,3.0,38.0,2.0,549.99,0.1,,,,,
,,order_items.csv,,,,,,,,,,,,1140.0,,,,,,,4.0,40.0,2.0,4999.99,0.07,,,,,
,,order_items.csv,,,,,,,,,,,,1141.0,,,,,,,1.0,8.0,1.0,1799.99,0.1,,,,,
,,order_items.csv,,,,,,,,,,,,1142.0,,,,,,,1.0,20.0,2.0,599.99,0.07,,,,,
,,order_items.csv,,,,,,,,,,,,1142.0,,,,,,,2.0,30.0,1.0,999.99,0.1,,,,,
,,order_items.csv,,,,,,,,,,,,1142.0,,,,,,,3.0,109.0,2.0,416.99,0.05,,,,,
,,order_items.csv,,,,,,,,,,,,1142.0,,,,,,,4.0,108.0,2.0,449.99,0.2,,,,,
,,order_items.csv,,,,,,,,,,,,1142.0,,,,,,,5.0,100.0,2.0,489.99,0.05,,,,,
,,order_items.csv,,,,,,,,,,,,1143.0,,,,,,,1.0,99.0,1.0,299.99,0.2,,,,,
,,order_items.csv,,,,,,,,,,,,1143.0,,,,,,,2.0,48.0,1.0,1499.99,0.2,,,,,
,,order_items.csv,,,,,,,,,,,,1143.0,,,,,,,3.0,69.0,2.0,416.99,0.1,,,,,
,,order_items.csv,,,,,,,,,,,,1144.0,,,,,,,1.0,88.0,1.0,189.99,0.07,,,,,
,,order_items.csv,,,,,,,,,,,,1145.0,,,,,,,1.0,105.0,2.0,533.99,0.07,,,,,
,,order_items.csv,,,,,,,,,,,,1146.0,,,,,,,1.0,36.0,1.0,832.99,0.07,,,,,
,,order_items.csv,,,,,,,,,,,,1146.0,,,,,,,2.0,64.0,1.0,489.99,0.2,,,,,
,,order_items.csv,,,,,,,,,,,,1146.0,,,,,,,3.0,11.0,1.0,1680.99,0.2,,,,,
,,order_items.csv,,,,,,,,,,,,1147.0,,,,,,,1.0,82.0,1.0,659.99,0.2,,,,,
,,order_items.csv,,,,,,,,,,,,1147.0,,,,,,,2.0,39.0,2.0,1499.99,0.05,,,,,
,,order_items.csv,,,,,,,,,,,,1148.0,,,,,,,1.0,82.0,1.0,659.99,0.07,,,,,
,,order_items.csv,,,,,,,,,,,,1148.0,,,,,,,2.0,22.0,1.0,269.99,0.07,,,,,
,,order_items.csv,,,,,,,,,,,,1148.0,,,,,,,3.0,77.0,2.0,799.99,0.05,,,,,
,,order_items.csv,,,,,,,,,,,,1148.0,,,,,,,4.0,94.0,2.0,249.99,0.1,,,,,
,,order_items.csv,,,,,,,,,,,,1149.0,,,,,,,1.0,98.0,2.0,489.99,0.07,,,,,
,,order_items.csv,,,,,,,,,,,,1149.0,,,,,,,2.0,48.0,1.0,1499.99,0.05,,,,,
,,order_items.csv,,,,,,,,,,,,1149.0,,,,,,,3.0,58.0,1.0,4999.99,0.05,,,,,
,,order_items.csv,,,,,,,,,,,,1149.0,,,,,,,4.0,85.0,1.0,329.99,0.2,,,,,
,,order_items.csv,,,,,,,,,,,,1149.0,,,,,,,5.0,94.0,1.0,249.99,0.1,,,,,
,,order_items.csv,,,,,,,,,,,,1150.0,,,,,,,1.0,29.0,1.0,999.99,0.05,,,,,
,,order_items.csv,,,,,,,,,,,,1150.0,,,,,,,2.0,91.0,1.0,349.99,0.05,,,,,
,,order_items.csv,,,,,,,,,,,,1150.0,,,,,,,3.0,104.0,2.0,481.99,0.07,,,,,
,,order_items.csv,,,,,,,,,,,,1150.0,,,,,,,4.0,21.0,2.0,269.99,0.1,,,,,
,,order_items.csv,,,,,,,,,,,,1151.0,,,,,,,1.0,30.0,2.0,999.99,0.05,,,,,
,,order_items.csv,,,,,,,,,,,,1152.0,,,,,,,1.0,58.0,1.0,4999.99,0.07,,,,,
,,order_items.csv,,,,,,,,,,,,1152.0,,,,,,,2.0,91.0,2.0,349.99,0.2,,,,,
,,order_items.csv,,,,,,,,,,,,1152.0,,,,,,,3.0,24.0,1.0,549.99,0.05,,,,,
,,order_items.csv,,,,,,,,,,,,1153.0,,,,,,,1.0,103.0,1.0,551.99,0.1,,,,,
,,order_items.csv,,,,,,,,,,,,1153.0,,,,,,,2.0,6.0,2.0,469.99,0.05,,,,,
,,order_items.csv,,,,,,,,,,,,1154.0,,,,,,,1.0,17.0,1.0,429.0,0.2,,,,,
,,order_items.csv,,,,,,,,,,,,1154.0,,,,,,,2.0,60.0,1.0,1559.99,0.07,,,,,
,,order_items.csv,,,,,,,,,,,,1154.0,,,,,,,3.0,67.0,2.0,250.99,0.2,,,,,
,,order_items.csv,,,,,,,,,,,,1155.0,,,,,,,1.0,68.0,2.0,449.99,0.05,,,,,
,,order_items.csv,,,,,,,,,,,,1155.0,,,,,,,2.0,6.0,2.0,469.99,0.1,,,,,
,,order_items.csv,,,,,,,,,,,,1155.0,,,,,,,3.0,35.0,1.0,832.99,0.07,,,,,
,,order_items.csv,,,,,,,,,,,,1155.0,,,,,,,4.0,77.0,2.0,799.99,0.05,,,,,
,,order_items.csv,,,,,,,,,,,,1156.0,,,,,,,1.0,111.0,2.0,470.99,0.05,,,,,
,,order_items.csv,,,,,,,,,,,,1156.0,,,,,,,2.0,86.0,1.0,149.99,0.05,,,,,
,,order_items.csv,,,,,,,,,,,,1157.0,,,,,,,1.0,20.0,1.0,599.99,0.1,,,,,
,,order_items.csv,,,,,,,,,,,,1157.0,,,,,,,2.0,31.0,2.0,1632.99,0.1,,,,,
,,order_items.csv,,,,,,,,,,,,1157.0,,,,,,,3.0,37.0,2.0,379.99,0.2,,,,,
,,order_items.csv,,,,,,,,,,,,1157.0,,,,,,,4.0,41.0,1.0,1469.99,0.07,,,,,
,,order_items.csv,,,,,,,,,,,,1158.0,,,,,,,1.0,95.0,2.0,299.99,0.1,,,,,
,,order_items.csv,,,,,,,,,,,,1158.0,,,,,,,2.0,74.0,1.0,439.99,0.07,,,,,
,,order_items.csv,,,,,,,,,,,,1159.0,,,,,,,1.0,12.0,2.0,549.99,0.1,,,,,
,,order_items.csv,,,,,,,,,,,,1160.0,,,,,,,1.0,41.0,1.0,1469.99,0.1,,,,,
,,order_items.csv,,,,,,,,,,,,1160.0,,,,,,,2.0,9.0,1.0,2999.99,0.2,,,,,
,,order_items.csv,,,,,,,,,,,,1161.0,,,,,,,1.0,71.0,2.0,416.99,0.1,,,,,
,,order_items.csv,,,,,,,,,,,,1161.0,,,,,,,2.0,38.0,1.0,549.99,0.07,,,,,
,,order_items.csv,,,,,,,,,,,,1161.0,,,,,,,3.0,22.0,1.0,269.99,0.2,,,,,
,,order_items.csv,,,,,,,,,,,,1161.0,,,,,,,4.0,29.0,2.0,999.99,0.1,,,,,
,,order_items.csv,,,,,,,,,,,,1162.0,,,,,,,1.0,88.0,1.0,189.99,0.2,,,,,
,,order_items.csv,,,,,,,,,,,,1162.0,,,,,,,2.0,40.0,2.0,4999.99,0.2,,,,,
,,order_items.csv,,,,,,,,,,,,1162.0,,,,,,,3.0,86.0,1.0,149.99,0.1,,,,,
,,order_items.csv,,,,,,,,,,,,1162.0,,,,,,,4.0,41.0,1.0,1469.99,0.05,,,,,
,,order_items.csv,,,,,,,,,,,,1162.0,,,,,,,5.0,12.0,2.0,549.99,0.05,,,,,
,,order_items.csv,,,,,,,,,,,,1163.0,,,,,,,1.0,63.0,2.0,3499.99,0.05,,,,,
,,order_items.csv,,,,,,,,,,,,1163.0,,,,,,,2.0,53.0,2.0,749.99,0.1,,,,,
,,order_items.csv,,,,,,,,,,,,1164.0,,,,,,,1.0,8.0,1.0,1799.99,0.2,,,,,
,,order_items.csv,,,,,,,,,,,,1164.0,,,,,,,2.0,78.0,1.0,647.99,0.05,,,,,
,,order_items.csv,,,,,,,,,,,,1164.0,,,,,,,3.0,103.0,2.0,551.99,0.05,,,,,
,,order_items.csv,,,,,,,,,,,,1164.0,,,,,,,4.0,44.0,2.0,539.99,0.05,,,,,
,,order_items.csv,,,,,,,,,,,,1165.0,,,,,,,1.0,65.0,2.0,346.99,0.07,,,,,
,,order_items.csv,,,,,,,,,,,,1165.0,,,,,,,2.0,68.0,1.0,449.99,0.07,,,,,
,,order_items.csv,,,,,,,,,,,,1166.0,,,,,,,1.0,103.0,2.0,551.99,0.07,,,,,
,,order_items.csv,,,,,,,,,,,,1167.0,,,,,,,1.0,29.0,2.0,999.99,0.05,,,,,
,,order_items.csv,,,,,,,,,,,,1167.0,,,,,,,2.0,81.0,2.0,1099.99,0.1,,,,,
,,order_items.csv,,,,,,,,,,,,1167.0,,,,,,,3.0,68.0,1.0,449.99,0.07,,,,,
,,order_items.csv,,,,,,,,,,,,1168.0,,,,,,,1.0,23.0,2.0,299.99,0.1,,,,,
,,order_items.csv,,,,,,,,,,,,1168.0,,,,,,,2.0,82.0,1.0,659.99,0.2,,,,,
,,order_items.csv,,,,,,,,,,,,1168.0,,,,,,,3.0,51.0,1.0,6499.99,0.07,,,,,
,,order_items.csv,,,,,,,,,,,,1168.0,,,,,,,4.0,107.0,2.0,416.99,0.2,,,,,
,,order_items.csv,,,,,,,,,,,,1168.0,,,,,,,5.0,15.0,2.0,529.99,0.05,,,,,
,,order_items.csv,,,,,,,,,,,,1169.0,,,,,,,1.0,91.0,2.0,349.99,0.2,,,,,
,,order_items.csv,,,,,,,,,,,,1169.0,,,,,,,2.0,51.0,1.0,6499.99,0.05,,,,,
,,order_items.csv,,,,,,,,,,,,1169.0,,,,,,,3.0,58.0,2.0,4999.99,0.1,,,,,
,,order_items.csv,,,,,,,,,,,,1169.0,,,,,,,4.0,81.0,2.0,1099.99,0.2,,,,,
,,order_items.csv,,,,,,,,,,,,1170.0,,,,,,,1.0,15.0,1.0,529.99,0.1,,,,,
,,order_items.csv,,,,,,,,,,,,1170.0,,,,,,,2.0,47.0,2.0,5299.99,0.05,,,,,
,,order_items.csv,,,,,,,,,,,,1170.0,,,,,,,3.0,62.0,2.0,3499.99,0.1,,,,,
,,order_items.csv,,,,,,,,,,,,1171.0,,,,,,,1.0,94.0,2.0,249.99,0.2,,,,,
,,order_items.csv,,,,,,,,,,,,1171.0,,,,,,,2.0,92.0,2.0,209.99,0.07,,,,,
,,order_items.csv,,,,,,,,,,,,1171.0,,,,,,,3.0,10.0,2.0,1549.0,0.07,,,,,
,,order_items.csv,,,,,,,,,,,,1172.0,,,,,,,1.0,78.0,2.0,647.99,0.07,,,,,
,,order_items.csv,,,,,,,,,,,,1172.0,,,,,,,2.0,104.0,1.0,481.99,0.2,,,,,
,,order_items.csv,,,,,,,,,,,,1173.0,,,,,,,1.0,95.0,1.0,299.99,0.2,,,,,
,,order_items.csv,,,,,,,,,,,,1173.0,,,,,,,2.0,17.0,1.0,429.0,0.07,,,,,
,,order_items.csv,,,,,,,,,,,,1173.0,,,,,,,3.0,68.0,1.0,449.99,0.05,,,,,
,,order_items.csv,,,,,,,,,,,,1173.0,,,,,,,4.0,103.0,2.0,551.99,0.2,,,,,
,,order_items.csv,,,,,,,,,,,,1174.0,,,,,,,1.0,110.0,2.0,470.99,0.2,,,,,
,,order_items.csv,,,,,,,,,,,,1174.0,,,,,,,2.0,6.0,1.0,469.99,0.07,,,,,
,,order_items.csv,,,,,,,,,,,,1174.0,,,,,,,3.0,106.0,1.0,449.99,0.1,,,,,
,,order_items.csv,,,,,,,,,,,,1175.0,,,,,,,1.0,58.0,2.0,4999.99,0.07,,,,,
,,order_items.csv,,,,,,,,,,,,1175.0,,,,,,,2.0,65.0,1.0,346.99,0.2,,,,,
,,order_items.csv,,,,,,,,,,,,1175.0,,,,,,,3.0,20.0,1.0,599.99,0.05,,,,,
,,order_items.csv,,,,,,,,,,,,1175.0,,,,,,,4.0,3.0,1.0,999.99,0.05,,,,,
,,order_items.csv,,,,,,,,,,,,1175.0,,,,,,,5.0,9.0,1.0,2999.99,0.05,,,,,
,,order_items.csv,,,,,,,,,,,,1176.0,,,,,,,1.0,87.0,1.0,189.99,0.1,,,,,
,,order_items.csv,,,,,,,,,,,,1177.0,,,,,,,1.0,62.0,2.0,3499.99,0.07,,,,,
,,order_items.csv,,,,,,,,,,,,1177.0,,,,,,,2.0,74.0,1.0,439.99,0.1,,,,,
,,order_items.csv,,,,,,,,,,,,1178.0,,,,,,,1.0,46.0,1.0,1409.99,0.07,,,,,
,,order_items.csv,,,,,,,,,,,,1178.0,,,,,,,2.0,77.0,1.0,799.99,0.2,,,,,
,,order_items.csv,,,,,,,,,,,,1178.0,,,,,,,3.0,108.0,1.0,449.99,0.05,,,,,
,,order_items.csv,,,,,,,,,,,,1178.0,,,,,,,4.0,13.0,2.0,269.99,0.05,,,,,
,,order_items.csv,,,,,,,,,,,,1179.0,,,,,,,1.0,93.0,2.0,209.99,0.05,,,,,
,,order_items.csv,,,,,,,,,,,,1179.0,,,,,,,2.0,88.0,2.0,189.99,0.05,,,,,
,,order_items.csv,,,,,,,,,,,,1179.0,,,,,,,3.0,33.0,2.0,469.99,0.2,,,,,
,,order_items.csv,,,,,,,,,,,,1179.0,,,,,,,4.0,50.0,1.0,5999.99,0.07,,,,,
,,order_items.csv,,,,,,,,,,,,1180.0,,,,,,,1.0,66.0,2.0,250.99,0.07,,,,,
,,order_items.csv,,,,,,,,,,,,1181.0,,,,,,,1.0,98.0,1.0,489.99,0.1,,,,,
,,order_items.csv,,,,,,,,,,,,1182.0,,,,,,,1.0,35.0,1.0,832.99,0.1,,,,,
,,order_items.csv,,,,,,,,,,,,1182.0,,,,,,,2.0,49.0,2.0,3499.99,0.1,,,,,
,,order_items.csv,,,,,,,,,,,,1183.0,,,,,,,1.0,63.0,1.0,3499.99,0.2,,,,,
,,order_items.csv,,,,,,,,,,,,1183.0,,,,,,,2.0,80.0,2.0,761.99,0.2,,,,,
,,order_items.csv,,,,,,,,,,,,1183.0,,,,,,,3.0,6.0,2.0,469.99,0.05,,,,,
,,order_items.csv,,,,,,,,,,,,1184.0,,,,,,,1.0,16.0,2.0,599.99,0.05,,,,,
,,order_items.csv,,,,,,,,,,,,1184.0,,,,,,,2.0,71.0,1.0,416.99,0.05,,,,,
,,order_items.csv,,,,,,,,,,,,1185.0,,,,,,,1.0,19.0,2.0,449.0,0.07,,,,,
,,order_items.csv,,,,,,,,,,,,1185.0,,,,,,,2.0,21.0,1.0,269.99,0.07,,,,,
,,order_items.csv,,,,,,,,,,,,1185.0,,,,,,,3.0,63.0,2.0,3499.99,0.1,,,,,
,,order_items.csv,,,,,,,,,,,,1185.0,,,,,,,4.0,80.0,1.0,761.99,0.2,,,,,
,,order_items.csv,,,,,,,,,,,,1186.0,,,,,,,1.0,48.0,2.0,1499.99,0.1,,,,,
,,order_items.csv,,,,,,,,,,,,1186.0,,,,,,,2.0,49.0,1.0,3499.99,0.07,,,,,
,,order_items.csv,,,,,,,,,,,,1186.0,,,,,,,3.0,106.0,1.0,449.99,0.1,,,,,
,,order_items.csv,,,,,,,,,,,,1186.0,,,,,,,4.0,27.0,1.0,999.99,0.2,,,,,
,,order_items.csv,,,,,,,,,,,,1187.0,,,,,,,1.0,36.0,2.0,832.99,0.1,,,,,
,,order_items.csv,,,,,,,,,,,,1187.0,,,,,,,2.0,79.0,1.0,402.99,0.07,,,,,
,,order_items.csv,,,,,,,,,,,,1187.0,,,,,,,3.0,4.0,1.0,2899.99,0.1,,,,,
,,order_items.csv,,,,,,,,,,,,1187.0,,,,,,,4.0,53.0,2.0,749.99,0.1,,,,,
,,order_items.csv,,,,,,,,,,,,1188.0,,,,,,,1.0,66.0,2.0,250.99,0.1,,,,,
,,order_items.csv,,,,,,,,,,,,1188.0,,,,,,,2.0,91.0,2.0,349.99,0.2,,,,,
,,order_items.csv,,,,,,,,,,,,1188.0,,,,,,,3.0,87.0,2.0,189.99,0.1,,,,,
,,order_items.csv,,,,,,,,,,,,1189.0,,,,,,,1.0,55.0,1.0,2699.99,0.07,,,,,
,,order_items.csv,,,,,,,,,,,,1189.0,,,,,,,2.0,102.0,2.0,489.99,0.1,,,,,
,,order_items.csv,,,,,,,,,,,,1189.0,,,,,,,3.0,40.0,2.0,4999.99,0.1,,,,,
,,order_items.csv,,,,,,,,,,,,1190.0,,,,,,,1.0,71.0,1.0,416.99,0.07,,,,,
,,order_items.csv,,,,,,,,,,,,1191.0,,,,,,,1.0,40.0,2.0,4999.99,0.1,,,,,
,,order_items.csv,,,,,,,,,,,,1191.0,,,,,,,2.0,89.0,2.0,209.99,0.1,,,,,
,,order_items.csv,,,,,,,,,,,,1191.0,,,,,,,3.0,100.0,1.0,489.99,0.07,,,,,
,,order_items.csv,,,,,,,,,,,,1192.0,,,,,,,1.0,24.0,2.0,549.99,0.1,,,,,
,,order_items.csv,,,,,,,,,,,,1192.0,,,,,,,2.0,88.0,2.0,189.99,0.07,,,,,
,,order_items.csv,,,,,,,,,,,,1192.0,,,,,,,3.0,37.0,2.0,379.99,0.2,,,,,
,,order_items.csv,,,,,,,,,,,,1193.0,,,,,,,1.0,83.0,2.0,149.99,0.05,,,,,
,,order_items.csv,,,,,,,,,,,,1193.0,,,,,,,2.0,27.0,1.0,999.99,0.05,,,,,
,,order_items.csv,,,,,,,,,,,,1194.0,,,,,,,1.0,71.0,1.0,416.99,0.05,,,,,
,,order_items.csv,,,,,,,,,,,,1194.0,,,,,,,2.0,7.0,2.0,3999.99,0.07,,,,,
,,order_items.csv,,,,,,,,,,,,1194.0,,,,,,,3.0,105.0,2.0,533.99,0.1,,,,,
,,order_items.csv,,,,,,,,,,,,1194.0,,,,,,,4.0,84.0,1.0,109.99,0.05,,,,,
,,order_items.csv,,,,,,,,,,,,1195.0,,,,,,,1.0,52.0,1.0,875.99,0.07,,,,,
,,order_items.csv,,,,,,,,,,,,1196.0,,,,,,,1.0,53.0,1.0,749.99,0.07,,,,,
,,order_items.csv,,,,,,,,,,,,1197.0,,,,,,,1.0,13.0,1.0,269.99,0.07,,,,,
,,order_items.csv,,,,,,,,,,,,1197.0,,,,,,,2.0,108.0,2.0,449.99,0.05,,,,,
,,order_items.csv,,,,,,,,,,,,1197.0,,,,,,,3.0,9.0,2.0,2999.99,0.05,,,,,
,,order_items.csv,,,,,,,,,,,,1197.0,,,,,,,4.0,106.0,2.0,449.99,0.2,,,,,
,,order_items.csv,,,,,,,,,,,,1198.0,,,,,,,1.0,105.0,1.0,533.99,0.05,,,,,
,,order_items.csv,,,,,,,,,,,,1199.0,,,,,,,1.0,32.0,1.0,469.99,0.05,,,,,
,,order_items.csv,,,,,,,,,,,,1199.0,,,,,,,2.0,94.0,2.0,249.99,0.07,,,,,
,,order_items.csv,,,,,,,,,,,,1199.0,,,,,,,3.0,109.0,2.0,416.99,0.1,,,,,
,,order_items.csv,,,,,,,,,,,,1200.0,,,,,,,1.0,42.0,2.0,2299.99,0.2,,,,,
,,order_items.csv,,,,,,,,,,,,1201.0,,,,,,,1.0,95.0,1.0,299.99,0.07,,,,,
,,order_items.csv,,,,,,,,,,,,1201.0,,,,,,,2.0,13.0,1.0,269.99,0.05,,,,,
,,order_items.csv,,,,,,,,,,,,1201.0,,,,,,,3.0,26.0,1.0,599.99,0.2,,,,,
,,order_items.csv,,,,,,,,,,,,1201.0,,,,,,,4.0,17.0,2.0,429.0,0.05,,,,,
,,order_items.csv,,,,,,,,,,,,1201.0,,,,,,,5.0,19.0,2.0,449.0,0.2,,,,,
,,order_items.csv,,,,,,,,,,,,1202.0,,,,,,,1.0,84.0,2.0,109.99,0.05,,,,,
,,order_items.csv,,,,,,,,,,,,1203.0,,,,,,,1.0,6.0,2.0,469.99,0.07,,,,,
,,order_items.csv,,,,,,,,,,,,1203.0,,,,,,,2.0,55.0,1.0,2699.99,0.05,,,,,
,,order_items.csv,,,,,,,,,,,,1204.0,,,,,,,1.0,37.0,2.0,379.99,0.07,,,,,
,,order_items.csv,,,,,,,,,,,,1205.0,,,,,,,1.0,105.0,2.0,533.99,0.2,,,,,
,,order_items.csv,,,,,,,,,,,,1205.0,,,,,,,2.0,46.0,2.0,1409.99,0.2,,,,,
,,order_items.csv,,,,,,,,,,,,1205.0,,,,,,,3.0,71.0,1.0,416.99,0.05,,,,,
,,order_items.csv,,,,,,,,,,,,1205.0,,,,,,,4.0,79.0,2.0,402.99,0.07,,,,,
,,order_items.csv,,,,,,,,,,,,1205.0,,,,,,,5.0,92.0,1.0,209.99,0.1,,,,,
,,order_items.csv,,,,,,,,,,,,1206.0,,,,,,,1.0,73.0,1.0,749.99,0.07,,,,,
,,order_items.csv,,,,,,,,,,,,1206.0,,,,,,,2.0,29.0,1.0,999.99,0.2,,,,,
,,order_items.csv,,,,,,,,,,,,1207.0,,,,,,,1.0,104.0,1.0,481.99,0.05,,,,,
,,order_items.csv,,,,,,,,,,,,1207.0,,,,,,,2.0,103.0,1.0,551.99,0.1,,,,,
,,order_items.csv,,,,,,,,,,,,1207.0,,,,,,,3.0,23.0,1.0,299.99,0.07,,,,,
,,order_items.csv,,,,,,,,,,,,1208.0,,,,,,,1.0,12.0,1.0,549.99,0.2,,,,,
,,order_items.csv,,,,,,,,,,,,1208.0,,,,,,,2.0,65.0,2.0,346.99,0.07,,,,,
,,order_items.csv,,,,,,,,,,,,1208.0,,,,,,,3.0,86.0,2.0,149.99,0.2,,,,,
,,order_items.csv,,,,,,,,,,,,1208.0,,,,,,,4.0,13.0,2.0,269.99,0.1,,,,,
,,order_items.csv,,,,,,,,,,,,1208.0,,,,,,,5.0,87.0,1.0,189.99,0.07,,,,,
,,order_items.csv,,,,,,,,,,,,1209.0,,,,,,,1.0,89.0,1.0,209.99,0.07,,,,,
,,order_items.csv,,,,,,,,,,,,1209.0,,,,,,,2.0,97.0,1.0,349.99,0.05,,,,,
,,order_items.csv,,,,,,,,,,,,1210.0,,,,,,,1.0,26.0,1.0,599.99,0.1,,,,,
,,order_items.csv,,,,,,,,,,,,1210.0,,,,,,,2.0,6.0,2.0,469.99,0.07,,,,,
,,order_items.csv,,,,,,,,,,,,1210.0,,,,,,,3.0,78.0,2.0,647.99,0.05,,,,,
,,order_items.csv,,,,,,,,,,,,1210.0,,,,,,,4.0,84.0,1.0,109.99,0.1,,,,,
,,order_items.csv,,,,,,,,,,,,1210.0,,,,,,,5.0,35.0,2.0,832.99,0.05,,,,,
,,order_items.csv,,,,,,,,,,,,1211.0,,,,,,,1.0,15.0,2.0,529.99,0.2,,,,,
,,order_items.csv,,,,,,,,,,,,1211.0,,,,,,,2.0,59.0,1.0,2599.99,0.05,,,,,
,,order_items.csv,,,,,,,,,,,,1211.0,,,,,,,3.0,92.0,1.0,209.99,0.2,,,,,
,,order_items.csv,,,,,,,,,,,,1211.0,,,,,,,4.0,93.0,1.0,209.99,0.1,,,,,
,,order_items.csv,,,,,,,,,,,,1211.0,,,,,,,5.0,108.0,2.0,449.99,0.2,,,,,
,,order_items.csv,,,,,,,,,,,,1212.0,,,,,,,1.0,74.0,1.0,439.99,0.1,,,,,
,,order_items.csv,,,,,,,,,,,,1212.0,,,,,,,2.0,37.0,2.0,379.99,0.07,,,,,
,,order_items.csv,,,,,,,,,,,,1212.0,,,,,,,3.0,39.0,2.0,1499.99,0.05,,,,,
,,order_items.csv,,,,,,,,,,,,1212.0,,,,,,,4.0,68.0,2.0,449.99,0.07,,,,,
,,order_items.csv,,,,,,,,,,,,1213.0,,,,,,,1.0,64.0,2.0,489.99,0.07,,,,,
,,order_items.csv,,,,,,,,,,,,1213.0,,,,,,,2.0,78.0,1.0,647.99,0.07,,,,,
,,order_items.csv,,,,,,,,,,,,1213.0,,,,,,,3.0,102.0,2.0,489.99,0.1,,,,,
,,order_items.csv,,,,,,,,,,,,1213.0,,,,,,,4.0,15.0,1.0,529.99,0.05,,,,,
,,order_items.csv,,,,,,,,,,,,1214.0,,,,,,,1.0,9.0,2.0,2999.99,0.05,,,,,
,,order_items.csv,,,,,,,,,,,,1214.0,,,,,,,2.0,7.0,1.0,3999.99,0.2,,,,,
,,order_items.csv,,,,,,,,,,,,1214.0,,,,,,,3.0,22.0,1.0,269.99,0.05,,,,,
,,order_items.csv,,,,,,,,,,,,1214.0,,,,,,,4.0,77.0,2.0,799.99,0.1,,,,,
,,order_items.csv,,,,,,,,,,,,1214.0,,,,,,,5.0,67.0,2.0,250.99,0.2,,,,,
,,order_items.csv,,,,,,,,,,,,1215.0,,,,,,,1.0,73.0,2.0,749.99,0.1,,,,,
,,order_items.csv,,,,,,,,,,,,1215.0,,,,,,,2.0,10.0,2.0,1549.0,0.07,,,,,
,,order_items.csv,,,,,,,,,,,,1216.0,,,,,,,1.0,64.0,2.0,489.99,0.1,,,,,
,,order_items.csv,,,,,,,,,,,,1216.0,,,,,,,2.0,54.0,1.0,3199.99,0.05,,,,,
,,order_items.csv,,,,,,,,,,,,1216.0,,,,,,,3.0,19.0,1.0,449.0,0.2,,,,,
,,order_items.csv,,,,,,,,,,,,1216.0,,,,,,,4.0,110.0,2.0,470.99,0.07,,,,,
,,order_items.csv,,,,,,,,,,,,1216.0,,,,,,,5.0,43.0,1.0,5299.99,0.1,,,,,
,,order_items.csv,,,,,,,,,,,,1217.0,,,,,,,1.0,73.0,1.0,749.99,0.05,,,,,
,,order_items.csv,,,,,,,,,,,,1217.0,,,,,,,2.0,106.0,2.0,449.99,0.05,,,,,
,,order_items.csv,,,,,,,,,,,,1218.0,,,,,,,1.0,32.0,1.0,469.99,0.07,,,,,
,,order_items.csv,,,,,,,,,,,,1218.0,,,,,,,2.0,102.0,2.0,489.99,0.05,,,,,
,,order_items.csv,,,,,,,,,,,,1219.0,,,,,,,1.0,17.0,2.0,429.0,0.07,,,,,
,,order_items.csv,,,,,,,,,,,,1219.0,,,,,,,2.0,62.0,2.0,3499.99,0.1,,,,,
,,order_items.csv,,,,,,,,,,,,1219.0,,,,,,,3.0,40.0,2.0,4999.99,0.2,,,,,
,,order_items.csv,,,,,,,,,,,,1220.0,,,,,,,1.0,47.0,2.0,5299.99,0.1,,,,,
,,order_items.csv,,,,,,,,,,,,1220.0,,,,,,,2.0,49.0,1.0,3499.99,0.2,,,,,
,,order_items.csv,,,,,,,,,,,,1220.0,,,,,,,3.0,85.0,2.0,329.99,0.2,,,,,
,,order_items.csv,,,,,,,,,,,,1221.0,,,,,,,1.0,100.0,1.0,489.99,0.05,,,,,
,,order_items.csv,,,,,,,,,,,,1221.0,,,,,,,2.0,81.0,2.0,1099.99,0.05,,,,,
,,order_items.csv,,,,,,,,,,,,1221.0,,,,,,,3.0,42.0,2.0,2299.99,0.1,,,,,
,,order_items.csv,,,,,,,,,,,,1221.0,,,,,,,4.0,38.0,2.0,549.99,0.1,,,,,
,,order_items.csv,,,,,,,,,,,,1221.0,,,,,,,5.0,97.0,2.0,349.99,0.07,,,,,
,,order_items.csv,,,,,,,,,,,,1222.0,,,,,,,1.0,97.0,1.0,349.99,0.2,,,,,
,,order_items.csv,,,,,,,,,,,,1223.0,,,,,,,1.0,103.0,1.0,551.99,0.05,,,,,
,,order_items.csv,,,,,,,,,,,,1224.0,,,,,,,1.0,62.0,1.0,3499.99,0.07,,,,,
,,order_items.csv,,,,,,,,,,,,1224.0,,,,,,,2.0,51.0,1.0,6499.99,0.1,,,,,
,,order_items.csv,,,,,,,,,,,,1224.0,,,,,,,3.0,108.0,1.0,449.99,0.05,,,,,
,,order_items.csv,,,,,,,,,,,,1224.0,,,,,,,4.0,32.0,1.0,469.99,0.2,,,,,
,,order_items.csv,,,,,,,,,,,,1225.0,,,,,,,1.0,81.0,1.0,1099.99,0.1,,,,,
,,order_items.csv,,,,,,,,,,,,1225.0,,,,,,,2.0,59.0,2.0,2599.99,0.1,,,,,
,,order_items.csv,,,,,,,,,,,,1225.0,,,,,,,3.0,6.0,2.0,469.99,0.1,,,,,
,,order_items.csv,,,,,,,,,,,,1226.0,,,,,,,1.0,77.0,2.0,799.99,0.05,,,,,
,,order_items.csv,,,,,,,,,,,,1226.0,,,,,,,2.0,101.0,1.0,339.99,0.2,,,,,
,,order_items.csv,,,,,,,,,,,,1226.0,,,,,,,3.0,11.0,2.0,1680.99,0.07,,,,,
,,order_items.csv,,,,,,,,,,,,1226.0,,,,,,,4.0,51.0,1.0,6499.99,0.07,,,,,
,,order_items.csv,,,,,,,,,,,,1226.0,,,,,,,5.0,42.0,1.0,2299.99,0.1,,,,,
,,order_items.csv,,,,,,,,,,,,1227.0,,,,,,,1.0,90.0,2.0,209.99,0.2,,,,,
,,order_items.csv,,,,,,,,,,,,1227.0,,,,,,,2.0,44.0,1.0,539.99,0.07,,,,,
,,order_items.csv,,,,,,,,,,,,1227.0,,,,,,,3.0,26.0,1.0,599.99,0.05,,,,,
,,order_items.csv,,,,,,,,,,,,1227.0,,,,,,,4.0,8.0,1.0,1799.99,0.07,,,,,
,,order_items.csv,,,,,,,,,,,,1227.0,,,,,,,5.0,42.0,2.0,2299.99,0.2,,,,,
,,order_items.csv,,,,,,,,,,,,1228.0,,,,,,,1.0,92.0,1.0,209.99,0.2,,,,,
,,order_items.csv,,,,,,,,,,,,1228.0,,,,,,,2.0,55.0,2.0,2699.99,0.2,,,,,
,,order_items.csv,,,,,,,,,,,,1228.0,,,,,,,3.0,20.0,2.0,599.99,0.05,,,,,
,,order_items.csv,,,,,,,,,,,,1229.0,,,,,,,1.0,36.0,2.0,832.99,0.07,,,,,
,,order_items.csv,,,,,,,,,,,,1229.0,,,,,,,2.0,61.0,2.0,4999.99,0.1,,,,,
,,order_items.csv,,,,,,,,,,,,1230.0,,,,,,,1.0,32.0,2.0,469.99,0.1,,,,,
,,order_items.csv,,,,,,,,,,,,1230.0,,,,,,,2.0,38.0,2.0,549.99,0.07,,,,,
,,order_items.csv,,,,,,,,,,,,1231.0,,,,,,,1.0,75.0,2.0,599.99,0.05,,,,,
,,order_items.csv,,,,,,,,,,,,1231.0,,,,,,,2.0,70.0,1.0,659.99,0.07,,,,,
,,order_items.csv,,,,,,,,,,,,1232.0,,,,,,,1.0,4.0,2.0,2899.99,0.07,,,,,
,,order_items.csv,,,,,,,,,,,,1232.0,,,,,,,2.0,110.0,2.0,470.99,0.05,,,,,
,,order_items.csv,,,,,,,,,,,,1232.0,,,,,,,3.0,6.0,2.0,469.99,0.2,,,,,
,,order_items.csv,,,,,,,,,,,,1233.0,,,,,,,1.0,87.0,2.0,189.99,0.2,,,,,
,,order_items.csv,,,,,,,,,,,,1233.0,,,,,,,2.0,61.0,2.0,4999.99,0.1,,,,,
,,order_items.csv,,,,,,,,,,,,1233.0,,,,,,,3.0,55.0,1.0,2699.99,0.2,,,,,
,,order_items.csv,,,,,,,,,,,,1234.0,,,,,,,1.0,56.0,2.0,5499.99,0.07,,,,,
,,order_items.csv,,,,,,,,,,,,1234.0,,,,,,,2.0,71.0,2.0,416.99,0.07,,,,,
,,order_items.csv,,,,,,,,,,,,1235.0,,,,,,,1.0,7.0,1.0,3999.99,0.1,,,,,
,,order_items.csv,,,,,,,,,,,,1236.0,,,,,,,1.0,60.0,1.0,1559.99,0.07,,,,,
,,order_items.csv,,,,,,,,,,,,1236.0,,,,,,,2.0,32.0,2.0,469.99,0.05,,,,,
,,order_items.csv,,,,,,,,,,,,1236.0,,,,,,,3.0,91.0,1.0,349.99,0.1,,,,,
,,order_items.csv,,,,,,,,,,,,1237.0,,,,,,,1.0,23.0,1.0,299.99,0.1,,,,,
,,order_items.csv,,,,,,,,,,,,1237.0,,,,,,,2.0,87.0,2.0,189.99,0.1,,,,,
,,order_items.csv,,,,,,,,,,,,1237.0,,,,,,,3.0,95.0,2.0,299.99,0.2,,,,,
,,order_items.csv,,,,,,,,,,,,1237.0,,,,,,,4.0,55.0,2.0,2699.99,0.07,,,,,
,,order_items.csv,,,,,,,,,,,,1237.0,,,,,,,5.0,25.0,1.0,499.99,0.07,,,,,
,,order_items.csv,,,,,,,,,,,,1238.0,,,,,,,1.0,40.0,1.0,4999.99,0.1,,,,,
,,order_items.csv,,,,,,,,,,,,1238.0,,,,,,,2.0,14.0,1.0,269.99,0.1,,,,,
,,order_items.csv,,,,,,,,,,,,1238.0,,,,,,,3.0,99.0,2.0,299.99,0.2,,,,,
,,order_items.csv,,,,,,,,,,,,1238.0,,,,,,,4.0,101.0,1.0,339.99,0.1,,,,,
,,order_items.csv,,,,,,,,,,,,1239.0,,,,,,,1.0,15.0,2.0,529.99,0.2,,,,,
,,order_items.csv,,,,,,,,,,,,1239.0,,,,,,,2.0,91.0,1.0,349.99,0.1,,,,,
,,order_items.csv,,,,,,,,,,,,1239.0,,,,,,,3.0,34.0,2.0,469.99,0.1,,,,,
,,order_items.csv,,,,,,,,,,,,1239.0,,,,,,,4.0,36.0,1.0,832.99,0.05,,,,,
,,order_items.csv,,,,,,,,,,,,1240.0,,,,,,,1.0,107.0,2.0,416.99,0.1,,,,,
,,order_items.csv,,,,,,,,,,,,1240.0,,,,,,,2.0,23.0,2.0,299.99,0.05,,,,,
,,order_items.csv,,,,,,,,,,,,1240.0,,,,,,,3.0,15.0,2.0,529.99,0.2,,,,,
,,order_items.csv,,,,,,,,,,,,1240.0,,,,,,,4.0,77.0,2.0,799.99,0.05,,,,,
,,order_items.csv,,,,,,,,,,,,1240.0,,,,,,,5.0,57.0,1.0,1999.99,0.05,,,,,
,,order_items.csv,,,,,,,,,,,,1241.0,,,,,,,1.0,74.0,1.0,439.99,0.05,,,,,
,,order_items.csv,,,,,,,,,,,,1241.0,,,,,,,2.0,71.0,2.0,416.99,0.05,,,,,
,,order_items.csv,,,,,,,,,,,,1242.0,,,,,,,1.0,94.0,1.0,249.99,0.05,,,,,
,,order_items.csv,,,,,,,,,,,,1242.0,,,,,,,2.0,27.0,1.0,999.99,0.07,,,,,
,,order_items.csv,,,,,,,,,,,,1242.0,,,,,,,3.0,10.0,1.0,1549.0,0.07,,,,,
,,order_items.csv,,,,,,,,,,,,1242.0,,,,,,,4.0,70.0,1.0,659.99,0.2,,,,,
,,order_items.csv,,,,,,,,,,,,1243.0,,,,,,,1.0,44.0,1.0,539.99,0.07,,,,,
,,order_items.csv,,,,,,,,,,,,1244.0,,,,,,,1.0,45.0,1.0,869.99,0.2,,,,,
,,order_items.csv,,,,,,,,,,,,1244.0,,,,,,,2.0,38.0,2.0,549.99,0.07,,,,,
,,order_items.csv,,,,,,,,,,,,1244.0,,,,,,,3.0,33.0,1.0,469.99,0.07,,,,,
,,order_items.csv,,,,,,,,,,,,1244.0,,,,,,,4.0,37.0,2.0,379.99,0.1,,,,,
,,order_items.csv,,,,,,,,,,,,1245.0,,,,,,,1.0,13.0,1.0,269.99,0.1,,,,,
,,order_items.csv,,,,,,,,,,,,1246.0,,,,,,,1.0,78.0,2.0,647.99,0.2,,,,,
,,order_items.csv,,,,,,,,,,,,1246.0,,,,,,,2.0,46.0,1.0,1409.99,0.05,,,,,
,,order_items.csv,,,,,,,,,,,,1246.0,,,,,,,3.0,45.0,2.0,869.99,0.07,,,,,
,,order_items.csv,,,,,,,,,,,,1247.0,,,,,,,1.0,15.0,2.0,529.99,0.1,,,,,
,,order_items.csv,,,,,,,,,,,,1247.0,,,,,,,2.0,28.0,2.0,2499.99,0.1,,,,,
,,order_items.csv,,,,,,,,,,,,1247.0,,,,,,,3.0,26.0,1.0,599.99,0.05,,,,,
,,order_items.csv,,,,,,,,,,,,1248.0,,,,,,,1.0,94.0,2.0,249.99,0.05,,,,,
,,order_items.csv,,,,,,,,,,,,1248.0,,,,,,,2.0,33.0,2.0,469.99,0.1,,,,,
,,order_items.csv,,,,,,,,,,,,1248.0,,,,,,,3.0,92.0,1.0,209.99,0.1,,,,,
,,order_items.csv,,,,,,,,,,,,1248.0,,,,,,,4.0,12.0,1.0,549.99,0.05,,,,,
,,order_items.csv,,,,,,,,,,,,1249.0,,,,,,,1.0,62.0,1.0,3499.99,0.05,,,,,
,,order_items.csv,,,,,,,,,,,,1249.0,,,,,,,2.0,104.0,1.0,481.99,0.05,,,,,
,,order_items.csv,,,,,,,,,,,,1249.0,,,,,,,3.0,61.0,1.0,4999.99,0.2,,,,,
,,order_items.csv,,,,,,,,,,,,1250.0,,,,,,,1.0,78.0,2.0,647.99,0.05,,,,,
,,order_items.csv,,,,,,,,,,,,1250.0,,,,,,,2.0,66.0,2.0,250.99,0.1,,,,,
,,order_items.csv,,,,,,,,,,,,1250.0,,,,,,,3.0,20.0,2.0,599.99,0.05,,,,,
,,order_items.csv,,,,,,,,,,,,1250.0,,,,,,,4.0,6.0,2.0,469.99,0.1,,,,,
,,order_items.csv,,,,,,,,,,,,1251.0,,,,,,,1.0,40.0,2.0,4999.99,0.1,,,,,
,,order_items.csv,,,,,,,,,,,,1251.0,,,,,,,2.0,56.0,1.0,5499.99,0.07,,,,,
,,order_items.csv,,,,,,,,,,,,1251.0,,,,,,,3.0,7.0,1.0,3999.99,0.07,,,,,
,,order_items.csv,,,,,,,,,,,,1252.0,,,,,,,1.0,79.0,1.0,402.99,0.2,,,,,
,,order_items.csv,,,,,,,,,,,,1252.0,,,,,,,2.0,84.0,1.0,109.99,0.2,,,,,
,,order_items.csv,,,,,,,,,,,,1252.0,,,,,,,3.0,57.0,2.0,1999.99,0.05,,,,,
,,order_items.csv,,,,,,,,,,,,1253.0,,,,,,,1.0,25.0,2.0,499.99,0.1,,,,,
,,order_items.csv,,,,,,,,,,,,1253.0,,,,,,,2.0,21.0,1.0,269.99,0.07,,,,,
,,order_items.csv,,,,,,,,,,,,1253.0,,,,,,,3.0,88.0,1.0,189.99,0.2,,,,,
,,order_items.csv,,,,,,,,,,,,1254.0,,,,,,,1.0,80.0,1.0,761.99,0.2,,,,,
,,order_items.csv,,,,,,,,,,,,1254.0,,,,,,,2.0,91.0,1.0,349.99,0.2,,,,,
,,order_items.csv,,,,,,,,,,,,1255.0,,,,,,,1.0,43.0,2.0,5299.99,0.2,,,,,
,,order_items.csv,,,,,,,,,,,,1255.0,,,,,,,2.0,53.0,1.0,749.99,0.05,,,,,
,,order_items.csv,,,,,,,,,,,,1255.0,,,,,,,3.0,14.0,2.0,269.99,0.2,,,,,
,,order_items.csv,,,,,,,,,,,,1255.0,,,,,,,4.0,26.0,2.0,599.99,0.05,,,,,
,,order_items.csv,,,,,,,,,,,,1255.0,,,,,,,5.0,82.0,1.0,659.99,0.05,,,,,
,,order_items.csv,,,,,,,,,,,,1256.0,,,,,,,1.0,44.0,2.0,539.99,0.2,,,,,
,,order_items.csv,,,,,,,,,,,,1256.0,,,,,,,2.0,100.0,1.0,489.99,0.1,,,,,
,,order_items.csv,,,,,,,,,,,,1257.0,,,,,,,1.0,30.0,2.0,999.99,0.05,,,,,
,,order_items.csv,,,,,,,,,,,,1257.0,,,,,,,2.0,61.0,1.0,4999.99,0.05,,,,,
,,order_items.csv,,,,,,,,,,,,1257.0,,,,,,,3.0,17.0,2.0,429.0,0.1,,,,,
,,order_items.csv,,,,,,,,,,,,1257.0,,,,,,,4.0,41.0,1.0,1469.99,0.05,,,,,
,,order_items.csv,,,,,,,,,,,,1257.0,,,,,,,5.0,4.0,1.0,2899.99,0.1,,,,,
,,order_items.csv,,,,,,,,,,,,1258.0,,,,,,,1.0,94.0,2.0,249.99,0.1,,,,,
,,order_items.csv,,,,,,,,,,,,1258.0,,,,,,,2.0,99.0,2.0,299.99,0.05,,,,,
,,order_items.csv,,,,,,,,,,,,1259.0,,,,,,,1.0,60.0,1.0,1559.99,0.1,,,,,
,,order_items.csv,,,,,,,,,,,,1259.0,,,,,,,2.0,19.0,1.0,449.0,0.2,,,,,
,,order_items.csv,,,,,,,,,,,,1260.0,,,,,,,1.0,8.0,1.0,1799.99,0.1,,,,,
,,order_items.csv,,,,,,,,,,,,1260.0,,,,,,,2.0,66.0,1.0,250.99,0.1,,,,,
,,order_items.csv,,,,,,,,,,,,1261.0,,,,,,,1.0,73.0,1.0,749.99,0.2,,,,,
,,order_items.csv,,,,,,,,,,,,1261.0,,,,,,,2.0,88.0,2.0,189.99,0.2,,,,,
,,order_items.csv,,,,,,,,,,,,1261.0,,,,,,,3.0,100.0,1.0,489.99,0.05,,,,,
,,order_items.csv,,,,,,,,,,,,1261.0,,,,,,,4.0,42.0,1.0,2299.99,0.1,,,,,
,,order_items.csv,,,,,,,,,,,,1262.0,,,,,,,1.0,37.0,1.0,379.99,0.07,,,,,
,,order_items.csv,,,,,,,,,,,,1262.0,,,,,,,2.0,52.0,1.0,875.99,0.05,,,,,
,,order_items.csv,,,,,,,,,,,,1262.0,,,,,,,3.0,43.0,2.0,5299.99,0.07,,,,,
,,order_items.csv,,,,,,,,,,,,1262.0,,,,,,,4.0,77.0,1.0,799.99,0.07,,,,,
,,order_items.csv,,,,,,,,,,,,1263.0,,,,,,,1.0,45.0,1.0,869.99,0.2,,,,,
,,order_items.csv,,,,,,,,,,,,1263.0,,,,,,,2.0,62.0,1.0,3499.99,0.05,,,,,
,,order_items.csv,,,,,,,,,,,,1263.0,,,,,,,3.0,19.0,2.0,449.0,0.1,,,,,
,,order_items.csv,,,,,,,,,,,,1264.0,,,,,,,1.0,101.0,1.0,339.99,0.07,,,,,
,,order_items.csv,,,,,,,,,,,,1264.0,,,,,,,2.0,77.0,2.0,799.99,0.07,,,,,
,,order_items.csv,,,,,,,,,,,,1264.0,,,,,,,3.0,29.0,2.0,999.99,0.2,,,,,
,,order_items.csv,,,,,,,,,,,,1264.0,,,,,,,4.0,52.0,1.0,875.99,0.05,,,,,
,,order_items.csv,,,,,,,,,,,,1265.0,,,,,,,1.0,41.0,2.0,1469.99,0.1,,,,,
,,order_items.csv,,,,,,,,,,,,1265.0,,,,,,,2.0,72.0,2.0,619.99,0.07,,,,,
,,order_items.csv,,,,,,,,,,,,1266.0,,,,,,,1.0,90.0,1.0,209.99,0.2,,,,,
,,order_items.csv,,,,,,,,,,,,1266.0,,,,,,,2.0,48.0,1.0,1499.99,0.2,,,,,
,,order_items.csv,,,,,,,,,,,,1267.0,,,,,,,1.0,45.0,1.0,869.99,0.1,,,,,
,,order_items.csv,,,,,,,,,,,,1267.0,,,,,,,2.0,27.0,1.0,999.99,0.07,,,,,
,,order_items.csv,,,,,,,,,,,,1267.0,,,,,,,3.0,108.0,1.0,449.99,0.2,,,,,
,,order_items.csv,,,,,,,,,,,,1267.0,,,,,,,4.0,95.0,1.0,299.99,0.05,,,,,
,,order_items.csv,,,,,,,,,,,,1268.0,,,,,,,1.0,68.0,2.0,449.99,0.07,,,,,
,,order_items.csv,,,,,,,,,,,,1268.0,,,,,,,2.0,87.0,2.0,189.99,0.07,,,,,
,,order_items.csv,,,,,,,,,,,,1268.0,,,,,,,3.0,59.0,2.0,2599.99,0.2,,,,,
,,order_items.csv,,,,,,,,,,,,1268.0,,,,,,,4.0,100.0,1.0,489.99,0.07,,,,,
,,order_items.csv,,,,,,,,,,,,1269.0,,,,,,,1.0,4.0,2.0,2899.99,0.2,,,,,
,,order_items.csv,,,,,,,,,,,,1269.0,,,,,,,2.0,7.0,1.0,3999.99,0.2,,,,,
,,order_items.csv,,,,,,,,,,,,1269.0,,,,,,,3.0,111.0,1.0,470.99,0.1,,,,,
,,order_items.csv,,,,,,,,,,,,1270.0,,,,,,,1.0,54.0,1.0,3199.99,0.2,,,,,
,,order_items.csv,,,,,,,,,,,,1271.0,,,,,,,1.0,25.0,2.0,499.99,0.1,,,,,
,,order_items.csv,,,,,,,,,,,,1271.0,,,,,,,2.0,50.0,2.0,5999.99,0.07,,,,,
,,order_items.csv,,,,,,,,,,,,1271.0,,,,,,,3.0,87.0,2.0,189.99,0.07,,,,,
,,order_items.csv,,,,,,,,,,,,1271.0,,,,,,,4.0,32.0,2.0,469.99,0.07,,,,,
,,order_items.csv,,,,,,,,,,,,1272.0,,,,,,,1.0,16.0,2.0,599.99,0.2,,,,,
,,order_items.csv,,,,,,,,,,,,1272.0,,,,,,,2.0,71.0,2.0,416.99,0.1,,,,,
,,order_items.csv,,,,,,,,,,,,1272.0,,,,,,,3.0,86.0,1.0,149.99,0.07,,,,,
,,order_items.csv,,,,,,,,,,,,1273.0,,,,,,,1.0,95.0,2.0,299.99,0.07,,,,,
,,order_items.csv,,,,,,,,,,,,1273.0,,,,,,,2.0,20.0,1.0,599.99,0.07,,,,,
,,order_items.csv,,,,,,,,,,,,1273.0,,,,,,,3.0,58.0,1.0,4999.99,0.2,,,,,
,,order_items.csv,,,,,,,,,,,,1274.0,,,,,,,1.0,81.0,1.0,1099.99,0.1,,,,,
,,order_items.csv,,,,,,,,,,,,1275.0,,,,,,,1.0,58.0,1.0,4999.99,0.07,,,,,
,,order_items.csv,,,,,,,,,,,,1275.0,,,,,,,2.0,30.0,1.0,999.99,0.1,,,,,
,,order_items.csv,,,,,,,,,,,,1276.0,,,,,,,1.0,18.0,2.0,449.0,0.2,,,,,
,,order_items.csv,,,,,,,,,,,,1276.0,,,,,,,2.0,58.0,1.0,4999.99,0.2,,,,,
,,order_items.csv,,,,,,,,,,,,1276.0,,,,,,,3.0,42.0,1.0,2299.99,0.05,,,,,
,,order_items.csv,,,,,,,,,,,,1276.0,,,,,,,4.0,24.0,2.0,549.99,0.2,,,,,
,,order_items.csv,,,,,,,,,,,,1276.0,,,,,,,5.0,78.0,2.0,647.99,0.2,,,,,
,,order_items.csv,,,,,,,,,,,,1277.0,,,,,,,1.0,56.0,2.0,5499.99,0.2,,,,,
,,order_items.csv,,,,,,,,,,,,1277.0,,,,,,,2.0,93.0,2.0,209.99,0.05,,,,,
,,order_items.csv,,,,,,,,,,,,1277.0,,,,,,,3.0,9.0,2.0,2999.99,0.1,,,,,
,,order_items.csv,,,,,,,,,,,,1277.0,,,,,,,4.0,4.0,1.0,2899.99,0.1,,,,,
,,order_items.csv,,,,,,,,,,,,1277.0,,,,,,,5.0,11.0,1.0,1680.99,0.2,,,,,
,,order_items.csv,,,,,,,,,,,,1278.0,,,,,,,1.0,103.0,2.0,551.99,0.1,,,,,
,,order_items.csv,,,,,,,,,,,,1278.0,,,,,,,2.0,32.0,1.0,469.99,0.1,,,,,
,,order_items.csv,,,,,,,,,,,,1279.0,,,,,,,1.0,9.0,2.0,2999.99,0.05,,,,,
,,order_items.csv,,,,,,,,,,,,1280.0,,,,,,,1.0,72.0,2.0,619.99,0.07,,,,,
,,order_items.csv,,,,,,,,,,,,1280.0,,,,,,,2.0,74.0,1.0,439.99,0.05,,,,,
,,order_items.csv,,,,,,,,,,,,1280.0,,,,,,,3.0,52.0,1.0,875.99,0.07,,,,,
,,order_items.csv,,,,,,,,,,,,1280.0,,,,,,,4.0,63.0,1.0,3499.99,0.2,,,,,
,,order_items.csv,,,,,,,,,,,,1281.0,,,,,,,1.0,36.0,1.0,832.99,0.05,,,,,
,,order_items.csv,,,,,,,,,,,,1281.0,,,,,,,2.0,49.0,2.0,3499.99,0.05,,,,,
,,order_items.csv,,,,,,,,,,,,1281.0,,,,,,,3.0,75.0,1.0,599.99,0.05,,,,,
,,order_items.csv,,,,,,,,,,,,1282.0,,,,,,,1.0,111.0,1.0,470.99,0.05,,,,,
,,order_items.csv,,,,,,,,,,,,1282.0,,,,,,,2.0,50.0,2.0,5999.99,0.2,,,,,
,,order_items.csv,,,,,,,,,,,,1283.0,,,,,,,1.0,61.0,2.0,4999.99,0.05,,,,,
,,order_items.csv,,,,,,,,,,,,1283.0,,,,,,,2.0,81.0,1.0,1099.99,0.2,,,,,
,,order_items.csv,,,,,,,,,,,,1283.0,,,,,,,3.0,7.0,1.0,3999.99,0.1,,,,,
,,order_items.csv,,,,,,,,,,,,1283.0,,,,,,,4.0,32.0,1.0,469.99,0.1,,,,,
,,order_items.csv,,,,,,,,,,,,1283.0,,,,,,,5.0,11.0,1.0,1680.99,0.2,,,,,
,,order_items.csv,,,,,,,,,,,,1284.0,,,,,,,1.0,101.0,1.0,339.99,0.07,,,,,
,,order_items.csv,,,,,,,,,,,,1284.0,,,,,,,2.0,8.0,1.0,1799.99,0.05,,,,,
,,order_items.csv,,,,,,,,,,,,1284.0,,,,,,,3.0,4.0,2.0,2899.99,0.05,,,,,
,,order_items.csv,,,,,,,,,,,,1285.0,,,,,,,1.0,78.0,2.0,647.99,0.07,,,,,
,,order_items.csv,,,,,,,,,,,,1285.0,,,,,,,2.0,93.0,1.0,209.99,0.1,,,,,
,,order_items.csv,,,,,,,,,,,,1285.0,,,,,,,3.0,69.0,2.0,416.99,0.2,,,,,
,,order_items.csv,,,,,,,,,,,,1285.0,,,,,,,4.0,6.0,1.0,469.99,0.1,,,,,
,,order_items.csv,,,,,,,,,,,,1286.0,,,,,,,1.0,109.0,2.0,416.99,0.2,,,,,
,,order_items.csv,,,,,,,,,,,,1286.0,,,,,,,2.0,81.0,2.0,1099.99,0.07,,,,,
,,order_items.csv,,,,,,,,,,,,1286.0,,,,,,,3.0,87.0,1.0,189.99,0.07,,,,,
,,order_items.csv,,,,,,,,,,,,1287.0,,,,,,,1.0,27.0,2.0,999.99,0.2,,,,,
,,order_items.csv,,,,,,,,,,,,1287.0,,,,,,,2.0,62.0,2.0,3499.99,0.1,,,,,
,,order_items.csv,,,,,,,,,,,,1287.0,,,,,,,3.0,103.0,1.0,551.99,0.1,,,,,
,,order_items.csv,,,,,,,,,,,,1287.0,,,,,,,4.0,100.0,2.0,489.99,0.05,,,,,
,,order_items.csv,,,,,,,,,,,,1288.0,,,,,,,1.0,73.0,1.0,749.99,0.2,,,,,
,,order_items.csv,,,,,,,,,,,,1288.0,,,,,,,2.0,64.0,2.0,489.99,0.2,,,,,
,,order_items.csv,,,,,,,,,,,,1288.0,,,,,,,3.0,62.0,2.0,3499.99,0.1,,,,,
,,order_items.csv,,,,,,,,,,,,1288.0,,,,,,,4.0,17.0,2.0,429.0,0.07,,,,,
,,order_items.csv,,,,,,,,,,,,1289.0,,,,,,,1.0,89.0,1.0,209.99,0.05,,,,,
,,order_items.csv,,,,,,,,,,,,1289.0,,,,,,,2.0,3.0,1.0,999.99,0.1,,,,,
,,order_items.csv,,,,,,,,,,,,1290.0,,,,,,,1.0,75.0,2.0,599.99,0.05,,,,,
,,order_items.csv,,,,,,,,,,,,1290.0,,,,,,,2.0,36.0,1.0,832.99,0.05,,,,,
,,order_items.csv,,,,,,,,,,,,1290.0,,,,,,,3.0,92.0,2.0,209.99,0.1,,,,,
,,order_items.csv,,,,,,,,,,,,1291.0,,,,,,,1.0,57.0,1.0,1999.99,0.1,,,,,
,,order_items.csv,,,,,,,,,,,,1291.0,,,,,,,2.0,58.0,2.0,4999.99,0.05,,,,,
,,order_items.csv,,,,,,,,,,,,1292.0,,,,,,,1.0,70.0,1.0,659.99,0.07,,,,,
,,order_items.csv,,,,,,,,,,,,1293.0,,,,,,,1.0,88.0,2.0,189.99,0.1,,,,,
,,order_items.csv,,,,,,,,,,,,1293.0,,,,,,,2.0,74.0,2.0,439.99,0.05,,,,,
,,order_items.csv,,,,,,,,,,,,1293.0,,,,,,,3.0,38.0,2.0,549.99,0.07,,,,,
,,order_items.csv,,,,,,,,,,,,1294.0,,,,,,,1.0,95.0,2.0,299.99,0.05,,,,,
,,order_items.csv,,,,,,,,,,,,1294.0,,,,,,,2.0,44.0,1.0,539.99,0.05,,,,,
,,order_items.csv,,,,,,,,,,,,1295.0,,,,,,,1.0,5.0,2.0,1320.99,0.2,,,,,
,,order_items.csv,,,,,,,,,,,,1295.0,,,,,,,2.0,61.0,1.0,4999.99,0.2,,,,,
,,order_items.csv,,,,,,,,,,,,1295.0,,,,,,,3.0,52.0,1.0,875.99,0.05,,,,,
,,order_items.csv,,,,,,,,,,,,1296.0,,,,,,,1.0,25.0,2.0,499.99,0.05,,,,,
,,order_items.csv,,,,,,,,,,,,1296.0,,,,,,,2.0,90.0,1.0,209.99,0.1,,,,,
,,order_items.csv,,,,,,,,,,,,1296.0,,,,,,,3.0,16.0,1.0,599.99,0.05,,,,,
,,order_items.csv,,,,,,,,,,,,1296.0,,,,,,,4.0,2.0,2.0,749.99,0.1,,,,,
,,order_items.csv,,,,,,,,,,,,1297.0,,,,,,,1.0,104.0,2.0,481.99,0.07,,,,,
,,order_items.csv,,,,,,,,,,,,1297.0,,,,,,,2.0,43.0,1.0,5299.99,0.05,,,,,
,,order_items.csv,,,,,,,,,,,,1297.0,,,,,,,3.0,51.0,2.0,6499.99,0.05,,,,,
,,order_items.csv,,,,,,,,,,,,1298.0,,,,,,,1.0,59.0,1.0,2599.99,0.05,,,,,
,,order_items.csv,,,,,,,,,,,,1298.0,,,,,,,2.0,110.0,2.0,470.99,0.07,,,,,
,,order_items.csv,,,,,,,,,,,,1299.0,,,,,,,1.0,14.0,2.0,269.99,0.1,,,,,
,,order_items.csv,,,,,,,,,,,,1299.0,,,,,,,2.0,101.0,1.0,339.99,0.05,,,,,
,,order_items.csv,,,,,,,,,,,,1299.0,,,,,,,3.0,75.0,1.0,599.99,0.05,,,,,
,,order_items.csv,,,,,,,,,,,,1299.0,,,,,,,4.0,52.0,2.0,875.99,0.2,,,,,
,,order_items.csv,,,,,,,,,,,,1300.0,,,,,,,1.0,101.0,2.0,339.99,0.07,,,,,
,,order_items.csv,,,,,,,,,,,,1300.0,,,,,,,2.0,58.0,2.0,4999.99,0.05,,,,,
,,order_items.csv,,,,,,,,,,,,1301.0,,,,,,,1.0,45.0,2.0,869.99,0.2,,,,,
,,order_items.csv,,,,,,,,,,,,1301.0,,,,,,,2.0,105.0,2.0,533.99,0.1,,,,,
,,order_items.csv,,,,,,,,,,,,1301.0,,,,,,,3.0,8.0,1.0,1799.99,0.2,,,,,
,,order_items.csv,,,,,,,,,,,,1302.0,,,,,,,1.0,38.0,1.0,549.99,0.05,,,,,
,,order_items.csv,,,,,,,,,,,,1302.0,,,,,,,2.0,20.0,2.0,599.99,0.1,,,,,
,,order_items.csv,,,,,,,,,,,,1302.0,,,,,,,3.0,56.0,2.0,5499.99,0.07,,,,,
,,order_items.csv,,,,,,,,,,,,1303.0,,,,,,,1.0,96.0,1.0,349.99,0.1,,,,,
,,order_items.csv,,,,,,,,,,,,1303.0,,,,,,,2.0,63.0,2.0,3499.99,0.2,,,,,
,,order_items.csv,,,,,,,,,,,,1303.0,,,,,,,3.0,108.0,1.0,449.99,0.1,,,,,
,,order_items.csv,,,,,,,,,,,,1303.0,,,,,,,4.0,73.0,1.0,749.99,0.1,,,,,
,,order_items.csv,,,,,,,,,,,,1303.0,,,,,,,5.0,24.0,2.0,549.99,0.1,,,,,
,,order_items.csv,,,,,,,,,,,,1304.0,,,,,,,1.0,80.0,1.0,761.99,0.05,,,,,
,,order_items.csv,,,,,,,,,,,,1304.0,,,,,,,2.0,99.0,2.0,299.99,0.05,,,,,
,,order_items.csv,,,,,,,,,,,,1304.0,,,,,,,3.0,102.0,1.0,489.99,0.2,,,,,
,,order_items.csv,,,,,,,,,,,,1304.0,,,,,,,4.0,17.0,1.0,429.0,0.05,,,,,
,,order_items.csv,,,,,,,,,,,,1305.0,,,,,,,1.0,85.0,1.0,329.99,0.2,,,,,
,,order_items.csv,,,,,,,,,,,,1305.0,,,,,,,2.0,9.0,1.0,2999.99,0.07,,,,,
,,order_items.csv,,,,,,,,,,,,1305.0,,,,,,,3.0,11.0,1.0,1680.99,0.05,,,,,
,,order_items.csv,,,,,,,,,,,,1305.0,,,,,,,4.0,91.0,2.0,349.99,0.05,,,,,
,,order_items.csv,,,,,,,,,,,,1306.0,,,,,,,1.0,103.0,2.0,551.99,0.05,,,,,
,,order_items.csv,,,,,,,,,,,,1306.0,,,,,,,2.0,81.0,2.0,1099.99,0.07,,,,,
,,order_items.csv,,,,,,,,,,,,1306.0,,,,,,,3.0,45.0,1.0,869.99,0.2,,,,,
,,order_items.csv,,,,,,,,,,,,1306.0,,,,,,,4.0,42.0,1.0,2299.99,0.2,,,,,
,,order_items.csv,,,,,,,,,,,,1306.0,,,,,,,5.0,9.0,2.0,2999.99,0.07,,,,,
,,order_items.csv,,,,,,,,,,,,1307.0,,,,,,,1.0,96.0,2.0,349.99,0.07,,,,,
,,order_items.csv,,,,,,,,,,,,1307.0,,,,,,,2.0,53.0,2.0,749.99,0.2,,,,,
,,order_items.csv,,,,,,,,,,,,1307.0,,,,,,,3.0,69.0,2.0,416.99,0.2,,,,,
,,order_items.csv,,,,,,,,,,,,1308.0,,,,,,,1.0,54.0,1.0,3199.99,0.05,,,,,
,,order_items.csv,,,,,,,,,,,,1308.0,,,,,,,2.0,69.0,1.0,416.99,0.2,,,,,
,,order_items.csv,,,,,,,,,,,,1308.0,,,,,,,3.0,14.0,2.0,269.99,0.07,,,,,
,,order_items.csv,,,,,,,,,,,,1308.0,,,,,,,4.0,56.0,1.0,5499.99,0.2,,,,,
,,order_items.csv,,,,,,,,,,,,1308.0,,,,,,,5.0,32.0,1.0,469.99,0.07,,,,,
,,order_items.csv,,,,,,,,,,,,1309.0,,,,,,,1.0,65.0,1.0,346.99,0.05,,,,,
,,order_items.csv,,,,,,,,,,,,1309.0,,,,,,,2.0,87.0,2.0,189.99,0.2,,,,,
,,order_items.csv,,,,,,,,,,,,1310.0,,,,,,,1.0,59.0,1.0,2599.99,0.2,,,,,
,,order_items.csv,,,,,,,,,,,,1310.0,,,,,,,2.0,77.0,2.0,799.99,0.2,,,,,
,,order_items.csv,,,,,,,,,,,,1310.0,,,,,,,3.0,11.0,2.0,1680.99,0.1,,,,,
,,order_items.csv,,,,,,,,,,,,1310.0,,,,,,,4.0,54.0,1.0,3199.99,0.2,,,,,
,,order_items.csv,,,,,,,,,,,,1311.0,,,,,,,1.0,69.0,1.0,416.99,0.1,,,,,
,,order_items.csv,,,,,,,,,,,,1311.0,,,,,,,2.0,45.0,2.0,869.99,0.07,,,,,
,,order_items.csv,,,,,,,,,,,,1311.0,,,,,,,3.0,27.0,2.0,999.99,0.1,,,,,
,,order_items.csv,,,,,,,,,,,,1311.0,,,,,,,4.0,42.0,1.0,2299.99,0.1,,,,,
,,order_items.csv,,,,,,,,,,,,1312.0,,,,,,,1.0,67.0,2.0,250.99,0.05,,,,,
,,order_items.csv,,,,,,,,,,,,1312.0,,,,,,,2.0,14.0,1.0,269.99,0.2,,,,,
,,order_items.csv,,,,,,,,,,,,1312.0,,,,,,,3.0,20.0,1.0,599.99,0.07,,,,,
,,order_items.csv,,,,,,,,,,,,1313.0,,,,,,,1.0,75.0,1.0,599.99,0.2,,,,,
,,order_items.csv,,,,,,,,,,,,1313.0,,,,,,,2.0,33.0,1.0,469.99,0.2,,,,,
,,order_items.csv,,,,,,,,,,,,1313.0,,,,,,,3.0,69.0,1.0,416.99,0.07,,,,,
,,order_items.csv,,,,,,,,,,,,1314.0,,,,,,,1.0,52.0,1.0,875.99,0.07,,,,,
,,order_items.csv,,,,,,,,,,,,1314.0,,,,,,,2.0,72.0,2.0,619.99,0.05,,,,,
,,order_items.csv,,,,,,,,,,,,1314.0,,,,,,,3.0,94.0,1.0,249.99,0.1,,,,,
,,order_items.csv,,,,,,,,,,,,1315.0,,,,,,,1.0,104.0,2.0,481.99,0.07,,,,,
,,order_items.csv,,,,,,,,,,,,1315.0,,,,,,,2.0,41.0,1.0,1469.99,0.05,,,,,
,,order_items.csv,,,,,,,,,,,,1315.0,,,,,,,3.0,24.0,1.0,549.99,0.1,,,,,
,,order_items.csv,,,,,,,,,,,,1315.0,,,,,,,4.0,26.0,1.0,599.99,0.07,,,,,
,,order_items.csv,,,,,,,,,,,,1315.0,,,,,,,5.0,16.0,2.0,599.99,0.2,,,,,
,,order_items.csv,,,,,,,,,,,,1316.0,,,,,,,1.0,76.0,2.0,299.99,0.1,,,,,
,,order_items.csv,,,,,,,,,,,,1316.0,,,,,,,2.0,90.0,1.0,209.99,0.1,,,,,
,,order_items.csv,,,,,,,,,,,,1317.0,,,,,,,1.0,82.0,1.0,659.99,0.1,,,,,
,,order_items.csv,,,,,,,,,,,,1318.0,,,,,,,1.0,82.0,2.0,659.99,0.2,,,,,
,,order_items.csv,,,,,,,,,,,,1318.0,,,,,,,2.0,62.0,2.0,3499.99,0.2,,,,,
,,order_items.csv,,,,,,,,,,,,1318.0,,,,,,,3.0,111.0,1.0,470.99,0.2,,,,,
,,order_items.csv,,,,,,,,,,,,1318.0,,,,,,,4.0,92.0,1.0,209.99,0.07,,,,,
,,order_items.csv,,,,,,,,,,,,1319.0,,,,,,,1.0,75.0,1.0,599.99,0.07,,,,,
,,order_items.csv,,,,,,,,,,,,1319.0,,,,,,,2.0,91.0,1.0,349.99,0.2,,,,,
,,order_items.csv,,,,,,,,,,,,1320.0,,,,,,,1.0,104.0,1.0,481.99,0.1,,,,,
,,order_items.csv,,,,,,,,,,,,1320.0,,,,,,,2.0,93.0,1.0,209.99,0.05,,,,,
,,order_items.csv,,,,,,,,,,,,1320.0,,,,,,,3.0,99.0,2.0,299.99,0.2,,,,,
,,order_items.csv,,,,,,,,,,,,1321.0,,,,,,,1.0,34.0,1.0,469.99,0.1,,,,,
,,order_items.csv,,,,,,,,,,,,1321.0,,,,,,,2.0,107.0,1.0,416.99,0.1,,,,,
,,order_items.csv,,,,,,,,,,,,1321.0,,,,,,,3.0,11.0,2.0,1680.99,0.1,,,,,
,,order_items.csv,,,,,,,,,,,,1322.0,,,,,,,1.0,28.0,2.0,2499.99,0.05,,,,,
,,order_items.csv,,,,,,,,,,,,1322.0,,,,,,,2.0,104.0,2.0,481.99,0.05,,,,,
,,order_items.csv,,,,,,,,,,,,1323.0,,,,,,,1.0,27.0,2.0,999.99,0.07,,,,,
,,order_items.csv,,,,,,,,,,,,1323.0,,,,,,,2.0,20.0,1.0,599.99,0.05,,,,,
,,order_items.csv,,,,,,,,,,,,1323.0,,,,,,,3.0,70.0,1.0,659.99,0.05,,,,,
,,order_items.csv,,,,,,,,,,,,1324.0,,,,,,,1.0,66.0,1.0,250.99,0.1,,,,,
,,order_items.csv,,,,,,,,,,,,1324.0,,,,,,,2.0,120.0,2.0,2499.99,0.2,,,,,
,,order_items.csv,,,,,,,,,,,,1324.0,,,,,,,3.0,235.0,1.0,899.99,0.1,,,,,
,,order_items.csv,,,,,,,,,,,,1324.0,,,,,,,4.0,3.0,1.0,999.99,0.2,,,,,
,,order_items.csv,,,,,,,,,,,,1325.0,,,,,,,1.0,139.0,1.0,2999.99,0.05,,,,,
,,order_items.csv,,,,,,,,,,,,1325.0,,,,,,,2.0,257.0,1.0,899.99,0.05,,,,,
,,order_items.csv,,,,,,,,,,,,1325.0,,,,,,,3.0,209.0,1.0,2999.99,0.1,,,,,
,,order_items.csv,,,,,,,,,,,,1325.0,,,,,,,4.0,28.0,1.0,2499.99,0.07,,,,,
,,order_items.csv,,,,,,,,,,,,1326.0,,,,,,,1.0,190.0,2.0,2799.99,0.07,,,,,
,,order_items.csv,,,,,,,,,,,,1326.0,,,,,,,2.0,269.0,2.0,199.99,0.07,,,,,
,,order_items.csv,,,,,,,,,,,,1327.0,,,,,,,1.0,151.0,2.0,1549.99,0.07,,,,,
,,order_items.csv,,,,,,,,,,,,1327.0,,,,,,,2.0,235.0,2.0,899.99,0.1,,,,,
,,order_items.csv,,,,,,,,,,,,1327.0,,,,,,,3.0,48.0,2.0,1499.99,0.1,,,,,
,,order_items.csv,,,,,,,,,,,,1327.0,,,,,,,4.0,180.0,1.0,919.99,0.2,,,,,
,,order_items.csv,,,,,,,,,,,,1328.0,,,,,,,1.0,241.0,1.0,749.99,0.07,,,,,
,,order_items.csv,,,,,,,,,,,,1328.0,,,,,,,2.0,129.0,2.0,919.99,0.1,,,,,
,,order_items.csv,,,,,,,,,,,,1328.0,,,,,,,3.0,228.0,1.0,319.99,0.07,,,,,
,,order_items.csv,,,,,,,,,,,,1328.0,,,,,,,4.0,311.0,1.0,749.99,0.1,,,,,
,,order_items.csv,,,,,,,,,,,,1328.0,,,,,,,5.0,247.0,1.0,599.99,0.1,,,,,
,,order_items.csv,,,,,,,,,,,,1329.0,,,,,,,1.0,143.0,1.0,1099.99,0.07,,,,,
,,order_items.csv,,,,,,,,,,,,1329.0,,,,,,,2.0,107.0,1.0,416.99,0.05,,,,,
,,order_items.csv,,,,,,,,,,,,1329.0,,,,,,,3.0,55.0,1.0,2699.99,0.07,,,,,
,,order_items.csv,,,,,,,,,,,,1329.0,,,,,,,4.0,283.0,2.0,319.99,0.2,,,,,
,,order_items.csv,,,,,,,,,,,,1329.0,,,,,,,5.0,13.0,1.0,269.99,0.1,,,,,
,,order_items.csv,,,,,,,,,,,,1330.0,,,,,,,1.0,232.0,1.0,479.99,0.2,,,,,
,,order_items.csv,,,,,,,,,,,,1330.0,,,,,,,2.0,243.0,2.0,679.99,0.05,,,,,
,,order_items.csv,,,,,,,,,,,,1330.0,,,,,,,3.0,230.0,2.0,429.99,0.2,,,,,
,,order_items.csv,,,,,,,,,,,,1330.0,,,,,,,4.0,102.0,2.0,489.99,0.05,,,,,
,,order_items.csv,,,,,,,,,,,,1330.0,,,,,,,5.0,282.0,1.0,279.99,0.1,,,,,
,,order_items.csv,,,,,,,,,,,,1331.0,,,,,,,1.0,253.0,1.0,2599.99,0.05,,,,,
,,order_items.csv,,,,,,,,,,,,1331.0,,,,,,,2.0,290.0,1.0,369.99,0.05,,,,,
,,order_items.csv,,,,,,,,,,,,1331.0,,,,,,,3.0,145.0,2.0,1799.99,0.1,,,,,
,,order_items.csv,,,,,,,,,,,,1331.0,,,,,,,4.0,300.0,1.0,799.99,0.2,,,,,
,,order_items.csv,,,,,,,,,,,,1332.0,,,,,,,1.0,296.0,1.0,369.99,0.2,,,,,
,,order_items.csv,,,,,,,,,,,,1332.0,,,,,,,2.0,93.0,2.0,209.99,0.05,,,,,
,,order_items.csv,,,,,,,,,,,,1332.0,,,,,,,3.0,179.0,2.0,919.99,0.07,,,,,
,,order_items.csv,,,,,,,,,,,,1332.0,,,,,,,4.0,298.0,1.0,279.99,0.1,,,,,
,,order_items.csv,,,,,,,,,,,,1333.0,,,,,,,1.0,205.0,2.0,4999.99,0.05,,,,,
,,order_items.csv,,,,,,,,,,,,1333.0,,,,,,,2.0,304.0,2.0,679.99,0.1,,,,,
,,order_items.csv,,,,,,,,,,,,1333.0,,,,,,,3.0,99.0,2.0,299.99,0.1,,,,,
,,order_items.csv,,,,,,,,,,,,1333.0,,,,,,,4.0,12.0,1.0,549.99,0.05,,,,,
,,order_items.csv,,,,,,,,,,,,1333.0,,,,,,,5.0,78.0,1.0,647.99,0.1,,,,,
,,order_items.csv,,,,,,,,,,,,1334.0,,,,,,,1.0,203.0,2.0,4999.99,0.05,,,,,
,,order_items.csv,,,,,,,,,,,,1334.0,,,,,,,2.0,160.0,2.0,4499.99,0.07,,,,,
,,order_items.csv,,,,,,,,,,,,1334.0,,,,,,,3.0,84.0,2.0,109.99,0.1,,,,,
,,order_items.csv,,,,,,,,,,,,1334.0,,,,,,,4.0,13.0,1.0,269.99,0.05,,,,,
,,order_items.csv,,,,,,,,,,,,1334.0,,,,,,,5.0,42.0,1.0,2299.99,0.05,,,,,
,,order_items.csv,,,,,,,,,,,,1335.0,,,,,,,1.0,138.0,2.0,2249.99,0.05,,,,,
,,order_items.csv,,,,,,,,,,,,1336.0,,,,,,,1.0,29.0,2.0,999.99,0.2,,,,,
,,order_items.csv,,,,,,,,,,,,1336.0,,,,,,,2.0,157.0,1.0,6499.99,0.05,,,,,
,,order_items.csv,,,,,,,,,,,,1336.0,,,,,,,3.0,21.0,2.0,269.99,0.07,,,,,
,,order_items.csv,,,,,,,,,,,,1336.0,,,,,,,4.0,207.0,1.0,3999.99,0.1,,,,,
,,order_items.csv,,,,,,,,,,,,1336.0,,,,,,,5.0,185.0,1.0,2799.99,0.1,,,,,
,,order_items.csv,,,,,,,,,,,,1337.0,,,,,,,1.0,153.0,1.0,4999.99,0.1,,,,,
,,order_items.csv,,,,,,,,,,,,1338.0,,,,,,,1.0,169.0,2.0,6499.99,0.07,,,,,
,,order_items.csv,,,,,,,,,,,,1339.0,,,,,,,1.0,175.0,1.0,3199.99,0.07,,,,,
,,order_items.csv,,,,,,,,,,,,1340.0,,,,,,,1.0,253.0,1.0,2599.99,0.2,,,,,
,,order_items.csv,,,,,,,,,,,,1340.0,,,,,,,2.0,92.0,2.0,209.99,0.2,,,,,
,,order_items.csv,,,,,,,,,,,,1340.0,,,,,,,3.0,237.0,2.0,849.99,0.05,,,,,
,,order_items.csv,,,,,,,,,,,,1341.0,,,,,,,1.0,215.0,2.0,749.99,0.07,,,,,
,,order_items.csv,,,,,,,,,,,,1341.0,,,,,,,2.0,56.0,2.0,5499.99,0.2,,,,,
,,order_items.csv,,,,,,,,,,,,1341.0,,,,,,,3.0,234.0,2.0,899.99,0.05,,,,,
,,order_items.csv,,,,,,,,,,,,1341.0,,,,,,,4.0,66.0,2.0,250.99,0.05,,,,,
,,order_items.csv,,,,,,,,,,,,1342.0,,,,,,,1.0,60.0,1.0,1559.99,0.05,,,,,
,,order_items.csv,,,,,,,,,,,,1342.0,,,,,,,2.0,270.0,1.0,209.99,0.05,,,,,
,,order_items.csv,,,,,,,,,,,,1343.0,,,,,,,1.0,244.0,1.0,559.99,0.05,,,,,
,,order_items.csv,,,,,,,,,,,,1343.0,,,,,,,2.0,99.0,1.0,299.99,0.05,,,,,
,,order_items.csv,,,,,,,,,,,,1343.0,,,,,,,3.0,184.0,2.0,3499.99,0.2,,,,,
,,order_items.csv,,,,,,,,,,,,1343.0,,,,,,,4.0,65.0,2.0,346.99,0.2,,,,,
,,order_items.csv,,,,,,,,,,,,1343.0,,,,,,,5.0,206.0,1.0,3299.99,0.1,,,,,
,,order_items.csv,,,,,,,,,,,,1344.0,,,,,,,1.0,77.0,2.0,799.99,0.07,,,,,
,,order_items.csv,,,,,,,,,,,,1344.0,,,,,,,2.0,103.0,2.0,551.99,0.2,,,,,
,,order_items.csv,,,,,,,,,,,,1344.0,,,,,,,3.0,3.0,1.0,999.99,0.07,,,,,
,,order_items.csv,,,,,,,,,,,,1344.0,,,,,,,4.0,61.0,1.0,4999.99,0.07,,,,,
,,order_items.csv,,,,,,,,,,,,1345.0,,,,,,,1.0,40.0,2.0,4999.99,0.2,,,,,
,,order_items.csv,,,,,,,,,,,,1345.0,,,,,,,2.0,172.0,2.0,3199.99,0.05,,,,,
,,order_items.csv,,,,,,,,,,,,1345.0,,,,,,,3.0,164.0,2.0,1549.0,0.2,,,,,
,,order_items.csv,,,,,,,,,,,,1345.0,,,,,,,4.0,2.0,2.0,749.99,0.2,,,,,
,,order_items.csv,,,,,,,,,,,,1346.0,,,,,,,1.0,134.0,2.0,1499.99,0.05,,,,,
,,order_items.csv,,,,,,,,,,,,1346.0,,,,,,,2.0,150.0,1.0,4499.99,0.05,,,,,
,,order_items.csv,,,,,,,,,,,,1346.0,,,,,,,3.0,18.0,2.0,449.0,0.05,,,,,
,,order_items.csv,,,,,,,,,,,,1346.0,,,,,,,4.0,249.0,1.0,749.99,0.1,,,,,
,,order_items.csv,,,,,,,,,,,,1346.0,,,,,,,5.0,263.0,2.0,89.99,0.2,,,,,
,,order_items.csv,,,,,,,,,,,,1347.0,,,,,,,1.0,43.0,2.0,5299.99,0.07,,,,,
,,order_items.csv,,,,,,,,,,,,1347.0,,,,,,,2.0,53.0,1.0,749.99,0.05,,,,,
,,order_items.csv,,,,,,,,,,,,1348.0,,,,,,,1.0,203.0,1.0,4999.99,0.05,,,,,
,,order_items.csv,,,,,,,,,,,,1348.0,,,,,,,2.0,148.0,1.0,5499.99,0.05,,,,,
,,order_items.csv,,,,,,,,,,,,1348.0,,,,,,,3.0,58.0,2.0,4999.99,0.1,,,,,
,,order_items.csv,,,,,,,,,,,,1348.0,,,,,,,4.0,147.0,1.0,1799.99,0.07,,,,,
,,order_items.csv,,,,,,,,,,,,1349.0,,,,,,,1.0,138.0,2.0,2249.99,0.05,,,,,
,,order_items.csv,,,,,,,,,,,,1349.0,,,,,,,2.0,205.0,2.0,4999.99,0.07,,,,,
,,order_items.csv,,,,,,,,,,,,1349.0,,,,,,,3.0,168.0,2.0,1549.0,0.2,,,,,
,,order_items.csv,,,,,,,,,,,,1349.0,,,,,,,4.0,184.0,1.0,3499.99,0.2,,,,,
,,order_items.csv,,,,,,,,,,,,1350.0,,,,,,,1.0,305.0,1.0,749.99,0.1,,,,,
,,order_items.csv,,,,,,,,,,,,1350.0,,,,,,,2.0,250.0,1.0,2599.99,0.07,,,,,
,,order_items.csv,,,,,,,,,,,,1350.0,,,,,,,3.0,253.0,1.0,2599.99,0.07,,,,,
,,order_items.csv,,,,,,,,,,,,1350.0,,,,,,,4.0,159.0,1.0,2299.99,0.05,,,,,
,,order_items.csv,,,,,,,,,,,,1350.0,,,,,,,5.0,13.0,2.0,269.99,0.2,,,,,
,,order_items.csv,,,,,,,,,,,,1351.0,,,,,,,1.0,297.0,2.0,279.99,0.2,,,,,
,,order_items.csv,,,,,,,,,,,,1351.0,,,,,,,2.0,133.0,1.0,1499.99,0.1,,,,,
,,order_items.csv,,,,,,,,,,,,1352.0,,,,,,,1.0,136.0,1.0,1799.99,0.2,,,,,
,,order_items.csv,,,,,,,,,,,,1352.0,,,,,,,2.0,52.0,2.0,875.99,0.1,,,,,
,,order_items.csv,,,,,,,,,,,,1352.0,,,,,,,3.0,282.0,2.0,279.99,0.1,,,,,
,,order_items.csv,,,,,,,,,,,,1352.0,,,,,,,4.0,86.0,2.0,149.99,0.2,,,,,
,,order_items.csv,,,,,,,,,,,,1352.0,,,,,,,5.0,100.0,1.0,489.99,0.05,,,,,
,,order_items.csv,,,,,,,,,,,,1353.0,,,,,,,1.0,107.0,2.0,416.99,0.05,,,,,
,,order_items.csv,,,,,,,,,,,,1353.0,,,,,,,2.0,233.0,1.0,639.99,0.07,,,,,
,,order_items.csv,,,,,,,,,,,,1353.0,,,,,,,3.0,300.0,1.0,799.99,0.2,,,,,
,,order_items.csv,,,,,,,,,,,,1353.0,,,,,,,4.0,86.0,2.0,149.99,0.05,,,,,
,,order_items.csv,,,,,,,,,,,,1354.0,,,,,,,1.0,166.0,2.0,749.99,0.07,,,,,
,,order_items.csv,,,,,,,,,,,,1355.0,,,,,,,1.0,297.0,1.0,279.99,0.1,,,,,
,,order_items.csv,,,,,,,,,,,,1355.0,,,,,,,2.0,253.0,1.0,2599.99,0.07,,,,,
,,order_items.csv,,,,,,,,,,,,1355.0,,,,,,,3.0,149.0,1.0,7499.99,0.2,,,,,
,,order_items.csv,,,,,,,,,,,,1355.0,,,,,,,4.0,313.0,2.0,449.99,0.1,,,,,
,,order_items.csv,,,,,,,,,,,,1356.0,,,,,,,1.0,192.0,1.0,2599.99,0.05,,,,,
,,order_items.csv,,,,,,,,,,,,1356.0,,,,,,,2.0,199.0,2.0,2999.99,0.1,,,,,
,,order_items.csv,,,,,,,,,,,,1356.0,,,,,,,3.0,276.0,2.0,319.99,0.1,,,,,
,,order_items.csv,,,,,,,,,,,,1357.0,,,,,,,1.0,145.0,2.0,1799.99,0.2,,,,,
,,order_items.csv,,,,,,,,,,,,1357.0,,,,,,,2.0,60.0,1.0,1559.99,0.2,,,,,
,,order_items.csv,,,,,,,,,,,,1357.0,,,,,,,3.0,130.0,1.0,919.99,0.2,,,,,
,,order_items.csv,,,,,,,,,,,,1358.0,,,,,,,1.0,257.0,2.0,899.99,0.2,,,,,
,,order_items.csv,,,,,,,,,,,,1359.0,,,,,,,1.0,282.0,1.0,279.99,0.05,,,,,
,,order_items.csv,,,,,,,,,,,,1359.0,,,,,,,2.0,82.0,1.0,659.99,0.05,,,,,
,,order_items.csv,,,,,,,,,,,,1360.0,,,,,,,1.0,31.0,1.0,1632.99,0.05,,,,,
,,order_items.csv,,,,,,,,,,,,1361.0,,,,,,,1.0,307.0,2.0,749.99,0.07,,,,,
,,order_items.csv,,,,,,,,,,,,1361.0,,,,,,,2.0,153.0,1.0,4999.99,0.05,,,,,
,,order_items.csv,,,,,,,,,,,,1361.0,,,,,,,3.0,163.0,2.0,1349.0,0.2,,,,,
,,order_items.csv,,,,,,,,,,,,1362.0,,,,,,,1.0,27.0,2.0,999.99,0.2,,,,,
,,order_items.csv,,,,,,,,,,,,1362.0,,,,,,,2.0,204.0,2.0,3599.99,0.07,,,,,
,,order_items.csv,,,,,,,,,,,,1362.0,,,,,,,3.0,4.0,2.0,2899.99,0.2,,,,,
,,order_items.csv,,,,,,,,,,,,1363.0,,,,,,,1.0,66.0,2.0,250.99,0.1,,,,,
,,order_items.csv,,,,,,,,,,,,1364.0,,,,,,,1.0,78.0,1.0,647.99,0.07,,,,,
,,order_items.csv,,,,,,,,,,,,1364.0,,,,,,,2.0,155.0,2.0,11999.99,0.1,,,,,
,,order_items.csv,,,,,,,,,,,,1364.0,,,,,,,3.0,152.0,1.0,2499.99,0.1,,,,,
,,order_items.csv,,,,,,,,,,,,1364.0,,,,,,,4.0,110.0,1.0,470.99,0.07,,,,,
,,order_items.csv,,,,,,,,,,,,1365.0,,,,,,,1.0,144.0,1.0,1549.99,0.07,,,,,
,,order_items.csv,,,,,,,,,,,,1365.0,,,,,,,2.0,58.0,1.0,4999.99,0.07,,,,,
,,order_items.csv,,,,,,,,,,,,1365.0,,,,,,,3.0,236.0,1.0,749.99,0.05,,,,,
,,order_items.csv,,,,,,,,,,,,1366.0,,,,,,,1.0,115.0,1.0,3199.99,0.1,,,,,
,,order_items.csv,,,,,,,,,,,,1366.0,,,,,,,2.0,128.0,2.0,1899.0,0.2,,,,,
,,order_items.csv,,,,,,,,,,,,1366.0,,,,,,,3.0,200.0,1.0,3499.99,0.07,,,,,
,,order_items.csv,,,,,,,,,,,,1367.0,,,,,,,1.0,132.0,1.0,1499.99,0.1,,,,,
,,order_items.csv,,,,,,,,,,,,1367.0,,,,,,,2.0,131.0,2.0,2599.0,0.2,,,,,
,,order_items.csv,,,,,,,,,,,,1367.0,,,,,,,3.0,124.0,1.0,1499.0,0.07,,,,,
,,order_items.csv,,,,,,,,,,,,1367.0,,,,,,,4.0,24.0,2.0,549.99,0.05,,,,,
,,order_items.csv,,,,,,,,,,,,1368.0,,,,,,,1.0,66.0,1.0,250.99,0.1,,,,,
,,order_items.csv,,,,,,,,,,,,1368.0,,,,,,,2.0,113.0,2.0,489.99,0.07,,,,,
,,order_items.csv,,,,,,,,,,,,1368.0,,,,,,,3.0,186.0,1.0,4499.99,0.2,,,,,
,,order_items.csv,,,,,,,,,,,,1369.0,,,,,,,1.0,213.0,2.0,269.99,0.05,,,,,
,,order_items.csv,,,,,,,,,,,,1370.0,,,,,,,1.0,7.0,1.0,3999.99,0.07,,,,,
,,order_items.csv,,,,,,,,,,,,1370.0,,,,,,,2.0,89.0,2.0,209.99,0.1,,,,,
,,order_items.csv,,,,,,,,,,,,1370.0,,,,,,,3.0,208.0,2.0,1799.99,0.2,,,,,
,,order_items.csv,,,,,,,,,,,,1370.0,,,,,,,4.0,134.0,1.0,1499.99,0.1,,,,,
,,order_items.csv,,,,,,,,,,,,1371.0,,,,,,,1.0,223.0,2.0,529.99,0.07,,,,,
,,order_items.csv,,,,,,,,,,,,1371.0,,,,,,,2.0,8.0,2.0,1799.99,0.2,,,,,
,,order_items.csv,,,,,,,,,,,,1372.0,,,,,,,1.0,307.0,1.0,749.99,0.07,,,,,
,,order_items.csv,,,,,,,,,,,,1372.0,,,,,,,2.0,283.0,2.0,319.99,0.2,,,,,
,,order_items.csv,,,,,,,,,,,,1373.0,,,,,,,1.0,63.0,1.0,3499.99,0.1,,,,,
,,order_items.csv,,,,,,,,,,,,1374.0,,,,,,,1.0,181.0,2.0,2199.99,0.05,,,,,
,,order_items.csv,,,,,,,,,,,,1374.0,,,,,,,2.0,130.0,2.0,919.99,0.07,,,,,
,,order_items.csv,,,,,,,,,,,,1375.0,,,,,,,1.0,147.0,2.0,1799.99,0.05,,,,,
,,order_items.csv,,,,,,,,,,,,1375.0,,,,,,,2.0,182.0,1.0,2499.99,0.2,,,,,
,,order_items.csv,,,,,,,,,,,,1376.0,,,,,,,1.0,5.0,1.0,1320.99,0.07,,,,,
,,order_items.csv,,,,,,,,,,,,1377.0,,,,,,,1.0,153.0,2.0,4999.99,0.05,,,,,
,,order_items.csv,,,,,,,,,,,,1377.0,,,,,,,2.0,130.0,1.0,919.99,0.05,,,,,
,,order_items.csv,,,,,,,,,,,,1377.0,,,,,,,3.0,48.0,1.0,1499.99,0.07,,,,,
,,order_items.csv,,,,,,,,,,,,1377.0,,,,,,,4.0,188.0,2.0,3499.99,0.07,,,,,
,,order_items.csv,,,,,,,,,,,,1378.0,,,,,,,1.0,96.0,2.0,349.99,0.07,,,,,
,,order_items.csv,,,,,,,,,,,,1378.0,,,,,,,2.0,142.0,2.0,3199.99,0.07,,,,,
,,order_items.csv,,,,,,,,,,,,1378.0,,,,,,,3.0,2.0,2.0,749.99,0.2,,,,,
,,order_items.csv,,,,,,,,,,,,1378.0,,,,,,,4.0,110.0,1.0,470.99,0.07,,,,,
,,order_items.csv,,,,,,,,,,,,1378.0,,,,,,,5.0,129.0,2.0,919.99,0.2,,,,,
,,order_items.csv,,,,,,,,,,,,1379.0,,,,,,,1.0,15.0,1.0,529.99,0.1,,,,,
,,order_items.csv,,,,,,,,,,,,1379.0,,,,,,,2.0,118.0,1.0,999.99,0.1,,,,,
,,order_items.csv,,,,,,,,,,,,1379.0,,,,,,,3.0,263.0,2.0,89.99,0.1,,,,,
,,order_items.csv,,,,,,,,,,,,1380.0,,,,,,,1.0,255.0,2.0,899.99,0.1,,,,,
,,order_items.csv,,,,,,,,,,,,1380.0,,,,,,,2.0,229.0,2.0,429.99,0.07,,,,,
,,order_items.csv,,,,,,,,,,,,1381.0,,,,,,,1.0,274.0,2.0,229.99,0.2,,,,,
,,order_items.csv,,,,,,,,,,,,1381.0,,,,,,,2.0,214.0,2.0,899.99,0.1,,,,,
,,order_items.csv,,,,,,,,,,,,1382.0,,,,,,,1.0,232.0,1.0,479.99,0.2,,,,,
,,order_items.csv,,,,,,,,,,,,1382.0,,,,,,,2.0,81.0,2.0,1099.99,0.05,,,,,
,,order_items.csv,,,,,,,,,,,,1382.0,,,,,,,3.0,225.0,1.0,959.99,0.1,,,,,
,,order_items.csv,,,,,,,,,,,,1382.0,,,,,,,4.0,135.0,1.0,1499.99,0.07,,,,,
,,order_items.csv,,,,,,,,,,,,1382.0,,,,,,,5.0,238.0,1.0,749.99,0.2,,,,,
,,order_items.csv,,,,,,,,,,,,1383.0,,,,,,,1.0,188.0,2.0,3499.99,0.2,,,,,
,,order_items.csv,,,,,,,,,,,,1383.0,,,,,,,2.0,65.0,2.0,346.99,0.05,,,,,
,,order_items.csv,,,,,,,,,,,,1384.0,,,,,,,1.0,32.0,1.0,469.99,0.07,,,,,
,,order_items.csv,,,,,,,,,,,,1384.0,,,,,,,2.0,142.0,2.0,3199.99,0.1,,,,,
,,order_items.csv,,,,,,,,,,,,1384.0,,,,,,,3.0,89.0,1.0,209.99,0.1,,,,,
,,order_items.csv,,,,,,,,,,,,1384.0,,,,,,,4.0,97.0,1.0,349.99,0.05,,,,,
,,order_items.csv,,,,,,,,,,,,1385.0,,,,,,,1.0,24.0,2.0,549.99,0.05,,,,,
,,order_items.csv,,,,,,,,,,,,1385.0,,,,,,,2.0,145.0,1.0,1799.99,0.07,,,,,
,,order_items.csv,,,,,,,,,,,,1385.0,,,,,,,3.0,39.0,2.0,1499.99,0.1,,,,,
,,order_items.csv,,,,,,,,,,,,1385.0,,,,,,,4.0,135.0,1.0,1499.99,0.05,,,,,
,,order_items.csv,,,,,,,,,,,,1386.0,,,,,,,1.0,292.0,1.0,369.99,0.2,,,,,
,,order_items.csv,,,,,,,,,,,,1386.0,,,,,,,2.0,262.0,1.0,249.99,0.1,,,,,
,,order_items.csv,,,,,,,,,,,,1386.0,,,,,,,3.0,306.0,1.0,899.99,0.1,,,,,
,,order_items.csv,,,,,,,,,,,,1386.0,,,,,,,4.0,150.0,1.0,4499.99,0.07,,,,,
,,order_items.csv,,,,,,,,,,,,1387.0,,,,,,,1.0,106.0,1.0,449.99,0.1,,,,,
,,order_items.csv,,,,,,,,,,,,1388.0,,,,,,,1.0,251.0,1.0,2999.99,0.1,,,,,
,,order_items.csv,,,,,,,,,,,,1389.0,,,,,,,1.0,85.0,2.0,329.99,0.1,,,,,
,,order_items.csv,,,,,,,,,,,,1389.0,,,,,,,2.0,171.0,2.0,3199.99,0.05,,,,,
,,order_items.csv,,,,,,,,,,,,1389.0,,,,,,,3.0,227.0,1.0,319.99,0.07,,,,,
,,order_items.csv,,,,,,,,,,,,1390.0,,,,,,,1.0,41.0,2.0,1469.99,0.05,,,,,
,,order_items.csv,,,,,,,,,,,,1390.0,,,,,,,2.0,27.0,2.0,999.99,0.05,,,,,
,,order_items.csv,,,,,,,,,,,,1390.0,,,,,,,3.0,306.0,1.0,899.99,0.1,,,,,
,,order_items.csv,,,,,,,,,,,,1390.0,,,,,,,4.0,104.0,1.0,481.99,0.05,,,,,
,,order_items.csv,,,,,,,,,,,,1390.0,,,,,,,5.0,147.0,2.0,1799.99,0.1,,,,,
,,order_items.csv,,,,,,,,,,,,1391.0,,,,,,,1.0,223.0,2.0,529.99,0.07,,,,,
,,order_items.csv,,,,,,,,,,,,1391.0,,,,,,,2.0,295.0,2.0,319.99,0.2,,,,,
,,order_items.csv,,,,,,,,,,,,1391.0,,,,,,,3.0,277.0,1.0,369.99,0.2,,,,,
,,order_items.csv,,,,,,,,,,,,1392.0,,,,,,,1.0,87.0,2.0,189.99,0.2,,,,,
,,order_items.csv,,,,,,,,,,,,1392.0,,,,,,,2.0,240.0,2.0,899.99,0.05,,,,,
,,order_items.csv,,,,,,,,,,,,1393.0,,,,,,,1.0,92.0,1.0,209.99,0.07,,,,,
,,order_items.csv,,,,,,,,,,,,1393.0,,,,,,,2.0,82.0,1.0,659.99,0.07,,,,,
,,order_items.csv,,,,,,,,,,,,1393.0,,,,,,,3.0,47.0,2.0,5299.99,0.05,,,,,
,,order_items.csv,,,,,,,,,,,,1393.0,,,,,,,4.0,268.0,2.0,159.99,0.05,,,,,
,,order_items.csv,,,,,,,,,,,,1394.0,,,,,,,1.0,165.0,2.0,2499.99,0.05,,,,,
,,order_items.csv,,,,,,,,,,,,1395.0,,,,,,,1.0,204.0,1.0,3599.99,0.2,,,,,
,,order_items.csv,,,,,,,,,,,,1395.0,,,,,,,2.0,48.0,2.0,1499.99,0.1,,,,,
,,order_items.csv,,,,,,,,,,,,1395.0,,,,,,,3.0,180.0,2.0,919.99,0.2,,,,,
,,order_items.csv,,,,,,,,,,,,1395.0,,,,,,,4.0,226.0,1.0,679.99,0.1,,,,,
,,order_items.csv,,,,,,,,,,,,1396.0,,,,,,,1.0,57.0,1.0,1999.99,0.05,,,,,
,,order_items.csv,,,,,,,,,,,,1396.0,,,,,,,2.0,181.0,1.0,2199.99,0.2,,,,,
,,order_items.csv,,,,,,,,,,,,1397.0,,,,,,,1.0,127.0,2.0,469.99,0.1,,,,,
,,order_items.csv,,,,,,,,,,,,1397.0,,,,,,,2.0,139.0,1.0,2999.99,0.07,,,,,
,,order_items.csv,,,,,,,,,,,,1397.0,,,,,,,3.0,7.0,1.0,3999.99,0.05,,,,,
,,order_items.csv,,,,,,,,,,,,1397.0,,,,,,,4.0,249.0,1.0,749.99,0.05,,,,,
,,order_items.csv,,,,,,,,,,,,1397.0,,,,,,,5.0,78.0,2.0,647.99,0.1,,,,,
,,order_items.csv,,,,,,,,,,,,1398.0,,,,,,,1.0,69.0,2.0,416.99,0.05,,,,,
,,order_items.csv,,,,,,,,,,,,1398.0,,,,,,,2.0,53.0,1.0,749.99,0.2,,,,,
,,order_items.csv,,,,,,,,,,,,1399.0,,,,,,,1.0,210.0,2.0,1549.0,0.2,,,,,
,,order_items.csv,,,,,,,,,,,,1399.0,,,,,,,2.0,224.0,1.0,479.99,0.05,,,,,
,,order_items.csv,,,,,,,,,,,,1399.0,,,,,,,3.0,127.0,2.0,469.99,0.07,,,,,
,,order_items.csv,,,,,,,,,,,,1399.0,,,,,,,4.0,28.0,1.0,2499.99,0.05,,,,,
,,order_items.csv,,,,,,,,,,,,1400.0,,,,,,,1.0,24.0,2.0,549.99,0.2,,,,,
,,order_items.csv,,,,,,,,,,,,1400.0,,,,,,,2.0,217.0,2.0,909.99,0.2,,,,,
,,order_items.csv,,,,,,,,,,,,1400.0,,,,,,,3.0,275.0,1.0,229.99,0.1,,,,,
,,order_items.csv,,,,,,,,,,,,1400.0,,,,,,,4.0,90.0,1.0,209.99,0.07,,,,,
,,order_items.csv,,,,,,,,,,,,1401.0,,,,,,,1.0,112.0,1.0,379.99,0.07,,,,,
,,order_items.csv,,,,,,,,,,,,1401.0,,,,,,,2.0,230.0,1.0,429.99,0.05,,,,,
,,order_items.csv,,,,,,,,,,,,1401.0,,,,,,,3.0,254.0,2.0,749.99,0.2,,,,,
,,order_items.csv,,,,,,,,,,,,1402.0,,,,,,,1.0,189.0,2.0,2799.99,0.2,,,,,
,,order_items.csv,,,,,,,,,,,,1402.0,,,,,,,2.0,28.0,2.0,2499.99,0.05,,,,,
,,order_items.csv,,,,,,,,,,,,1402.0,,,,,,,3.0,203.0,1.0,4999.99,0.05,,,,,
,,order_items.csv,,,,,,,,,,,,1402.0,,,,,,,4.0,273.0,1.0,289.99,0.07,,,,,
,,order_items.csv,,,,,,,,,,,,1403.0,,,,,,,1.0,93.0,2.0,209.99,0.1,,,,,
,,order_items.csv,,,,,,,,,,,,1404.0,,,,,,,1.0,112.0,2.0,379.99,0.05,,,,,
,,order_items.csv,,,,,,,,,,,,1404.0,,,,,,,2.0,220.0,1.0,269.99,0.1,,,,,
,,order_items.csv,,,,,,,,,,,,1404.0,,,,,,,3.0,193.0,2.0,2799.99,0.2,,,,,
,,order_items.csv,,,,,,,,,,,,1405.0,,,,,,,1.0,162.0,2.0,2999.99,0.1,,,,,
,,order_items.csv,,,,,,,,,,,,1406.0,,,,,,,1.0,230.0,2.0,429.99,0.05,,,,,
,,order_items.csv,,,,,,,,,,,,1406.0,,,,,,,2.0,113.0,1.0,489.99,0.1,,,,,
,,order_items.csv,,,,,,,,,,,,1407.0,,,,,,,1.0,300.0,1.0,799.99,0.05,,,,,
,,order_items.csv,,,,,,,,,,,,1407.0,,,,,,,2.0,36.0,2.0,832.99,0.1,,,,,
,,order_items.csv,,,,,,,,,,,,1407.0,,,,,,,3.0,266.0,1.0,399.99,0.1,,,,,
,,order_items.csv,,,,,,,,,,,,1407.0,,,,,,,4.0,35.0,1.0,832.99,0.2,,,,,
,,order_items.csv,,,,,,,,,,,,1408.0,,,,,,,1.0,23.0,2.0,299.99,0.2,,,,,
,,order_items.csv,,,,,,,,,,,,1408.0,,,,,,,2.0,166.0,1.0,749.99,0.2,,,,,
,,order_items.csv,,,,,,,,,,,,1408.0,,,,,,,3.0,114.0,1.0,579.99,0.07,,,,,
,,order_items.csv,,,,,,,,,,,,1408.0,,,,,,,4.0,137.0,2.0,2599.0,0.2,,,,,
,,order_items.csv,,,,,,,,,,,,1409.0,,,,,,,1.0,301.0,2.0,899.99,0.07,,,,,
,,order_items.csv,,,,,,,,,,,,1409.0,,,,,,,2.0,170.0,1.0,1299.99,0.07,,,,,
,,order_items.csv,,,,,,,,,,,,1409.0,,,,,,,3.0,171.0,2.0,3199.99,0.05,,,,,
,,order_items.csv,,,,,,,,,,,,1409.0,,,,,,,4.0,265.0,1.0,289.99,0.05,,,,,
,,order_items.csv,,,,,,,,,,,,1409.0,,,,,,,5.0,222.0,1.0,269.99,0.1,,,,,
,,order_items.csv,,,,,,,,,,,,1410.0,,,,,,,1.0,205.0,2.0,4999.99,0.1,,,,,
,,order_items.csv,,,,,,,,,,,,1410.0,,,,,,,2.0,203.0,2.0,4999.99,0.2,,,,,
,,order_items.csv,,,,,,,,,,,,1410.0,,,,,,,3.0,304.0,1.0,679.99,0.1,,,,,
,,order_items.csv,,,,,,,,,,,,1411.0,,,,,,,1.0,9.0,1.0,2999.99,0.1,,,,,
,,order_items.csv,,,,,,,,,,,,1411.0,,,,,,,2.0,308.0,2.0,749.99,0.2,,,,,
,,order_items.csv,,,,,,,,,,,,1412.0,,,,,,,1.0,180.0,2.0,919.99,0.07,,,,,
,,order_items.csv,,,,,,,,,,,,1412.0,,,,,,,2.0,43.0,1.0,5299.99,0.1,,,,,
,,order_items.csv,,,,,,,,,,,,1412.0,,,,,,,3.0,109.0,2.0,416.99,0.07,,,,,
,,order_items.csv,,,,,,,,,,,,1413.0,,,,,,,1.0,297.0,2.0,279.99,0.05,,,,,
,,order_items.csv,,,,,,,,,,,,1414.0,,,,,,,1.0,162.0,2.0,2999.99,0.1,,,,,
,,order_items.csv,,,,,,,,,,,,1414.0,,,,,,,2.0,292.0,2.0,369.99,0.05,,,,,
,,order_items.csv,,,,,,,,,,,,1415.0,,,,,,,1.0,31.0,2.0,1632.99,0.07,,,,,
,,order_items.csv,,,,,,,,,,,,1415.0,,,,,,,2.0,17.0,1.0,429.0,0.05,,,,,
,,order_items.csv,,,,,,,,,,,,1415.0,,,,,,,3.0,264.0,2.0,249.99,0.1,,,,,
,,order_items.csv,,,,,,,,,,,,1415.0,,,,,,,4.0,245.0,1.0,659.99,0.05,,,,,
,,order_items.csv,,,,,,,,,,,,1416.0,,,,,,,1.0,194.0,1.0,3499.99,0.2,,,,,
,,order_items.csv,,,,,,,,,,,,1416.0,,,,,,,2.0,242.0,2.0,699.99,0.1,,,,,
,,order_items.csv,,,,,,,,,,,,1416.0,,,,,,,3.0,92.0,2.0,209.99,0.05,,,,,
,,order_items.csv,,,,,,,,,,,,1417.0,,,,,,,1.0,219.0,2.0,639.99,0.2,,,,,
,,order_items.csv,,,,,,,,,,,,1418.0,,,,,,,1.0,120.0,2.0,2499.99,0.2,,,,,
,,order_items.csv,,,,,,,,,,,,1418.0,,,,,,,2.0,243.0,2.0,679.99,0.05,,,,,
,,order_items.csv,,,,,,,,,,,,1419.0,,,,,,,1.0,124.0,1.0,1499.0,0.07,,,,,
,,order_items.csv,,,,,,,,,,,,1419.0,,,,,,,2.0,235.0,2.0,899.99,0.2,,,,,
,,order_items.csv,,,,,,,,,,,,1419.0,,,,,,,3.0,234.0,1.0,899.99,0.1,,,,,
,,order_items.csv,,,,,,,,,,,,1420.0,,,,,,,1.0,197.0,1.0,2299.99,0.2,,,,,
,,order_items.csv,,,,,,,,,,,,1420.0,,,,,,,2.0,194.0,2.0,3499.99,0.1,,,,,
,,order_items.csv,,,,,,,,,,,,1420.0,,,,,,,3.0,128.0,1.0,1899.0,0.1,,,,,
,,order_items.csv,,,,,,,,,,,,1421.0,,,,,,,1.0,298.0,2.0,279.99,0.05,,,,,
,,order_items.csv,,,,,,,,,,,,1422.0,,,,,,,1.0,80.0,2.0,761.99,0.07,,,,,
,,order_items.csv,,,,,,,,,,,,1422.0,,,,,,,2.0,180.0,2.0,919.99,0.2,,,,,
,,order_items.csv,,,,,,,,,,,,1422.0,,,,,,,3.0,243.0,1.0,679.99,0.05,,,,,
,,order_items.csv,,,,,,,,,,,,1423.0,,,,,,,1.0,249.0,1.0,749.99,0.2,,,,,
,,order_items.csv,,,,,,,,,,,,1423.0,,,,,,,2.0,71.0,1.0,416.99,0.1,,,,,
,,order_items.csv,,,,,,,,,,,,1423.0,,,,,,,3.0,302.0,1.0,449.99,0.2,,,,,
,,order_items.csv,,,,,,,,,,,,1423.0,,,,,,,4.0,113.0,2.0,489.99,0.2,,,,,
,,order_items.csv,,,,,,,,,,,,1424.0,,,,,,,1.0,140.0,2.0,4999.99,0.2,,,,,
,,order_items.csv,,,,,,,,,,,,1425.0,,,,,,,1.0,227.0,2.0,319.99,0.05,,,,,
,,order_items.csv,,,,,,,,,,,,1425.0,,,,,,,2.0,263.0,1.0,89.99,0.07,,,,,
,,order_items.csv,,,,,,,,,,,,1425.0,,,,,,,3.0,93.0,1.0,209.99,0.07,,,,,
,,order_items.csv,,,,,,,,,,,,1425.0,,,,,,,4.0,54.0,2.0,3199.99,0.05,,,,,
,,order_items.csv,,,,,,,,,,,,1425.0,,,,,,,5.0,145.0,2.0,1799.99,0.07,,,,,
,,order_items.csv,,,,,,,,,,,,1426.0,,,,,,,1.0,215.0,1.0,749.99,0.07,,,,,
,,order_items.csv,,,,,,,,,,,,1426.0,,,,,,,2.0,20.0,2.0,599.99,0.05,,,,,
,,order_items.csv,,,,,,,,,,,,1426.0,,,,,,,3.0,281.0,1.0,319.99,0.07,,,,,
,,order_items.csv,,,,,,,,,,,,1427.0,,,,,,,1.0,230.0,2.0,429.99,0.07,,,,,
,,order_items.csv,,,,,,,,,,,,1427.0,,,,,,,2.0,139.0,1.0,2999.99,0.05,,,,,
,,order_items.csv,,,,,,,,,,,,1427.0,,,,,,,3.0,164.0,2.0,1549.0,0.07,,,,,
,,order_items.csv,,,,,,,,,,,,1428.0,,,,,,,1.0,216.0,2.0,899.99,0.2,,,,,
,,order_items.csv,,,,,,,,,,,,1428.0,,,,,,,2.0,126.0,1.0,469.99,0.07,,,,,
,,order_items.csv,,,,,,,,,,,,1428.0,,,,,,,3.0,187.0,2.0,2799.99,0.07,,,,,
,,order_items.csv,,,,,,,,,,,,1428.0,,,,,,,4.0,28.0,1.0,2499.99,0.1,,,,,
,,order_items.csv,,,,,,,,,,,,1428.0,,,,,,,5.0,194.0,2.0,3499.99,0.2,,,,,
,,order_items.csv,,,,,,,,,,,,1429.0,,,,,,,1.0,70.0,2.0,659.99,0.2,,,,,
,,order_items.csv,,,,,,,,,,,,1430.0,,,,,,,1.0,221.0,1.0,319.99,0.05,,,,,
,,order_items.csv,,,,,,,,,,,,1430.0,,,,,,,2.0,281.0,1.0,319.99,0.07,,,,,
,,order_items.csv,,,,,,,,,,,,1431.0,,,,,,,1.0,207.0,1.0,3999.99,0.1,,,,,
,,order_items.csv,,,,,,,,,,,,1431.0,,,,,,,2.0,53.0,1.0,749.99,0.07,,,,,
,,order_items.csv,,,,,,,,,,,,1431.0,,,,,,,3.0,252.0,1.0,2999.99,0.2,,,,,
,,order_items.csv,,,,,,,,,,,,1431.0,,,,,,,4.0,254.0,1.0,749.99,0.07,,,,,
,,order_items.csv,,,,,,,,,,,,1432.0,,,,,,,1.0,161.0,1.0,1899.0,0.2,,,,,
,,order_items.csv,,,,,,,,,,,,1433.0,,,,,,,1.0,264.0,1.0,249.99,0.07,,,,,
,,order_items.csv,,,,,,,,,,,,1434.0,,,,,,,1.0,229.0,2.0,429.99,0.2,,,,,
,,order_items.csv,,,,,,,,,,,,1434.0,,,,,,,2.0,198.0,1.0,2999.99,0.1,,,,,
,,order_items.csv,,,,,,,,,,,,1434.0,,,,,,,3.0,286.0,2.0,279.99,0.1,,,,,
,,order_items.csv,,,,,,,,,,,,1434.0,,,,,,,4.0,61.0,2.0,4999.99,0.07,,,,,
,,order_items.csv,,,,,,,,,,,,1435.0,,,,,,,1.0,141.0,2.0,1599.99,0.07,,,,,
,,order_items.csv,,,,,,,,,,,,1435.0,,,,,,,2.0,29.0,1.0,999.99,0.2,,,,,
,,order_items.csv,,,,,,,,,,,,1435.0,,,,,,,3.0,60.0,1.0,1559.99,0.1,,,,,
,,order_items.csv,,,,,,,,,,,,1435.0,,,,,,,4.0,260.0,1.0,799.99,0.07,,,,,
,,order_items.csv,,,,,,,,,,,,1436.0,,,,,,,1.0,244.0,2.0,559.99,0.07,,,,,
,,order_items.csv,,,,,,,,,,,,1437.0,,,,,,,1.0,141.0,2.0,1599.99,0.05,,,,,
,,order_items.csv,,,,,,,,,,,,1438.0,,,,,,,1.0,225.0,1.0,959.99,0.2,,,,,
,,order_items.csv,,,,,,,,,,,,1438.0,,,,,,,2.0,140.0,1.0,4999.99,0.2,,,,,
,,order_items.csv,,,,,,,,,,,,1438.0,,,,,,,3.0,81.0,2.0,1099.99,0.05,,,,,
,,order_items.csv,,,,,,,,,,,,1438.0,,,,,,,4.0,137.0,1.0,2599.0,0.1,,,,,
,,order_items.csv,,,,,,,,,,,,1438.0,,,,,,,5.0,190.0,2.0,2799.99,0.07,,,,,
,,order_items.csv,,,,,,,,,,,,1439.0,,,,,,,1.0,42.0,1.0,2299.99,0.07,,,,,
,,order_items.csv,,,,,,,,,,,,1439.0,,,,,,,2.0,263.0,1.0,89.99,0.2,,,,,
,,order_items.csv,,,,,,,,,,,,1439.0,,,,,,,3.0,102.0,2.0,489.99,0.05,,,,,
,,order_items.csv,,,,,,,,,,,,1439.0,,,,,,,4.0,149.0,1.0,7499.99,0.05,,,,,
,,order_items.csv,,,,,,,,,,,,1440.0,,,,,,,1.0,116.0,2.0,749.99,0.07,,,,,
,,order_items.csv,,,,,,,,,,,,1440.0,,,,,,,2.0,109.0,1.0,416.99,0.07,,,,,
,,order_items.csv,,,,,,,,,,,,1440.0,,,,,,,3.0,186.0,1.0,4499.99,0.1,,,,,
,,order_items.csv,,,,,,,,,,,,1440.0,,,,,,,4.0,178.0,2.0,749.99,0.05,,,,,
,,order_items.csv,,,,,,,,,,,,1440.0,,,,,,,5.0,67.0,2.0,250.99,0.2,,,,,
,,order_items.csv,,,,,,,,,,,,1441.0,,,,,,,1.0,6.0,1.0,469.99,0.05,,,,,
,,order_items.csv,,,,,,,,,,,,1441.0,,,,,,,2.0,242.0,2.0,699.99,0.2,,,,,
,,order_items.csv,,,,,,,,,,,,1441.0,,,,,,,3.0,46.0,1.0,1409.99,0.07,,,,,
,,order_items.csv,,,,,,,,,,,,1442.0,,,,,,,1.0,160.0,1.0,4499.99,0.1,,,,,
,,order_items.csv,,,,,,,,,,,,1442.0,,,,,,,2.0,220.0,1.0,269.99,0.07,,,,,
,,order_items.csv,,,,,,,,,,,,1442.0,,,,,,,3.0,271.0,2.0,209.99,0.05,,,,,
,,order_items.csv,,,,,,,,,,,,1443.0,,,,,,,1.0,160.0,1.0,4499.99,0.07,,,,,
,,order_items.csv,,,,,,,,,,,,1443.0,,,,,,,2.0,57.0,1.0,1999.99,0.2,,,,,
,,order_items.csv,,,,,,,,,,,,1443.0,,,,,,,3.0,101.0,2.0,339.99,0.1,,,,,
,,order_items.csv,,,,,,,,,,,,1444.0,,,,,,,1.0,90.0,1.0,209.99,0.1,,,,,
,,order_items.csv,,,,,,,,,,,,1444.0,,,,,,,2.0,128.0,2.0,1899.0,0.2,,,,,
,,order_items.csv,,,,,,,,,,,,1445.0,,,,,,,1.0,219.0,2.0,639.99,0.1,,,,,
,,order_items.csv,,,,,,,,,,,,1445.0,,,,,,,2.0,52.0,1.0,875.99,0.07,,,,,
,,order_items.csv,,,,,,,,,,,,1445.0,,,,,,,3.0,123.0,2.0,999.99,0.1,,,,,
,,order_items.csv,,,,,,,,,,,,1446.0,,,,,,,1.0,227.0,1.0,319.99,0.05,,,,,
,,order_items.csv,,,,,,,,,,,,1446.0,,,,,,,2.0,233.0,2.0,639.99,0.05,,,,,
,,order_items.csv,,,,,,,,,,,,1446.0,,,,,,,3.0,234.0,2.0,899.99,0.05,,,,,
,,order_items.csv,,,,,,,,,,,,1447.0,,,,,,,1.0,148.0,1.0,5499.99,0.2,,,,,
,,order_items.csv,,,,,,,,,,,,1448.0,,,,,,,1.0,239.0,1.0,749.99,0.1,,,,,
,,order_items.csv,,,,,,,,,,,,1449.0,,,,,,,1.0,159.0,1.0,2299.99,0.07,,,,,
,,order_items.csv,,,,,,,,,,,,1449.0,,,,,,,2.0,55.0,1.0,2699.99,0.2,,,,,
,,order_items.csv,,,,,,,,,,,,1449.0,,,,,,,3.0,260.0,2.0,799.99,0.07,,,,,
,,order_items.csv,,,,,,,,,,,,1449.0,,,,,,,4.0,252.0,2.0,2999.99,0.05,,,,,
,,order_items.csv,,,,,,,,,,,,1449.0,,,,,,,5.0,14.0,2.0,269.99,0.1,,,,,
,,order_items.csv,,,,,,,,,,,,1450.0,,,,,,,1.0,98.0,1.0,489.99,0.07,,,,,
,,order_items.csv,,,,,,,,,,,,1450.0,,,,,,,2.0,173.0,2.0,3199.99,0.1,,,,,
,,order_items.csv,,,,,,,,,,,,1450.0,,,,,,,3.0,299.0,1.0,559.99,0.2,,,,,
,,order_items.csv,,,,,,,,,,,,1450.0,,,,,,,4.0,209.0,2.0,2999.99,0.1,,,,,
,,order_items.csv,,,,,,,,,,,,1450.0,,,,,,,5.0,235.0,2.0,899.99,0.05,,,,,
,,order_items.csv,,,,,,,,,,,,1451.0,,,,,,,1.0,117.0,1.0,1469.99,0.05,,,,,
,,order_items.csv,,,,,,,,,,,,1452.0,,,,,,,1.0,99.0,2.0,299.99,0.1,,,,,
,,order_items.csv,,,,,,,,,,,,1452.0,,,,,,,2.0,234.0,1.0,899.99,0.2,,,,,
,,order_items.csv,,,,,,,,,,,,1452.0,,,,,,,3.0,86.0,2.0,149.99,0.05,,,,,
,,order_items.csv,,,,,,,,,,,,1452.0,,,,,,,4.0,109.0,2.0,416.99,0.07,,,,,
,,order_items.csv,,,,,,,,,,,,1453.0,,,,,,,1.0,89.0,2.0,209.99,0.1,,,,,
,,order_items.csv,,,,,,,,,,,,1454.0,,,,,,,1.0,283.0,1.0,319.99,0.07,,,,,
,,order_items.csv,,,,,,,,,,,,1454.0,,,,,,,2.0,35.0,2.0,832.99,0.1,,,,,
,,order_items.csv,,,,,,,,,,,,1454.0,,,,,,,3.0,124.0,1.0,1499.0,0.2,,,,,
,,order_items.csv,,,,,,,,,,,,1454.0,,,,,,,4.0,38.0,2.0,549.99,0.05,,,,,
,,order_items.csv,,,,,,,,,,,,1455.0,,,,,,,1.0,101.0,2.0,339.99,0.05,,,,,
,,order_items.csv,,,,,,,,,,,,1455.0,,,,,,,2.0,254.0,1.0,749.99,0.2,,,,,
,,order_items.csv,,,,,,,,,,,,1456.0,,,,,,,1.0,193.0,2.0,2799.99,0.05,,,,,
,,order_items.csv,,,,,,,,,,,,1456.0,,,,,,,2.0,246.0,1.0,639.99,0.07,,,,,
,,order_items.csv,,,,,,,,,,,,1456.0,,,,,,,3.0,268.0,2.0,159.99,0.1,,,,,
,,order_items.csv,,,,,,,,,,,,1456.0,,,,,,,4.0,272.0,1.0,289.99,0.1,,,,,
,,order_items.csv,,,,,,,,,,,,1456.0,,,,,,,5.0,126.0,1.0,469.99,0.1,,,,,
,,order_items.csv,,,,,,,,,,,,1457.0,,,,,,,1.0,113.0,1.0,489.99,0.07,,,,,
,,order_items.csv,,,,,,,,,,,,1457.0,,,,,,,2.0,111.0,1.0,470.99,0.2,,,,,
,,order_items.csv,,,,,,,,,,,,1457.0,,,,,,,3.0,268.0,1.0,159.99,0.2,,,,,
,,order_items.csv,,,,,,,,,,,,1457.0,,,,,,,4.0,152.0,2.0,2499.99,0.2,,,,,
,,order_items.csv,,,,,,,,,,,,1458.0,,,,,,,1.0,295.0,2.0,319.99,0.05,,,,,
,,order_items.csv,,,,,,,,,,,,1458.0,,,,,,,2.0,105.0,1.0,533.99,0.05,,,,,
,,order_items.csv,,,,,,,,,,,,1458.0,,,,,,,3.0,12.0,1.0,549.99,0.05,,,,,
,,order_items.csv,,,,,,,,,,,,1458.0,,,,,,,4.0,78.0,2.0,647.99,0.1,,,,,
,,order_items.csv,,,,,,,,,,,,1459.0,,,,,,,1.0,258.0,1.0,1259.9,0.1,,,,,
,,order_items.csv,,,,,,,,,,,,1460.0,,,,,,,1.0,201.0,1.0,4499.99,0.05,,,,,
,,order_items.csv,,,,,,,,,,,,1460.0,,,,,,,2.0,76.0,1.0,299.99,0.07,,,,,
,,order_items.csv,,,,,,,,,,,,1460.0,,,,,,,3.0,167.0,1.0,749.99,0.05,,,,,
,,order_items.csv,,,,,,,,,,,,1460.0,,,,,,,4.0,7.0,2.0,3999.99,0.07,,,,,
,,order_items.csv,,,,,,,,,,,,1460.0,,,,,,,5.0,123.0,2.0,999.99,0.07,,,,,
,,order_items.csv,,,,,,,,,,,,1461.0,,,,,,,1.0,48.0,1.0,1499.99,0.2,,,,,
,,order_items.csv,,,,,,,,,,,,1461.0,,,,,,,2.0,242.0,2.0,699.99,0.2,,,,,
,,order_items.csv,,,,,,,,,,,,1462.0,,,,,,,1.0,263.0,1.0,89.99,0.2,,,,,
,,order_items.csv,,,,,,,,,,,,1462.0,,,,,,,2.0,25.0,1.0,499.99,0.07,,,,,
,,order_items.csv,,,,,,,,,,,,1462.0,,,,,,,3.0,223.0,1.0,529.99,0.1,,,,,
,,order_items.csv,,,,,,,,,,,,1462.0,,,,,,,4.0,294.0,1.0,369.99,0.1,,,,,
,,order_items.csv,,,,,,,,,,,,1462.0,,,,,,,5.0,251.0,1.0,2999.99,0.05,,,,,
,,order_items.csv,,,,,,,,,,,,1463.0,,,,,,,1.0,51.0,2.0,6499.99,0.05,,,,,
,,order_items.csv,,,,,,,,,,,,1463.0,,,,,,,2.0,168.0,1.0,1549.0,0.05,,,,,
,,order_items.csv,,,,,,,,,,,,1464.0,,,,,,,1.0,109.0,2.0,416.99,0.05,,,,,
,,order_items.csv,,,,,,,,,,,,1464.0,,,,,,,2.0,124.0,1.0,1499.0,0.2,,,,,
,,order_items.csv,,,,,,,,,,,,1464.0,,,,,,,3.0,165.0,2.0,2499.99,0.2,,,,,
,,order_items.csv,,,,,,,,,,,,1464.0,,,,,,,4.0,151.0,2.0,1549.99,0.05,,,,,
,,order_items.csv,,,,,,,,,,,,1465.0,,,,,,,1.0,70.0,2.0,659.99,0.05,,,,,
,,order_items.csv,,,,,,,,,,,,1466.0,,,,,,,1.0,310.0,2.0,899.99,0.07,,,,,
,,order_items.csv,,,,,,,,,,,,1466.0,,,,,,,2.0,251.0,1.0,2999.99,0.05,,,,,
,,order_items.csv,,,,,,,,,,,,1466.0,,,,,,,3.0,163.0,2.0,1349.0,0.2,,,,,
,,order_items.csv,,,,,,,,,,,,1466.0,,,,,,,4.0,39.0,2.0,1499.99,0.05,,,,,
,,order_items.csv,,,,,,,,,,,,1467.0,,,,,,,1.0,18.0,1.0,449.0,0.07,,,,,
,,order_items.csv,,,,,,,,,,,,1467.0,,,,,,,2.0,115.0,1.0,3199.99,0.2,,,,,
,,order_items.csv,,,,,,,,,,,,1467.0,,,,,,,3.0,278.0,2.0,369.99,0.1,,,,,
,,order_items.csv,,,,,,,,,,,,1468.0,,,,,,,1.0,269.0,1.0,199.99,0.05,,,,,
,,order_items.csv,,,,,,,,,,,,1468.0,,,,,,,2.0,58.0,1.0,4999.99,0.07,,,,,
,,order_items.csv,,,,,,,,,,,,1468.0,,,,,,,3.0,50.0,2.0,5999.99,0.07,,,,,
,,order_items.csv,,,,,,,,,,,,1469.0,,,,,,,1.0,77.0,2.0,799.99,0.2,,,,,
,,order_items.csv,,,,,,,,,,,,1469.0,,,,,,,2.0,237.0,2.0,849.99,0.05,,,,,
,,order_items.csv,,,,,,,,,,,,1469.0,,,,,,,3.0,182.0,1.0,2499.99,0.07,,,,,
,,order_items.csv,,,,,,,,,,,,1469.0,,,,,,,4.0,100.0,2.0,489.99,0.05,,,,,
,,order_items.csv,,,,,,,,,,,,1470.0,,,,,,,1.0,110.0,2.0,470.99,0.1,,,,,
,,order_items.csv,,,,,,,,,,,,1470.0,,,,,,,2.0,287.0,1.0,279.99,0.05,,,,,
,,order_items.csv,,,,,,,,,,,,1470.0,,,,,,,3.0,252.0,2.0,2999.99,0.05,,,,,
,,order_items.csv,,,,,,,,,,,,1471.0,,,,,,,1.0,59.0,2.0,2599.99,0.2,,,,,
,,order_items.csv,,,,,,,,,,,,1471.0,,,,,,,2.0,136.0,1.0,1799.99,0.07,,,,,
,,order_items.csv,,,,,,,,,,,,1472.0,,,,,,,1.0,84.0,1.0,109.99,0.2,,,,,
,,order_items.csv,,,,,,,,,,,,1472.0,,,,,,,2.0,300.0,1.0,799.99,0.2,,,,,
,,order_items.csv,,,,,,,,,,,,1473.0,,,,,,,1.0,84.0,2.0,109.99,0.2,,,,,
,,order_items.csv,,,,,,,,,,,,1473.0,,,,,,,2.0,102.0,1.0,489.99,0.07,,,,,
,,order_items.csv,,,,,,,,,,,,1474.0,,,,,,,1.0,301.0,1.0,899.99,0.2,,,,,
,,order_items.csv,,,,,,,,,,,,1474.0,,,,,,,2.0,123.0,1.0,999.99,0.05,,,,,
,,order_items.csv,,,,,,,,,,,,1475.0,,,,,,,1.0,306.0,2.0,899.99,0.05,,,,,
,,order_items.csv,,,,,,,,,,,,1475.0,,,,,,,2.0,261.0,2.0,899.99,0.07,,,,,
,,order_items.csv,,,,,,,,,,,,1475.0,,,,,,,3.0,161.0,2.0,1899.0,0.05,,,,,
,,order_items.csv,,,,,,,,,,,,1475.0,,,,,,,4.0,248.0,2.0,599.99,0.2,,,,,
,,order_items.csv,,,,,,,,,,,,1476.0,,,,,,,1.0,142.0,2.0,3199.99,0.07,,,,,
,,order_items.csv,,,,,,,,,,,,1476.0,,,,,,,2.0,91.0,2.0,349.99,0.07,,,,,
,,order_items.csv,,,,,,,,,,,,1476.0,,,,,,,3.0,43.0,1.0,5299.99,0.07,,,,,
,,order_items.csv,,,,,,,,,,,,1476.0,,,,,,,4.0,191.0,1.0,2799.99,0.1,,,,,
,,order_items.csv,,,,,,,,,,,,1476.0,,,,,,,5.0,265.0,2.0,289.99,0.1,,,,,
,,order_items.csv,,,,,,,,,,,,1477.0,,,,,,,1.0,210.0,2.0,1549.0,0.2,,,,,
,,order_items.csv,,,,,,,,,,,,1478.0,,,,,,,1.0,100.0,2.0,489.99,0.1,,,,,
,,order_items.csv,,,,,,,,,,,,1478.0,,,,,,,2.0,123.0,1.0,999.99,0.2,,,,,
,,order_items.csv,,,,,,,,,,,,1479.0,,,,,,,1.0,252.0,1.0,2999.99,0.05,,,,,
,,order_items.csv,,,,,,,,,,,,1479.0,,,,,,,2.0,256.0,1.0,899.99,0.1,,,,,
,,order_items.csv,,,,,,,,,,,,1480.0,,,,,,,1.0,308.0,2.0,749.99,0.1,,,,,
,,order_items.csv,,,,,,,,,,,,1480.0,,,,,,,2.0,82.0,2.0,659.99,0.1,,,,,
,,order_items.csv,,,,,,,,,,,,1480.0,,,,,,,3.0,92.0,2.0,209.99,0.07,,,,,
,,order_items.csv,,,,,,,,,,,,1480.0,,,,,,,4.0,225.0,2.0,959.99,0.07,,,,,
,,order_items.csv,,,,,,,,,,,,1481.0,,,,,,,1.0,53.0,2.0,749.99,0.07,,,,,
,,order_items.csv,,,,,,,,,,,,1481.0,,,,,,,2.0,130.0,1.0,919.99,0.1,,,,,
,,order_items.csv,,,,,,,,,,,,1482.0,,,,,,,1.0,48.0,1.0,1499.99,0.1,,,,,
,,order_items.csv,,,,,,,,,,,,1482.0,,,,,,,2.0,113.0,1.0,489.99,0.05,,,,,
,,order_items.csv,,,,,,,,,,,,1482.0,,,,,,,3.0,58.0,2.0,4999.99,0.07,,,,,
,,order_items.csv,,,,,,,,,,,,1482.0,,,,,,,4.0,40.0,1.0,4999.99,0.05,,,,,
,,order_items.csv,,,,,,,,,,,,1482.0,,,,,,,5.0,205.0,2.0,4999.99,0.05,,,,,
,,order_items.csv,,,,,,,,,,,,1483.0,,,,,,,1.0,280.0,1.0,489.99,0.05,,,,,
,,order_items.csv,,,,,,,,,,,,1483.0,,,,,,,2.0,226.0,2.0,679.99,0.07,,,,,
,,order_items.csv,,,,,,,,,,,,1484.0,,,,,,,1.0,295.0,2.0,319.99,0.07,,,,,
,,order_items.csv,,,,,,,,,,,,1484.0,,,,,,,2.0,49.0,2.0,3499.99,0.2,,,,,
,,order_items.csv,,,,,,,,,,,,1484.0,,,,,,,3.0,304.0,2.0,679.99,0.05,,,,,
,,order_items.csv,,,,,,,,,,,,1485.0,,,,,,,1.0,122.0,2.0,2499.99,0.2,,,,,
,,order_items.csv,,,,,,,,,,,,1485.0,,,,,,,2.0,276.0,1.0,319.99,0.2,,,,,
,,order_items.csv,,,,,,,,,,,,1486.0,,,,,,,1.0,60.0,2.0,1559.99,0.05,,,,,
,,order_items.csv,,,,,,,,,,,,1486.0,,,,,,,2.0,98.0,1.0,489.99,0.05,,,,,
,,order_items.csv,,,,,,,,,,,,1486.0,,,,,,,3.0,113.0,1.0,489.99,0.1,,,,,
,,order_items.csv,,,,,,,,,,,,1486.0,,,,,,,4.0,269.0,1.0,199.99,0.1,,,,,
,,order_items.csv,,,,,,,,,,,,1487.0,,,,,,,1.0,160.0,1.0,4499.99,0.07,,,,,
,,order_items.csv,,,,,,,,,,,,1487.0,,,,,,,2.0,151.0,2.0,1549.99,0.2,,,,,
,,order_items.csv,,,,,,,,,,,,1487.0,,,,,,,3.0,198.0,1.0,2999.99,0.05,,,,,
,,order_items.csv,,,,,,,,,,,,1487.0,,,,,,,4.0,196.0,1.0,2299.99,0.05,,,,,
,,order_items.csv,,,,,,,,,,,,1487.0,,,,,,,5.0,96.0,2.0,349.99,0.2,,,,,
,,order_items.csv,,,,,,,,,,,,1488.0,,,,,,,1.0,42.0,1.0,2299.99,0.07,,,,,
,,order_items.csv,,,,,,,,,,,,1488.0,,,,,,,2.0,122.0,1.0,2499.99,0.07,,,,,
,,order_items.csv,,,,,,,,,,,,1489.0,,,,,,,1.0,198.0,1.0,2999.99,0.2,,,,,
,,order_items.csv,,,,,,,,,,,,1489.0,,,,,,,2.0,282.0,2.0,279.99,0.2,,,,,
,,order_items.csv,,,,,,,,,,,,1489.0,,,,,,,3.0,52.0,1.0,875.99,0.1,,,,,
,,order_items.csv,,,,,,,,,,,,1490.0,,,,,,,1.0,99.0,1.0,299.99,0.1,,,,,
,,order_items.csv,,,,,,,,,,,,1490.0,,,,,,,2.0,254.0,1.0,749.99,0.1,,,,,
,,order_items.csv,,,,,,,,,,,,1490.0,,,,,,,3.0,218.0,1.0,319.99,0.05,,,,,
,,order_items.csv,,,,,,,,,,,,1491.0,,,,,,,1.0,95.0,2.0,299.99,0.2,,,,,
,,order_items.csv,,,,,,,,,,,,1491.0,,,,,,,2.0,302.0,1.0,449.99,0.05,,,,,
,,order_items.csv,,,,,,,,,,,,1491.0,,,,,,,3.0,60.0,2.0,1559.99,0.07,,,,,
,,order_items.csv,,,,,,,,,,,,1491.0,,,,,,,4.0,139.0,2.0,2999.99,0.07,,,,,
,,order_items.csv,,,,,,,,,,,,1492.0,,,,,,,1.0,37.0,2.0,379.99,0.1,,,,,
,,order_items.csv,,,,,,,,,,,,1493.0,,,,,,,1.0,230.0,1.0,429.99,0.1,,,,,
,,order_items.csv,,,,,,,,,,,,1494.0,,,,,,,1.0,230.0,2.0,429.99,0.1,,,,,
,,order_items.csv,,,,,,,,,,,,1494.0,,,,,,,2.0,178.0,2.0,749.99,0.2,,,,,
,,order_items.csv,,,,,,,,,,,,1494.0,,,,,,,3.0,264.0,2.0,249.99,0.05,,,,,
,,order_items.csv,,,,,,,,,,,,1495.0,,,,,,,1.0,292.0,2.0,369.99,0.05,,,,,
,,order_items.csv,,,,,,,,,,,,1495.0,,,,,,,2.0,308.0,2.0,749.99,0.2,,,,,
,,order_items.csv,,,,,,,,,,,,1495.0,,,,,,,3.0,137.0,1.0,2599.0,0.1,,,,,
,,order_items.csv,,,,,,,,,,,,1496.0,,,,,,,1.0,248.0,1.0,599.99,0.07,,,,,
,,order_items.csv,,,,,,,,,,,,1496.0,,,,,,,2.0,214.0,1.0,899.99,0.07,,,,,
,,order_items.csv,,,,,,,,,,,,1496.0,,,,,,,3.0,224.0,2.0,479.99,0.05,,,,,
,,order_items.csv,,,,,,,,,,,,1496.0,,,,,,,4.0,302.0,1.0,449.99,0.05,,,,,
,,order_items.csv,,,,,,,,,,,,1496.0,,,,,,,5.0,225.0,2.0,959.99,0.2,,,,,
,,order_items.csv,,,,,,,,,,,,1497.0,,,,,,,1.0,141.0,2.0,1599.99,0.2,,,,,
,,order_items.csv,,,,,,,,,,,,1497.0,,,,,,,2.0,198.0,2.0,2999.99,0.1,,,,,
,,order_items.csv,,,,,,,,,,,,1497.0,,,,,,,3.0,204.0,2.0,3599.99,0.07,,,,,
,,order_items.csv,,,,,,,,,,,,1498.0,,,,,,,1.0,172.0,1.0,3199.99,0.05,,,,,
,,order_items.csv,,,,,,,,,,,,1498.0,,,,,,,2.0,260.0,2.0,799.99,0.07,,,,,
,,order_items.csv,,,,,,,,,,,,1499.0,,,,,,,1.0,110.0,1.0,470.99,0.05,,,,,
,,order_items.csv,,,,,,,,,,,,1499.0,,,,,,,2.0,208.0,1.0,1799.99,0.07,,,,,
,,order_items.csv,,,,,,,,,,,,1499.0,,,,,,,3.0,268.0,2.0,159.99,0.05,,,,,
,,order_items.csv,,,,,,,,,,,,1499.0,,,,,,,4.0,2.0,1.0,749.99,0.05,,,,,
,,order_items.csv,,,,,,,,,,,,1499.0,,,,,,,5.0,171.0,2.0,3199.99,0.1,,,,,
,,order_items.csv,,,,,,,,,,,,1500.0,,,,,,,1.0,41.0,2.0,1469.99,0.07,,,,,
,,order_items.csv,,,,,,,,,,,,1500.0,,,,,,,2.0,293.0,1.0,319.99,0.07,,,,,
,,order_items.csv,,,,,,,,,,,,1501.0,,,,,,,1.0,248.0,1.0,599.99,0.05,,,,,
,,order_items.csv,,,,,,,,,,,,1501.0,,,,,,,2.0,219.0,1.0,639.99,0.07,,,,,
,,order_items.csv,,,,,,,,,,,,1501.0,,,,,,,3.0,15.0,1.0,529.99,0.05,,,,,
,,order_items.csv,,,,,,,,,,,,1501.0,,,,,,,4.0,67.0,1.0,250.99,0.2,,,,,
,,order_items.csv,,,,,,,,,,,,1501.0,,,,,,,5.0,210.0,1.0,1549.0,0.05,,,,,
,,order_items.csv,,,,,,,,,,,,1502.0,,,,,,,1.0,231.0,2.0,529.99,0.2,,,,,
,,order_items.csv,,,,,,,,,,,,1502.0,,,,,,,2.0,19.0,2.0,449.0,0.07,,,,,
,,order_items.csv,,,,,,,,,,,,1502.0,,,,,,,3.0,26.0,2.0,599.99,0.07,,,,,
,,order_items.csv,,,,,,,,,,,,1502.0,,,,,,,4.0,268.0,1.0,159.99,0.2,,,,,
,,order_items.csv,,,,,,,,,,,,1502.0,,,,,,,5.0,255.0,1.0,899.99,0.07,,,,,
,,order_items.csv,,,,,,,,,,,,1503.0,,,,,,,1.0,217.0,1.0,909.99,0.1,,,,,
,,order_items.csv,,,,,,,,,,,,1503.0,,,,,,,2.0,302.0,2.0,449.99,0.05,,,,,
,,order_items.csv,,,,,,,,,,,,1504.0,,,,,,,1.0,276.0,1.0,319.99,0.07,,,,,
,,order_items.csv,,,,,,,,,,,,1505.0,,,,,,,1.0,223.0,2.0,529.99,0.05,,,,,
,,order_items.csv,,,,,,,,,,,,1505.0,,,,,,,2.0,24.0,2.0,549.99,0.07,,,,,
,,order_items.csv,,,,,,,,,,,,1505.0,,,,,,,3.0,43.0,2.0,5299.99,0.05,,,,,
,,order_items.csv,,,,,,,,,,,,1506.0,,,,,,,1.0,184.0,1.0,3499.99,0.05,,,,,
,,order_items.csv,,,,,,,,,,,,1506.0,,,,,,,2.0,153.0,2.0,4999.99,0.2,,,,,
,,order_items.csv,,,,,,,,,,,,1506.0,,,,,,,3.0,149.0,2.0,7499.99,0.05,,,,,
,,order_items.csv,,,,,,,,,,,,1507.0,,,,,,,1.0,39.0,2.0,1499.99,0.2,,,,,
,,order_items.csv,,,,,,,,,,,,1507.0,,,,,,,2.0,11.0,2.0,1680.99,0.1,,,,,
,,order_items.csv,,,,,,,,,,,,1507.0,,,,,,,3.0,259.0,1.0,1199.99,0.07,,,,,
,,order_items.csv,,,,,,,,,,,,1507.0,,,,,,,4.0,281.0,1.0,319.99,0.07,,,,,
,,order_items.csv,,,,,,,,,,,,1507.0,,,,,,,5.0,293.0,2.0,319.99,0.05,,,,,
,,order_items.csv,,,,,,,,,,,,1508.0,,,,,,,1.0,37.0,1.0,379.99,0.2,,,,,
,,order_items.csv,,,,,,,,,,,,1508.0,,,,,,,2.0,109.0,1.0,416.99,0.1,,,,,
,,order_items.csv,,,,,,,,,,,,1508.0,,,,,,,3.0,52.0,2.0,875.99,0.05,,,,,
,,order_items.csv,,,,,,,,,,,,1508.0,,,,,,,4.0,88.0,1.0,189.99,0.05,,,,,
,,order_items.csv,,,,,,,,,,,,1509.0,,,,,,,1.0,215.0,2.0,749.99,0.07,,,,,
,,order_items.csv,,,,,,,,,,,,1510.0,,,,,,,1.0,142.0,2.0,3199.99,0.05,,,,,
,,order_items.csv,,,,,,,,,,,,1510.0,,,,,,,2.0,68.0,1.0,449.99,0.1,,,,,
,,order_items.csv,,,,,,,,,,,,1510.0,,,,,,,3.0,251.0,2.0,2999.99,0.1,,,,,
,,order_items.csv,,,,,,,,,,,,1510.0,,,,,,,4.0,220.0,2.0,269.99,0.1,,,,,
,,order_items.csv,,,,,,,,,,,,1510.0,,,,,,,5.0,137.0,1.0,2599.0,0.05,,,,,
,,order_items.csv,,,,,,,,,,,,1511.0,,,,,,,1.0,144.0,2.0,1549.99,0.2,,,,,
,,order_items.csv,,,,,,,,,,,,1511.0,,,,,,,2.0,288.0,1.0,389.99,0.07,,,,,
,,order_items.csv,,,,,,,,,,,,1511.0,,,,,,,3.0,17.0,2.0,429.0,0.07,,,,,
,,order_items.csv,,,,,,,,,,,,1511.0,,,,,,,4.0,41.0,1.0,1469.99,0.05,,,,,
,,order_items.csv,,,,,,,,,,,,1511.0,,,,,,,5.0,124.0,2.0,1499.0,0.2,,,,,
,,order_items.csv,,,,,,,,,,,,1512.0,,,,,,,1.0,217.0,1.0,909.99,0.07,,,,,
,,order_items.csv,,,,,,,,,,,,1513.0,,,,,,,1.0,166.0,1.0,749.99,0.1,,,,,
,,order_items.csv,,,,,,,,,,,,1513.0,,,,,,,2.0,61.0,2.0,4999.99,0.05,,,,,
,,order_items.csv,,,,,,,,,,,,1513.0,,,,,,,3.0,159.0,2.0,2299.99,0.05,,,,,
,,order_items.csv,,,,,,,,,,,,1514.0,,,,,,,1.0,240.0,2.0,899.99,0.1,,,,,
,,order_items.csv,,,,,,,,,,,,1514.0,,,,,,,2.0,203.0,2.0,4999.99,0.05,,,,,
,,order_items.csv,,,,,,,,,,,,1515.0,,,,,,,1.0,27.0,2.0,999.99,0.2,,,,,
,,order_items.csv,,,,,,,,,,,,1515.0,,,,,,,2.0,202.0,2.0,3499.99,0.1,,,,,
,,order_items.csv,,,,,,,,,,,,1515.0,,,,,,,3.0,310.0,2.0,899.99,0.05,,,,,
,,order_items.csv,,,,,,,,,,,,1515.0,,,,,,,4.0,40.0,1.0,4999.99,0.1,,,,,
,,order_items.csv,,,,,,,,,,,,1515.0,,,,,,,5.0,158.0,2.0,959.99,0.2,,,,,
,,order_items.csv,,,,,,,,,,,,1516.0,,,,,,,1.0,172.0,2.0,3199.99,0.1,,,,,
,,order_items.csv,,,,,,,,,,,,1516.0,,,,,,,2.0,253.0,1.0,2599.99,0.1,,,,,
,,order_items.csv,,,,,,,,,,,,1516.0,,,,,,,3.0,196.0,2.0,2299.99,0.2,,,,,
,,order_items.csv,,,,,,,,,,,,1516.0,,,,,,,4.0,259.0,2.0,1199.99,0.2,,,,,
,,order_items.csv,,,,,,,,,,,,1516.0,,,,,,,5.0,271.0,2.0,209.99,0.2,,,,,
,,order_items.csv,,,,,,,,,,,,1517.0,,,,,,,1.0,303.0,2.0,2599.99,0.07,,,,,
,,order_items.csv,,,,,,,,,,,,1517.0,,,,,,,2.0,226.0,2.0,679.99,0.05,,,,,
,,order_items.csv,,,,,,,,,,,,1518.0,,,,,,,1.0,304.0,2.0,679.99,0.1,,,,,
,,order_items.csv,,,,,,,,,,,,1518.0,,,,,,,2.0,182.0,2.0,2499.99,0.05,,,,,
,,order_items.csv,,,,,,,,,,,,1518.0,,,,,,,3.0,252.0,2.0,2999.99,0.05,,,,,
,,order_items.csv,,,,,,,,,,,,1519.0,,,,,,,1.0,150.0,1.0,4499.99,0.2,,,,,
,,order_items.csv,,,,,,,,,,,,1519.0,,,,,,,2.0,85.0,2.0,329.99,0.2,,,,,
,,order_items.csv,,,,,,,,,,,,1519.0,,,,,,,3.0,124.0,2.0,1499.0,0.07,,,,,
,,order_items.csv,,,,,,,,,,,,1519.0,,,,,,,4.0,65.0,1.0,346.99,0.2,,,,,
,,order_items.csv,,,,,,,,,,,,1519.0,,,,,,,5.0,265.0,2.0,289.99,0.05,,,,,
,,order_items.csv,,,,,,,,,,,,1520.0,,,,,,,1.0,186.0,1.0,4499.99,0.05,,,,,
,,order_items.csv,,,,,,,,,,,,1520.0,,,,,,,2.0,188.0,2.0,3499.99,0.2,,,,,
,,order_items.csv,,,,,,,,,,,,1520.0,,,,,,,3.0,310.0,2.0,899.99,0.07,,,,,
,,order_items.csv,,,,,,,,,,,,1520.0,,,,,,,4.0,263.0,2.0,89.99,0.1,,,,,
,,order_items.csv,,,,,,,,,,,,1521.0,,,,,,,1.0,100.0,1.0,489.99,0.2,,,,,
,,order_items.csv,,,,,,,,,,,,1521.0,,,,,,,2.0,314.0,2.0,679.99,0.2,,,,,
,,order_items.csv,,,,,,,,,,,,1521.0,,,,,,,3.0,123.0,1.0,999.99,0.1,,,,,
,,order_items.csv,,,,,,,,,,,,1521.0,,,,,,,4.0,135.0,2.0,1499.99,0.2,,,,,
,,order_items.csv,,,,,,,,,,,,1522.0,,,,,,,1.0,95.0,1.0,299.99,0.1,,,,,
,,order_items.csv,,,,,,,,,,,,1522.0,,,,,,,2.0,141.0,1.0,1599.99,0.07,,,,,
,,order_items.csv,,,,,,,,,,,,1522.0,,,,,,,3.0,117.0,1.0,1469.99,0.07,,,,,
,,order_items.csv,,,,,,,,,,,,1523.0,,,,,,,1.0,311.0,2.0,749.99,0.2,,,,,
,,order_items.csv,,,,,,,,,,,,1524.0,,,,,,,1.0,168.0,1.0,1549.0,0.1,,,,,
,,order_items.csv,,,,,,,,,,,,1524.0,,,,,,,2.0,295.0,2.0,319.99,0.2,,,,,
,,order_items.csv,,,,,,,,,,,,1524.0,,,,,,,3.0,313.0,1.0,449.99,0.2,,,,,
,,order_items.csv,,,,,,,,,,,,1524.0,,,,,,,4.0,252.0,2.0,2999.99,0.2,,,,,
,,order_items.csv,,,,,,,,,,,,1525.0,,,,,,,1.0,156.0,1.0,6499.99,0.1,,,,,
,,order_items.csv,,,,,,,,,,,,1525.0,,,,,,,2.0,163.0,2.0,1349.0,0.07,,,,,
,,order_items.csv,,,,,,,,,,,,1525.0,,,,,,,3.0,193.0,1.0,2799.99,0.07,,,,,
,,order_items.csv,,,,,,,,,,,,1526.0,,,,,,,1.0,151.0,1.0,1549.99,0.07,,,,,
,,order_items.csv,,,,,,,,,,,,1526.0,,,,,,,2.0,56.0,1.0,5499.99,0.1,,,,,
,,order_items.csv,,,,,,,,,,,,1526.0,,,,,,,3.0,238.0,1.0,749.99,0.1,,,,,
,,order_items.csv,,,,,,,,,,,,1526.0,,,,,,,4.0,243.0,1.0,679.99,0.05,,,,,
,,order_items.csv,,,,,,,,,,,,1527.0,,,,,,,1.0,33.0,1.0,469.99,0.1,,,,,
,,order_items.csv,,,,,,,,,,,,1527.0,,,,,,,2.0,103.0,1.0,551.99,0.05,,,,,
,,order_items.csv,,,,,,,,,,,,1527.0,,,,,,,3.0,57.0,2.0,1999.99,0.05,,,,,
,,order_items.csv,,,,,,,,,,,,1528.0,,,,,,,1.0,229.0,2.0,429.99,0.2,,,,,
,,order_items.csv,,,,,,,,,,,,1529.0,,,,,,,1.0,23.0,1.0,299.99,0.05,,,,,
,,order_items.csv,,,,,,,,,,,,1529.0,,,,,,,2.0,50.0,2.0,5999.99,0.1,,,,,
,,order_items.csv,,,,,,,,,,,,1530.0,,,,,,,1.0,213.0,2.0,269.99,0.1,,,,,
,,order_items.csv,,,,,,,,,,,,1530.0,,,,,,,2.0,116.0,1.0,749.99,0.1,,,,,
,,order_items.csv,,,,,,,,,,,,1531.0,,,,,,,1.0,128.0,1.0,1899.0,0.1,,,,,
,,order_items.csv,,,,,,,,,,,,1532.0,,,,,,,1.0,209.0,2.0,2999.99,0.07,,,,,
,,order_items.csv,,,,,,,,,,,,1533.0,,,,,,,1.0,274.0,2.0,229.99,0.1,,,,,
,,order_items.csv,,,,,,,,,,,,1533.0,,,,,,,2.0,78.0,1.0,647.99,0.1,,,,,
,,order_items.csv,,,,,,,,,,,,1533.0,,,,,,,3.0,96.0,1.0,349.99,0.1,,,,,
,,order_items.csv,,,,,,,,,,,,1533.0,,,,,,,4.0,235.0,2.0,899.99,0.1,,,,,
,,order_items.csv,,,,,,,,,,,,1533.0,,,,,,,5.0,51.0,1.0,6499.99,0.1,,,,,
,,order_items.csv,,,,,,,,,,,,1534.0,,,,,,,1.0,194.0,1.0,3499.99,0.1,,,,,
,,order_items.csv,,,,,,,,,,,,1534.0,,,,,,,2.0,117.0,1.0,1469.99,0.05,,,,,
,,order_items.csv,,,,,,,,,,,,1534.0,,,,,,,3.0,269.0,2.0,199.99,0.2,,,,,
,,order_items.csv,,,,,,,,,,,,1534.0,,,,,,,4.0,172.0,2.0,3199.99,0.2,,,,,
,,order_items.csv,,,,,,,,,,,,1535.0,,,,,,,1.0,92.0,1.0,209.99,0.05,,,,,
,,order_items.csv,,,,,,,,,,,,1535.0,,,,,,,2.0,75.0,2.0,599.99,0.05,,,,,
,,order_items.csv,,,,,,,,,,,,1536.0,,,,,,,1.0,183.0,1.0,2199.99,0.2,,,,,
,,order_items.csv,,,,,,,,,,,,1536.0,,,,,,,2.0,185.0,2.0,2799.99,0.07,,,,,
,,order_items.csv,,,,,,,,,,,,1536.0,,,,,,,3.0,196.0,2.0,2299.99,0.2,,,,,
,,order_items.csv,,,,,,,,,,,,1537.0,,,,,,,1.0,237.0,2.0,849.99,0.05,,,,,
,,order_items.csv,,,,,,,,,,,,1538.0,,,,,,,1.0,206.0,1.0,3299.99,0.07,,,,,
,,order_items.csv,,,,,,,,,,,,1538.0,,,,,,,2.0,46.0,2.0,1409.99,0.07,,,,,
,,order_items.csv,,,,,,,,,,,,1538.0,,,,,,,3.0,117.0,1.0,1469.99,0.07,,,,,
,,order_items.csv,,,,,,,,,,,,1538.0,,,,,,,4.0,197.0,1.0,2299.99,0.2,,,,,
,,order_items.csv,,,,,,,,,,,,1538.0,,,,,,,5.0,306.0,2.0,899.99,0.05,,,,,
,,order_items.csv,,,,,,,,,,,,1539.0,,,,,,,1.0,6.0,2.0,469.99,0.05,,,,,
,,order_items.csv,,,,,,,,,,,,1539.0,,,,,,,2.0,12.0,2.0,549.99,0.05,,,,,
,,order_items.csv,,,,,,,,,,,,1540.0,,,,,,,1.0,71.0,2.0,416.99,0.05,,,,,
,,order_items.csv,,,,,,,,,,,,1540.0,,,,,,,2.0,236.0,1.0,749.99,0.07,,,,,
,,order_items.csv,,,,,,,,,,,,1540.0,,,,,,,3.0,224.0,1.0,479.99,0.05,,,,,
,,order_items.csv,,,,,,,,,,,,1540.0,,,,,,,4.0,177.0,2.0,5499.99,0.05,,,,,
,,order_items.csv,,,,,,,,,,,,1540.0,,,,,,,5.0,78.0,1.0,647.99,0.2,,,,,
,,order_items.csv,,,,,,,,,,,,1541.0,,,,,,,1.0,155.0,2.0,11999.99,0.1,,,,,
,,order_items.csv,,,,,,,,,,,,1541.0,,,,,,,2.0,248.0,2.0,599.99,0.07,,,,,
,,order_items.csv,,,,,,,,,,,,1541.0,,,,,,,3.0,142.0,2.0,3199.99,0.1,,,,,
,,order_items.csv,,,,,,,,,,,,1541.0,,,,,,,4.0,17.0,1.0,429.0,0.1,,,,,
,,order_items.csv,,,,,,,,,,,,1541.0,,,,,,,5.0,86.0,2.0,149.99,0.05,,,,,
,,order_items.csv,,,,,,,,,,,,1542.0,,,,,,,1.0,79.0,1.0,402.99,0.2,,,,,
,,order_items.csv,,,,,,,,,,,,1542.0,,,,,,,2.0,122.0,2.0,2499.99,0.05,,,,,
,,order_items.csv,,,,,,,,,,,,1542.0,,,,,,,3.0,184.0,2.0,3499.99,0.2,,,,,
,,order_items.csv,,,,,,,,,,,,1542.0,,,,,,,4.0,37.0,2.0,379.99,0.1,,,,,
,,order_items.csv,,,,,,,,,,,,1542.0,,,,,,,5.0,297.0,1.0,279.99,0.2,,,,,
,,order_items.csv,,,,,,,,,,,,1543.0,,,,,,,1.0,108.0,2.0,449.99,0.1,,,,,
,,order_items.csv,,,,,,,,,,,,1543.0,,,,,,,2.0,93.0,1.0,209.99,0.2,,,,,
,,order_items.csv,,,,,,,,,,,,1543.0,,,,,,,3.0,158.0,2.0,959.99,0.07,,,,,
,,order_items.csv,,,,,,,,,,,,1543.0,,,,,,,4.0,97.0,2.0,349.99,0.05,,,,,
,,order_items.csv,,,,,,,,,,,,1543.0,,,,,,,5.0,136.0,1.0,1799.99,0.2,,,,,
,,order_items.csv,,,,,,,,,,,,1544.0,,,,,,,1.0,194.0,2.0,3499.99,0.1,,,,,
,,order_items.csv,,,,,,,,,,,,1544.0,,,,,,,2.0,107.0,2.0,416.99,0.2,,,,,
,,order_items.csv,,,,,,,,,,,,1545.0,,,,,,,1.0,45.0,1.0,869.99,0.1,,,,,
,,order_items.csv,,,,,,,,,,,,1546.0,,,,,,,1.0,156.0,1.0,6499.99,0.1,,,,,
,,order_items.csv,,,,,,,,,,,,1546.0,,,,,,,2.0,185.0,2.0,2799.99,0.1,,,,,
,,order_items.csv,,,,,,,,,,,,1546.0,,,,,,,3.0,215.0,1.0,749.99,0.1,,,,,
,,order_items.csv,,,,,,,,,,,,1546.0,,,,,,,4.0,25.0,1.0,499.99,0.05,,,,,
,,order_items.csv,,,,,,,,,,,,1547.0,,,,,,,1.0,106.0,2.0,449.99,0.2,,,,,
,,order_items.csv,,,,,,,,,,,,1547.0,,,,,,,2.0,204.0,1.0,3599.99,0.2,,,,,
,,order_items.csv,,,,,,,,,,,,1548.0,,,,,,,1.0,32.0,1.0,469.99,0.1,,,,,
,,order_items.csv,,,,,,,,,,,,1548.0,,,,,,,2.0,202.0,1.0,3499.99,0.07,,,,,
,,order_items.csv,,,,,,,,,,,,1548.0,,,,,,,3.0,62.0,2.0,3499.99,0.2,,,,,
,,order_items.csv,,,,,,,,,,,,1549.0,,,,,,,1.0,158.0,1.0,959.99,0.2,,,,,
,,order_items.csv,,,,,,,,,,,,1549.0,,,,,,,2.0,119.0,1.0,469.99,0.05,,,,,
,,order_items.csv,,,,,,,,,,,,1549.0,,,,,,,3.0,249.0,2.0,749.99,0.05,,,,,
,,order_items.csv,,,,,,,,,,,,1549.0,,,,,,,4.0,242.0,2.0,699.99,0.1,,,,,
,,order_items.csv,,,,,,,,,,,,1550.0,,,,,,,1.0,315.0,2.0,559.99,0.05,,,,,
,,order_items.csv,,,,,,,,,,,,1550.0,,,,,,,2.0,245.0,1.0,659.99,0.07,,,,,
,,order_items.csv,,,,,,,,,,,,1550.0,,,,,,,3.0,185.0,2.0,2799.99,0.1,,,,,
,,order_items.csv,,,,,,,,,,,,1550.0,,,,,,,4.0,148.0,1.0,5499.99,0.07,,,,,
,,order_items.csv,,,,,,,,,,,,1550.0,,,,,,,5.0,86.0,2.0,149.99,0.05,,,,,
,,order_items.csv,,,,,,,,,,,,1551.0,,,,,,,1.0,207.0,2.0,3999.99,0.2,,,,,
,,order_items.csv,,,,,,,,,,,,1552.0,,,,,,,1.0,197.0,1.0,2299.99,0.1,,,,,
,,order_items.csv,,,,,,,,,,,,1552.0,,,,,,,2.0,41.0,2.0,1469.99,0.05,,,,,
,,order_items.csv,,,,,,,,,,,,1553.0,,,,,,,1.0,102.0,1.0,489.99,0.07,,,,,
,,order_items.csv,,,,,,,,,,,,1553.0,,,,,,,2.0,12.0,1.0,549.99,0.1,,,,,
,,order_items.csv,,,,,,,,,,,,1553.0,,,,,,,3.0,251.0,1.0,2999.99,0.05,,,,,
,,order_items.csv,,,,,,,,,,,,1553.0,,,,,,,4.0,89.0,1.0,209.99,0.05,,,,,
,,order_items.csv,,,,,,,,,,,,1554.0,,,,,,,1.0,166.0,1.0,749.99,0.05,,,,,
,,order_items.csv,,,,,,,,,,,,1554.0,,,,,,,2.0,285.0,1.0,279.99,0.2,,,,,
,,order_items.csv,,,,,,,,,,,,1555.0,,,,,,,1.0,24.0,2.0,549.99,0.1,,,,,
,,order_items.csv,,,,,,,,,,,,1555.0,,,,,,,2.0,156.0,1.0,6499.99,0.1,,,,,
,,order_items.csv,,,,,,,,,,,,1555.0,,,,,,,3.0,126.0,1.0,469.99,0.1,,,,,
,,order_items.csv,,,,,,,,,,,,1555.0,,,,,,,4.0,128.0,2.0,1899.0,0.05,,,,,
,,order_items.csv,,,,,,,,,,,,1555.0,,,,,,,5.0,174.0,1.0,3199.99,0.2,,,,,
,,order_items.csv,,,,,,,,,,,,1556.0,,,,,,,1.0,49.0,2.0,3499.99,0.2,,,,,
,,order_items.csv,,,,,,,,,,,,1556.0,,,,,,,2.0,82.0,1.0,659.99,0.07,,,,,
,,order_items.csv,,,,,,,,,,,,1556.0,,,,,,,3.0,265.0,1.0,289.99,0.1,,,,,
,,order_items.csv,,,,,,,,,,,,1556.0,,,,,,,4.0,119.0,2.0,469.99,0.05,,,,,
,,order_items.csv,,,,,,,,,,,,1556.0,,,,,,,5.0,235.0,2.0,899.99,0.1,,,,,
,,order_items.csv,,,,,,,,,,,,1557.0,,,,,,,1.0,163.0,2.0,1349.0,0.07,,,,,
,,order_items.csv,,,,,,,,,,,,1558.0,,,,,,,1.0,46.0,2.0,1409.99,0.07,,,,,
,,order_items.csv,,,,,,,,,,,,1558.0,,,,,,,2.0,123.0,1.0,999.99,0.07,,,,,
,,order_items.csv,,,,,,,,,,,,1558.0,,,,,,,3.0,4.0,1.0,2899.99,0.05,,,,,
,,order_items.csv,,,,,,,,,,,,1558.0,,,,,,,4.0,55.0,1.0,2699.99,0.2,,,,,
,,order_items.csv,,,,,,,,,,,,1558.0,,,,,,,5.0,253.0,1.0,2599.99,0.07,,,,,
,,order_items.csv,,,,,,,,,,,,1559.0,,,,,,,1.0,101.0,2.0,339.99,0.07,,,,,
,,order_items.csv,,,,,,,,,,,,1559.0,,,,,,,2.0,18.0,1.0,449.0,0.1,,,,,
,,order_items.csv,,,,,,,,,,,,1559.0,,,,,,,3.0,54.0,2.0,3199.99,0.1,,,,,
,,order_items.csv,,,,,,,,,,,,1559.0,,,,,,,4.0,221.0,1.0,319.99,0.1,,,,,
,,order_items.csv,,,,,,,,,,,,1560.0,,,,,,,1.0,118.0,2.0,999.99,0.2,,,,,
,,order_items.csv,,,,,,,,,,,,1560.0,,,,,,,2.0,41.0,1.0,1469.99,0.2,,,,,
,,order_items.csv,,,,,,,,,,,,1561.0,,,,,,,1.0,181.0,2.0,2199.99,0.07,,,,,
,,order_items.csv,,,,,,,,,,,,1561.0,,,,,,,2.0,297.0,2.0,279.99,0.05,,,,,
,,order_items.csv,,,,,,,,,,,,1562.0,,,,,,,1.0,54.0,1.0,3199.99,0.2,,,,,
,,order_items.csv,,,,,,,,,,,,1562.0,,,,,,,2.0,66.0,1.0,250.99,0.2,,,,,
,,order_items.csv,,,,,,,,,,,,1562.0,,,,,,,3.0,115.0,2.0,3199.99,0.07,,,,,
,,order_items.csv,,,,,,,,,,,,1563.0,,,,,,,1.0,188.0,1.0,3499.99,0.07,,,,,
,,order_items.csv,,,,,,,,,,,,1564.0,,,,,,,1.0,309.0,1.0,899.99,0.07,,,,,
,,order_items.csv,,,,,,,,,,,,1564.0,,,,,,,2.0,14.0,1.0,269.99,0.1,,,,,
,,order_items.csv,,,,,,,,,,,,1565.0,,,,,,,1.0,37.0,1.0,379.99,0.07,,,,,
,,order_items.csv,,,,,,,,,,,,1565.0,,,,,,,2.0,92.0,1.0,209.99,0.1,,,,,
,,order_items.csv,,,,,,,,,,,,1565.0,,,,,,,3.0,261.0,1.0,899.99,0.1,,,,,
,,order_items.csv,,,,,,,,,,,,1565.0,,,,,,,4.0,95.0,1.0,299.99,0.07,,,,,
,,order_items.csv,,,,,,,,,,,,1565.0,,,,,,,5.0,226.0,2.0,679.99,0.2,,,,,
,,order_items.csv,,,,,,,,,,,,1566.0,,,,,,,1.0,179.0,1.0,919.99,0.05,,,,,
,,order_items.csv,,,,,,,,,,,,1566.0,,,,,,,2.0,61.0,2.0,4999.99,0.05,,,,,
,,order_items.csv,,,,,,,,,,,,1567.0,,,,,,,1.0,279.0,1.0,319.99,0.2,,,,,
,,order_items.csv,,,,,,,,,,,,1568.0,,,,,,,1.0,146.0,1.0,4999.99,0.2,,,,,
,,order_items.csv,,,,,,,,,,,,1568.0,,,,,,,2.0,105.0,1.0,533.99,0.07,,,,,
,,order_items.csv,,,,,,,,,,,,1568.0,,,,,,,3.0,301.0,1.0,899.99,0.1,,,,,
,,order_items.csv,,,,,,,,,,,,1569.0,,,,,,,1.0,252.0,1.0,2999.99,0.1,,,,,
,,order_items.csv,,,,,,,,,,,,1570.0,,,,,,,1.0,155.0,1.0,11999.99,0.07,,,,,
,,order_items.csv,,,,,,,,,,,,1571.0,,,,,,,1.0,312.0,2.0,699.99,0.1,,,,,
,,order_items.csv,,,,,,,,,,,,1571.0,,,,,,,2.0,212.0,1.0,559.99,0.07,,,,,
,,order_items.csv,,,,,,,,,,,,1571.0,,,,,,,3.0,20.0,2.0,599.99,0.2,,,,,
,,order_items.csv,,,,,,,,,,,,1572.0,,,,,,,1.0,216.0,2.0,899.99,0.05,,,,,
,,order_items.csv,,,,,,,,,,,,1572.0,,,,,,,2.0,198.0,1.0,2999.99,0.2,,,,,
,,order_items.csv,,,,,,,,,,,,1572.0,,,,,,,3.0,115.0,1.0,3199.99,0.05,,,,,
,,order_items.csv,,,,,,,,,,,,1572.0,,,,,,,4.0,304.0,2.0,679.99,0.2,,,,,
,,order_items.csv,,,,,,,,,,,,1573.0,,,,,,,1.0,9.0,1.0,2999.99,0.05,,,,,
,,order_items.csv,,,,,,,,,,,,1573.0,,,,,,,2.0,129.0,1.0,919.99,0.07,,,,,
,,order_items.csv,,,,,,,,,,,,1573.0,,,,,,,3.0,15.0,2.0,529.99,0.1,,,,,
,,order_items.csv,,,,,,,,,,,,1573.0,,,,,,,4.0,216.0,2.0,899.99,0.07,,,,,
,,order_items.csv,,,,,,,,,,,,1573.0,,,,,,,5.0,263.0,2.0,89.99,0.1,,,,,
,,order_items.csv,,,,,,,,,,,,1574.0,,,,,,,1.0,127.0,1.0,469.99,0.1,,,,,
,,order_items.csv,,,,,,,,,,,,1575.0,,,,,,,1.0,44.0,1.0,539.99,0.07,,,,,
,,order_items.csv,,,,,,,,,,,,1575.0,,,,,,,2.0,207.0,2.0,3999.99,0.1,,,,,
,,order_items.csv,,,,,,,,,,,,1575.0,,,,,,,3.0,213.0,1.0,269.99,0.07,,,,,
,,order_items.csv,,,,,,,,,,,,1575.0,,,,,,,4.0,126.0,2.0,469.99,0.05,,,,,
,,order_items.csv,,,,,,,,,,,,1575.0,,,,,,,5.0,92.0,2.0,209.99,0.2,,,,,
,,order_items.csv,,,,,,,,,,,,1576.0,,,,,,,1.0,69.0,1.0,416.99,0.05,,,,,
,,order_items.csv,,,,,,,,,,,,1576.0,,,,,,,2.0,293.0,1.0,319.99,0.05,,,,,
,,order_items.csv,,,,,,,,,,,,1576.0,,,,,,,3.0,202.0,2.0,3499.99,0.05,,,,,
,,order_items.csv,,,,,,,,,,,,1577.0,,,,,,,1.0,298.0,2.0,279.99,0.05,,,,,
,,order_items.csv,,,,,,,,,,,,1577.0,,,,,,,2.0,111.0,2.0,470.99,0.1,,,,,
,,order_items.csv,,,,,,,,,,,,1577.0,,,,,,,3.0,300.0,2.0,799.99,0.2,,,,,
,,order_items.csv,,,,,,,,,,,,1577.0,,,,,,,4.0,131.0,2.0,2599.0,0.07,,,,,
,,order_items.csv,,,,,,,,,,,,1577.0,,,,,,,5.0,282.0,2.0,279.99,0.05,,,,,
,,order_items.csv,,,,,,,,,,,,1578.0,,,,,,,1.0,204.0,2.0,3599.99,0.07,,,,,
,,order_items.csv,,,,,,,,,,,,1578.0,,,,,,,2.0,310.0,1.0,899.99,0.05,,,,,
,,order_items.csv,,,,,,,,,,,,1578.0,,,,,,,3.0,241.0,2.0,749.99,0.2,,,,,
,,order_items.csv,,,,,,,,,,,,1579.0,,,,,,,1.0,49.0,1.0,3499.99,0.05,,,,,
,,order_items.csv,,,,,,,,,,,,1579.0,,,,,,,2.0,214.0,1.0,899.99,0.1,,,,,
,,order_items.csv,,,,,,,,,,,,1579.0,,,,,,,3.0,286.0,1.0,279.99,0.07,,,,,
,,order_items.csv,,,,,,,,,,,,1579.0,,,,,,,4.0,65.0,2.0,346.99,0.1,,,,,
,,order_items.csv,,,,,,,,,,,,1580.0,,,,,,,1.0,119.0,2.0,469.99,0.07,,,,,
,,order_items.csv,,,,,,,,,,,,1580.0,,,,,,,2.0,86.0,2.0,149.99,0.2,,,,,
,,order_items.csv,,,,,,,,,,,,1581.0,,,,,,,1.0,64.0,1.0,489.99,0.1,,,,,
,,order_items.csv,,,,,,,,,,,,1581.0,,,,,,,2.0,272.0,1.0,289.99,0.2,,,,,
,,order_items.csv,,,,,,,,,,,,1582.0,,,,,,,1.0,75.0,1.0,599.99,0.07,,,,,
,,order_items.csv,,,,,,,,,,,,1582.0,,,,,,,2.0,133.0,2.0,1499.99,0.07,,,,,
,,order_items.csv,,,,,,,,,,,,1583.0,,,,,,,1.0,15.0,1.0,529.99,0.05,,,,,
,,order_items.csv,,,,,,,,,,,,1583.0,,,,,,,2.0,265.0,2.0,289.99,0.2,,,,,
,,order_items.csv,,,,,,,,,,,,1584.0,,,,,,,1.0,45.0,2.0,869.99,0.1,,,,,
,,order_items.csv,,,,,,,,,,,,1584.0,,,,,,,2.0,216.0,2.0,899.99,0.1,,,,,
,,order_items.csv,,,,,,,,,,,,1584.0,,,,,,,3.0,43.0,1.0,5299.99,0.2,,,,,
,,order_items.csv,,,,,,,,,,,,1584.0,,,,,,,4.0,187.0,1.0,2799.99,0.1,,,,,
,,order_items.csv,,,,,,,,,,,,1584.0,,,,,,,5.0,147.0,2.0,1799.99,0.07,,,,,
,,order_items.csv,,,,,,,,,,,,1585.0,,,,,,,1.0,313.0,1.0,449.99,0.1,,,,,
,,order_items.csv,,,,,,,,,,,,1585.0,,,,,,,2.0,106.0,2.0,449.99,0.1,,,,,
,,order_items.csv,,,,,,,,,,,,1585.0,,,,,,,3.0,207.0,2.0,3999.99,0.07,,,,,
,,order_items.csv,,,,,,,,,,,,1585.0,,,,,,,4.0,95.0,1.0,299.99,0.1,,,,,
,,order_items.csv,,,,,,,,,,,,1585.0,,,,,,,5.0,191.0,1.0,2799.99,0.1,,,,,
,,order_items.csv,,,,,,,,,,,,1586.0,,,,,,,1.0,22.0,2.0,269.99,0.1,,,,,
,,order_items.csv,,,,,,,,,,,,1586.0,,,,,,,2.0,277.0,1.0,369.99,0.07,,,,,
,,order_items.csv,,,,,,,,,,,,1586.0,,,,,,,3.0,295.0,1.0,319.99,0.05,,,,,
,,order_items.csv,,,,,,,,,,,,1586.0,,,,,,,4.0,173.0,1.0,3199.99,0.2,,,,,
,,order_items.csv,,,,,,,,,,,,1586.0,,,,,,,5.0,36.0,1.0,832.99,0.1,,,,,
,,order_items.csv,,,,,,,,,,,,1587.0,,,,,,,1.0,104.0,1.0,481.99,0.1,,,,,
,,order_items.csv,,,,,,,,,,,,1587.0,,,,,,,2.0,63.0,2.0,3499.99,0.05,,,,,
,,order_items.csv,,,,,,,,,,,,1587.0,,,,,,,3.0,78.0,2.0,647.99,0.05,,,,,
,,order_items.csv,,,,,,,,,,,,1587.0,,,,,,,4.0,300.0,2.0,799.99,0.07,,,,,
,,order_items.csv,,,,,,,,,,,,1588.0,,,,,,,1.0,93.0,2.0,209.99,0.07,,,,,
,,order_items.csv,,,,,,,,,,,,1589.0,,,,,,,1.0,246.0,2.0,639.99,0.05,,,,,
,,order_items.csv,,,,,,,,,,,,1589.0,,,,,,,2.0,260.0,1.0,799.99,0.2,,,,,
,,order_items.csv,,,,,,,,,,,,1589.0,,,,,,,3.0,28.0,2.0,2499.99,0.1,,,,,
,,order_items.csv,,,,,,,,,,,,1590.0,,,,,,,1.0,175.0,2.0,3199.99,0.07,,,,,
,,order_items.csv,,,,,,,,,,,,1590.0,,,,,,,2.0,248.0,1.0,599.99,0.2,,,,,
,,order_items.csv,,,,,,,,,,,,1590.0,,,,,,,3.0,23.0,1.0,299.99,0.07,,,,,
,,order_items.csv,,,,,,,,,,,,1591.0,,,,,,,1.0,286.0,2.0,279.99,0.2,,,,,
,,order_items.csv,,,,,,,,,,,,1591.0,,,,,,,2.0,126.0,2.0,469.99,0.2,,,,,
,,order_items.csv,,,,,,,,,,,,1591.0,,,,,,,3.0,97.0,2.0,349.99,0.07,,,,,
,,order_items.csv,,,,,,,,,,,,1591.0,,,,,,,4.0,138.0,2.0,2249.99,0.05,,,,,
,,order_items.csv,,,,,,,,,,,,1591.0,,,,,,,5.0,265.0,1.0,289.99,0.2,,,,,
,,order_items.csv,,,,,,,,,,,,1592.0,,,,,,,1.0,211.0,2.0,1549.0,0.05,,,,,
,,order_items.csv,,,,,,,,,,,,1592.0,,,,,,,2.0,159.0,1.0,2299.99,0.07,,,,,
,,order_items.csv,,,,,,,,,,,,1592.0,,,,,,,3.0,40.0,2.0,4999.99,0.07,,,,,
,,order_items.csv,,,,,,,,,,,,1592.0,,,,,,,4.0,9.0,1.0,2999.99,0.2,,,,,
,,order_items.csv,,,,,,,,,,,,1592.0,,,,,,,5.0,271.0,2.0,209.99,0.05,,,,,
,,order_items.csv,,,,,,,,,,,,1593.0,,,,,,,1.0,97.0,2.0,349.99,0.2,,,,,
,,order_items.csv,,,,,,,,,,,,1593.0,,,,,,,2.0,34.0,1.0,469.99,0.07,,,,,
,,order_items.csv,,,,,,,,,,,,1593.0,,,,,,,3.0,190.0,2.0,2799.99,0.1,,,,,
,,order_items.csv,,,,,,,,,,,,1593.0,,,,,,,4.0,107.0,1.0,416.99,0.05,,,,,
,,order_items.csv,,,,,,,,,,,,1593.0,,,,,,,5.0,169.0,2.0,6499.99,0.07,,,,,
,,order_items.csv,,,,,,,,,,,,1594.0,,,,,,,1.0,79.0,2.0,402.99,0.1,,,,,
,,order_items.csv,,,,,,,,,,,,1594.0,,,,,,,2.0,105.0,1.0,533.99,0.1,,,,,
,,order_items.csv,,,,,,,,,,,,1595.0,,,,,,,1.0,112.0,1.0,379.99,0.2,,,,,
,,order_items.csv,,,,,,,,,,,,1596.0,,,,,,,1.0,91.0,1.0,349.99,0.05,,,,,
,,order_items.csv,,,,,,,,,,,,1596.0,,,,,,,2.0,18.0,1.0,449.0,0.1,,,,,
,,order_items.csv,,,,,,,,,,,,1597.0,,,,,,,1.0,176.0,1.0,3199.99,0.07,,,,,
,,order_items.csv,,,,,,,,,,,,1597.0,,,,,,,2.0,59.0,1.0,2599.99,0.07,,,,,
,,order_items.csv,,,,,,,,,,,,1598.0,,,,,,,1.0,247.0,1.0,599.99,0.2,,,,,
,,order_items.csv,,,,,,,,,,,,1598.0,,,,,,,2.0,49.0,2.0,3499.99,0.07,,,,,
,,order_items.csv,,,,,,,,,,,,1598.0,,,,,,,3.0,88.0,1.0,189.99,0.2,,,,,
,,order_items.csv,,,,,,,,,,,,1599.0,,,,,,,1.0,104.0,2.0,481.99,0.2,,,,,
,,order_items.csv,,,,,,,,,,,,1600.0,,,,,,,1.0,146.0,1.0,4999.99,0.1,,,,,
,,order_items.csv,,,,,,,,,,,,1600.0,,,,,,,2.0,295.0,1.0,319.99,0.05,,,,,
,,order_items.csv,,,,,,,,,,,,1600.0,,,,,,,3.0,36.0,1.0,832.99,0.2,,,,,
,,order_items.csv,,,,,,,,,,,,1601.0,,,,,,,1.0,114.0,2.0,579.99,0.2,,,,,
,,order_items.csv,,,,,,,,,,,,1601.0,,,,,,,2.0,10.0,1.0,1549.0,0.2,,,,,
,,order_items.csv,,,,,,,,,,,,1601.0,,,,,,,3.0,220.0,2.0,269.99,0.07,,,,,
,,order_items.csv,,,,,,,,,,,,1601.0,,,,,,,4.0,7.0,2.0,3999.99,0.07,,,,,
,,order_items.csv,,,,,,,,,,,,1601.0,,,,,,,5.0,180.0,1.0,919.99,0.1,,,,,
,,order_items.csv,,,,,,,,,,,,1602.0,,,,,,,1.0,71.0,2.0,416.99,0.05,,,,,
,,order_items.csv,,,,,,,,,,,,1602.0,,,,,,,2.0,37.0,1.0,379.99,0.07,,,,,
,,order_items.csv,,,,,,,,,,,,1602.0,,,,,,,3.0,275.0,2.0,229.99,0.2,,,,,
,,order_items.csv,,,,,,,,,,,,1602.0,,,,,,,4.0,257.0,2.0,899.99,0.05,,,,,
,,order_items.csv,,,,,,,,,,,,1603.0,,,,,,,1.0,275.0,2.0,229.99,0.05,,,,,
,,order_items.csv,,,,,,,,,,,,1604.0,,,,,,,1.0,271.0,1.0,209.99,0.1,,,,,
,,order_items.csv,,,,,,,,,,,,1605.0,,,,,,,1.0,72.0,1.0,619.99,0.1,,,,,
,,order_items.csv,,,,,,,,,,,,1605.0,,,,,,,2.0,186.0,1.0,4499.99,0.2,,,,,
,,order_items.csv,,,,,,,,,,,,1605.0,,,,,,,3.0,132.0,2.0,1499.99,0.1,,,,,
,,order_items.csv,,,,,,,,,,,,1605.0,,,,,,,4.0,301.0,1.0,899.99,0.1,,,,,
,,order_items.csv,,,,,,,,,,,,1605.0,,,,,,,5.0,29.0,1.0,999.99,0.07,,,,,
,,order_items.csv,,,,,,,,,,,,1606.0,,,,,,,1.0,245.0,1.0,659.99,0.1,,,,,
,,order_items.csv,,,,,,,,,,,,1606.0,,,,,,,2.0,271.0,1.0,209.99,0.1,,,,,
,,order_items.csv,,,,,,,,,,,,1607.0,,,,,,,1.0,29.0,1.0,999.99,0.05,,,,,
,,order_items.csv,,,,,,,,,,,,1608.0,,,,,,,1.0,231.0,2.0,529.99,0.05,,,,,
,,order_items.csv,,,,,,,,,,,,1609.0,,,,,,,1.0,96.0,1.0,349.99,0.2,,,,,
,,order_items.csv,,,,,,,,,,,,1609.0,,,,,,,2.0,238.0,2.0,749.99,0.2,,,,,
,,order_items.csv,,,,,,,,,,,,1609.0,,,,,,,3.0,228.0,2.0,319.99,0.1,,,,,
,,order_items.csv,,,,,,,,,,,,1609.0,,,,,,,4.0,105.0,1.0,533.99,0.2,,,,,
,,order_items.csv,,,,,,,,,,,,1610.0,,,,,,,1.0,36.0,1.0,832.99,0.07,,,,,
,,order_items.csv,,,,,,,,,,,,1610.0,,,,,,,2.0,173.0,2.0,3199.99,0.2,,,,,
,,order_items.csv,,,,,,,,,,,,1611.0,,,,,,,1.0,191.0,1.0,2799.99,0.07,,,,,
,,order_items.csv,,,,,,,,,,,,1611.0,,,,,,,2.0,171.0,2.0,3199.99,0.1,,,,,
,,order_items.csv,,,,,,,,,,,,1611.0,,,,,,,3.0,236.0,1.0,749.99,0.2,,,,,
,,order_items.csv,,,,,,,,,,,,1612.0,,,,,,,1.0,242.0,1.0,699.99,0.1,,,,,
,,order_items.csv,,,,,,,,,,,,1612.0,,,,,,,2.0,289.0,2.0,319.99,0.05,,,,,
,,order_items.csv,,,,,,,,,,,,1612.0,,,,,,,3.0,101.0,2.0,339.99,0.2,,,,,
,,order_items.csv,,,,,,,,,,,,1612.0,,,,,,,4.0,293.0,2.0,319.99,0.07,,,,,
,,order_items.csv,,,,,,,,,,,,1612.0,,,,,,,5.0,60.0,1.0,1559.99,0.1,,,,,
,,order_items.csv,,,,,,,,,,,,1613.0,,,,,,,1.0,153.0,1.0,4999.99,0.07,,,,,
,,order_items.csv,,,,,,,,,,,,1613.0,,,,,,,2.0,283.0,2.0,319.99,0.05,,,,,
,,order_items.csv,,,,,,,,,,,,1614.0,,,,,,,1.0,124.0,1.0,1499.0,0.07,,,,,
,,order_items.csv,,,,,,,,,,,,1614.0,,,,,,,2.0,159.0,2.0,2299.99,0.07,,,,,
,,order_items.csv,,,,,,,,,,,,1614.0,,,,,,,3.0,213.0,2.0,269.99,0.2,,,,,
,,order_items.csv,,,,,,,,,,,,1615.0,,,,,,,1.0,197.0,2.0,2299.99,0.2,,,,,
,,order_items.csv,,,,,,,,,,,,1615.0,,,,,,,2.0,214.0,1.0,899.99,0.07,,,,,
,,order_items.csv,,,,,,,,,,,,1615.0,,,,,,,3.0,182.0,1.0,2499.99,0.2,,,,,
9.0,,products.csv,6.0,,,,,,,,,,,,,,,,,,,1.0,,379.99,,Trek 820 - 2016,2016.0,,,
5.0,,products.csv,6.0,,,,,,,,,,,,,,,,,,,2.0,,749.99,,Ritchey Timberwolf Frameset - 2016,2016.0,,,
8.0,,products.csv,6.0,,,,,,,,,,,,,,,,,,,3.0,,999.99,,Surly Wednesday Frameset - 2016,2016.0,,,
9.0,,products.csv,6.0,,,,,,,,,,,,,,,,,,,4.0,,2899.99,,Trek Fuel EX 8 29 - 2016,2016.0,,,
3.0,,products.csv,6.0,,,,,,,,,,,,,,,,,,,5.0,,1320.99,,Heller Shagamaw Frame - 2016,2016.0,,,
8.0,,products.csv,6.0,,,,,,,,,,,,,,,,,,,6.0,,469.99,,Surly Ice Cream Truck Frameset - 2016,2016.0,,,
9.0,,products.csv,6.0,,,,,,,,,,,,,,,,,,,7.0,,3999.99,,Trek Slash 8 27.5 - 2016,2016.0,,,
9.0,,products.csv,6.0,,,,,,,,,,,,,,,,,,,8.0,,1799.99,,Trek Remedy 29 Carbon Frameset - 2016,2016.0,,,
9.0,,products.csv,5.0,,,,,,,,,,,,,,,,,,,9.0,,2999.99,,Trek Conduit+ - 2016,2016.0,,,
8.0,,products.csv,4.0,,,,,,,,,,,,,,,,,,,10.0,,1549.0,,Surly Straggler - 2016,2016.0,,,
8.0,,products.csv,4.0,,,,,,,,,,,,,,,,,,,11.0,,1680.99,,Surly Straggler 650b - 2016,2016.0,,,
1.0,,products.csv,3.0,,,,,,,,,,,,,,,,,,,12.0,,549.99,,Electra Townie Original 21D - 2016,2016.0,,,
1.0,,products.csv,3.0,,,,,,,,,,,,,,,,,,,13.0,,269.99,,Electra Cruiser 1 (24-Inch) - 2016,2016.0,,,
1.0,,products.csv,3.0,,,,,,,,,,,,,,,,,,,14.0,,269.99,,Electra Girl's Hawaii 1 (16-inch) - 2015/2016,2016.0,,,
1.0,,products.csv,3.0,,,,,,,,,,,,,,,,,,,15.0,,529.99,,Electra Moto 1 - 2016,2016.0,,,
1.0,,products.csv,3.0,,,,,,,,,,,,,,,,,,,16.0,,599.99,,Electra Townie Original 7D EQ - 2016,2016.0,,,
4.0,,products.csv,3.0,,,,,,,,,,,,,,,,,,,17.0,,429.0,,Pure Cycles Vine 8-Speed - 2016,2016.0,,,
4.0,,products.csv,3.0,,,,,,,,,,,,,,,,,,,18.0,,449.0,,Pure Cycles Western 3-Speed - Women's - 2015/2016,2016.0,,,
4.0,,products.csv,3.0,,,,,,,,,,,,,,,,,,,19.0,,449.0,,Pure Cycles William 3-Speed - 2016,2016.0,,,
1.0,,products.csv,3.0,,,,,,,,,,,,,,,,,,,20.0,,599.99,,Electra Townie Original 7D EQ - Women's - 2016,2016.0,,,
1.0,,products.csv,1.0,,,,,,,,,,,,,,,,,,,21.0,,269.99,,Electra Cruiser 1 (24-Inch) - 2016,2016.0,,,
1.0,,products.csv,1.0,,,,,,,,,,,,,,,,,,,22.0,,269.99,,Electra Girl's Hawaii 1 (16-inch) - 2015/2016,2016.0,,,
1.0,,products.csv,1.0,,,,,,,,,,,,,,,,,,,23.0,,299.99,,Electra Girl's Hawaii 1 (20-inch) - 2015/2016,2016.0,,,
1.0,,products.csv,2.0,,,,,,,,,,,,,,,,,,,24.0,,549.99,,Electra Townie Original 21D - 2016,2016.0,,,
1.0,,products.csv,2.0,,,,,,,,,,,,,,,,,,,25.0,,499.99,,Electra Townie Original 7D - 2015/2016,2016.0,,,
1.0,,products.csv,2.0,,,,,,,,,,,,,,,,,,,26.0,,599.99,,Electra Townie Original 7D EQ - 2016,2016.0,,,
8.0,,products.csv,6.0,,,,,,,,,,,,,,,,,,,27.0,,999.99,,Surly Big Dummy Frameset - 2017,2017.0,,,
8.0,,products.csv,6.0,,,,,,,,,,,,,,,,,,,28.0,,2499.99,,Surly Karate Monkey 27.5+ Frameset - 2017,2017.0,,,
9.0,,products.csv,6.0,,,,,,,,,,,,,,,,,,,29.0,,999.99,,Trek X-Caliber 8 - 2017,2017.0,,,
8.0,,products.csv,6.0,,,,,,,,,,,,,,,,,,,30.0,,999.99,,Surly Ice Cream Truck Frameset - 2017,2017.0,,,
8.0,,products.csv,6.0,,,,,,,,,,,,,,,,,,,31.0,,1632.99,,Surly Wednesday - 2017,2017.0,,,
9.0,,products.csv,6.0,,,,,,,,,,,,,,,,,,,32.0,,469.99,,Trek Farley Alloy Frameset - 2017,2017.0,,,
8.0,,products.csv,6.0,,,,,,,,,,,,,,,,,,,33.0,,469.99,,Surly Wednesday Frameset - 2017,2017.0,,,
9.0,,products.csv,6.0,,,,,,,,,,,,,,,,,,,34.0,,469.99,,Trek Session DH 27.5 Carbon Frameset - 2017,2017.0,,,
7.0,,products.csv,6.0,,,,,,,,,,,,,,,,,,,35.0,,832.99,,Sun Bicycles Spider 3i - 2017,2017.0,,,
8.0,,products.csv,6.0,,,,,,,,,,,,,,,,,,,36.0,,832.99,,Surly Troll Frameset - 2017,2017.0,,,
2.0,,products.csv,6.0,,,,,,,,,,,,,,,,,,,37.0,,379.99,,Haro Flightline One ST - 2017,2017.0,,,
2.0,,products.csv,6.0,,,,,,,,,,,,,,,,,,,38.0,,549.99,,Haro Flightline Two 26 Plus - 2017,2017.0,,,
9.0,,products.csv,6.0,,,,,,,,,,,,,,,,,,,39.0,,1499.99,,Trek Stache 5 - 2017,2017.0,,,
9.0,,products.csv,6.0,,,,,,,,,,,,,,,,,,,40.0,,4999.99,,Trek Fuel EX 9.8 29 - 2017,2017.0,,,
2.0,,products.csv,6.0,,,,,,,,,,,,,,,,,,,41.0,,1469.99,,Haro Shift R3 - 2017,2017.0,,,
9.0,,products.csv,6.0,,,,,,,,,,,,,,,,,,,42.0,,2299.99,,Trek Fuel EX 5 27.5 Plus - 2017,2017.0,,,
9.0,,products.csv,6.0,,,,,,,,,,,,,,,,,,,43.0,,5299.99,,Trek Fuel EX 9.8 27.5 Plus - 2017,2017.0,,,
2.0,,products.csv,6.0,,,,,,,,,,,,,,,,,,,44.0,,539.99,,Haro SR 1.1 - 2017,2017.0,,,
2.0,,products.csv,6.0,,,,,,,,,,,,,,,,,,,45.0,,869.99,,Haro SR 1.2 - 2017,2017.0,,,
2.0,,products.csv,6.0,,,,,,,,,,,,,,,,,,,46.0,,1409.99,,Haro SR 1.3 - 2017,2017.0,,,
9.0,,products.csv,6.0,,,,,,,,,,,,,,,,,,,47.0,,5299.99,,Trek Remedy 9.8 - 2017,2017.0,,,
9.0,,products.csv,7.0,,,,,,,,,,,,,,,,,,,48.0,,1499.99,,Trek Emonda S 4 - 2017,2017.0,,,
9.0,,products.csv,7.0,,,,,,,,,,,,,,,,,,,49.0,,3499.99,,Trek Domane SL 6 - 2017,2017.0,,,
9.0,,products.csv,7.0,,,,,,,,,,,,,,,,,,,50.0,,5999.99,,Trek Silque SLR 7 Women's - 2017,2017.0,,,
9.0,,products.csv,7.0,,,,,,,,,,,,,,,,,,,51.0,,6499.99,,Trek Silque SLR 8 Women's - 2017,2017.0,,,
8.0,,products.csv,7.0,,,,,,,,,,,,,,,,,,,52.0,,875.99,,Surly Steamroller - 2017,2017.0,,,
8.0,,products.csv,7.0,,,,,,,,,,,,,,,,,,,53.0,,749.99,,Surly Ogre Frameset - 2017,2017.0,,,
9.0,,products.csv,7.0,,,,,,,,,,,,,,,,,,,54.0,,3199.99,,Trek Domane SL Disc Frameset - 2017,2017.0,,,
9.0,,products.csv,7.0,,,,,,,,,,,,,,,,,,,55.0,,2699.99,,Trek Domane S 6 - 2017,2017.0,,,
9.0,,products.csv,7.0,,,,,,,,,,,,,,,,,,,56.0,,5499.99,,Trek Domane SLR 6 Disc - 2017,2017.0,,,
9.0,,products.csv,7.0,,,,,,,,,,,,,,,,,,,57.0,,1999.99,,Trek Emonda S 5 - 2017,2017.0,,,
9.0,,products.csv,7.0,,,,,,,,,,,,,,,,,,,58.0,,4999.99,,Trek Madone 9.2 - 2017,2017.0,,,
9.0,,products.csv,7.0,,,,,,,,,,,,,,,,,,,59.0,,2599.99,,Trek Domane S 5 Disc - 2017,2017.0,,,
7.0,,products.csv,5.0,,,,,,,,,,,,,,,,,,,60.0,,1559.99,,Sun Bicycles ElectroLite - 2017,2017.0,,,
9.0,,products.csv,5.0,,,,,,,,,,,,,,,,,,,61.0,,4999.99,,Trek Powerfly 8 FS Plus - 2017,2017.0,,,
9.0,,products.csv,4.0,,,,,,,,,,,,,,,,,,,62.0,,3499.99,,Trek Boone 7 - 2017,2017.0,,,
9.0,,products.csv,4.0,,,,,,,,,,,,,,,,,,,63.0,,3499.99,,Trek Boone Race Shop Limited - 2017,2017.0,,,
1.0,,products.csv,3.0,,,,,,,,,,,,,,,,,,,64.0,,489.99,,Electra Townie Original 7D - 2017,2017.0,,,
7.0,,products.csv,3.0,,,,,,,,,,,,,,,,,,,65.0,,346.99,,Sun Bicycles Lil Bolt Type-R - 2017,2017.0,,,
7.0,,products.csv,3.0,,,,,,,,,,,,,,,,,,,66.0,,250.99,,Sun Bicycles Revolutions 24 - 2017,2017.0,,,
7.0,,products.csv,3.0,,,,,,,,,,,,,,,,,,,67.0,,250.99,,Sun Bicycles Revolutions 24 - Girl's - 2017,2017.0,,,
7.0,,products.csv,3.0,,,,,,,,,,,,,,,,,,,68.0,,449.99,,Sun Bicycles Cruz 3 - 2017,2017.0,,,
7.0,,products.csv,3.0,,,,,,,,,,,,,,,,,,,69.0,,416.99,,Sun Bicycles Cruz 7 - 2017,2017.0,,,
1.0,,products.csv,3.0,,,,,,,,,,,,,,,,,,,70.0,,659.99,,Electra Amsterdam Original 3i - 2015/2017,2017.0,,,
7.0,,products.csv,3.0,,,,,,,,,,,,,,,,,,,71.0,,416.99,,Sun Bicycles Atlas X-Type - 2017,2017.0,,,
7.0,,products.csv,3.0,,,,,,,,,,,,,,,,,,,72.0,,619.99,,Sun Bicycles Biscayne Tandem 7 - 2017,2017.0,,,
7.0,,products.csv,3.0,,,,,,,,,,,,,,,,,,,73.0,,749.99,,Sun Bicycles Brickell Tandem 7 - 2017,2017.0,,,
1.0,,products.csv,3.0,,,,,,,,,,,,,,,,,,,74.0,,439.99,,Electra Cruiser Lux 1 - 2017,2017.0,,,
1.0,,products.csv,3.0,,,,,,,,,,,,,,,,,,,75.0,,599.99,,Electra Cruiser Lux Fat Tire 1 Ladies - 2017,2017.0,,,
1.0,,products.csv,3.0,,,,,,,,,,,,,,,,,,,76.0,,299.99,,"Electra Girl's Hawaii 1 16"" - 2017",2017.0,,,
1.0,,products.csv,3.0,,,,,,,,,,,,,,,,,,,77.0,,799.99,,Electra Glam Punk 3i Ladies' - 2017,2017.0,,,
7.0,,products.csv,3.0,,,,,,,,,,,,,,,,,,,78.0,,647.99,,Sun Bicycles Biscayne Tandem CB - 2017,2017.0,,,
7.0,,products.csv,3.0,,,,,,,,,,,,,,,,,,,79.0,,402.99,,Sun Bicycles Boardwalk (24-inch Wheels) - 2017,2017.0,,,
7.0,,products.csv,3.0,,,,,,,,,,,,,,,,,,,80.0,,761.99,,Sun Bicycles Brickell Tandem CB - 2017,2017.0,,,
1.0,,products.csv,3.0,,,,,,,,,,,,,,,,,,,81.0,,1099.99,,Electra Amsterdam Fashion 7i Ladies' - 2017,2017.0,,,
1.0,,products.csv,3.0,,,,,,,,,,,,,,,,,,,82.0,,659.99,,Electra Amsterdam Original 3i Ladies' - 2017,2017.0,,,
9.0,,products.csv,1.0,,,,,,,,,,,,,,,,,,,83.0,,149.99,,Trek Boy's Kickster - 2015/2017,2017.0,,,
7.0,,products.csv,1.0,,,,,,,,,,,,,,,,,,,84.0,,109.99,,Sun Bicycles Lil Kitt'n - 2017,2017.0,,,
2.0,,products.csv,1.0,,,,,,,,,,,,,,,,,,,85.0,,329.99,,Haro Downtown 16 - 2017,2017.0,,,
9.0,,products.csv,1.0,,,,,,,,,,,,,,,,,,,86.0,,149.99,,Trek Girl's Kickster - 2017,2017.0,,,
9.0,,products.csv,1.0,,,,,,,,,,,,,,,,,,,87.0,,189.99,,Trek Precaliber 12 Boys - 2017,2017.0,,,
9.0,,products.csv,1.0,,,,,,,,,,,,,,,,,,,88.0,,189.99,,Trek Precaliber 12 Girls - 2017,2017.0,,,
9.0,,products.csv,1.0,,,,,,,,,,,,,,,,,,,89.0,,209.99,,Trek Precaliber 16 Boys - 2017,2017.0,,,
9.0,,products.csv,1.0,,,,,,,,,,,,,,,,,,,90.0,,209.99,,Trek Precaliber 16 Girls - 2017,2017.0,,,
9.0,,products.csv,1.0,,,,,,,,,,,,,,,,,,,91.0,,349.99,,Trek Precaliber 24 (21-Speed) - Girls - 2017,2017.0,,,
2.0,,products.csv,1.0,,,,,,,,,,,,,,,,,,,92.0,,209.99,,Haro Shredder 20 - 2017,2017.0,,,
2.0,,products.csv,1.0,,,,,,,,,,,,,,,,,,,93.0,,209.99,,Haro Shredder 20 Girls - 2017,2017.0,,,
2.0,,products.csv,1.0,,,,,,,,,,,,,,,,,,,94.0,,249.99,,Haro Shredder Pro 20 - 2017,2017.0,,,
1.0,,products.csv,1.0,,,,,,,,,,,,,,,,,,,95.0,,299.99,,"Electra Girl's Hawaii 1 16"" - 2017",2017.0,,,
1.0,,products.csv,1.0,,,,,,,,,,,,,,,,,,,96.0,,349.99,,Electra Moto 3i (20-inch) - Boy's - 2017,2017.0,,,
1.0,,products.csv,1.0,,,,,,,,,,,,,,,,,,,97.0,,349.99,,Electra Savannah 3i (20-inch) - Girl's - 2017,2017.0,,,
1.0,,products.csv,1.0,,,,,,,,,,,,,,,,,,,98.0,,489.99,,Electra Straight 8 3i (20-inch) - Boy's - 2017,2017.0,,,
1.0,,products.csv,1.0,,,,,,,,,,,,,,,,,,,99.0,,299.99,,Electra Sugar Skulls 1 (20-inch) - Girl's - 2017,2017.0,,,
1.0,,products.csv,1.0,,,,,,,,,,,,,,,,,,,100.0,,489.99,,Electra Townie 3i EQ (20-inch) - Boys' - 2017,2017.0,,,
1.0,,products.csv,1.0,,,,,,,,,,,,,,,,,,,101.0,,339.99,,Electra Townie 7D (20-inch) - Boys' - 2017,2017.0,,,
1.0,,products.csv,2.0,,,,,,,,,,,,,,,,,,,102.0,,489.99,,Electra Townie Original 7D - 2017,2017.0,,,
7.0,,products.csv,2.0,,,,,,,,,,,,,,,,,,,103.0,,551.99,,Sun Bicycles Streamway 3 - 2017,2017.0,,,
7.0,,products.csv,2.0,,,,,,,,,,,,,,,,,,,104.0,,481.99,,Sun Bicycles Streamway - 2017,2017.0,,,
7.0,,products.csv,2.0,,,,,,,,,,,,,,,,,,,105.0,,533.99,,Sun Bicycles Streamway 7 - 2017,2017.0,,,
7.0,,products.csv,2.0,,,,,,,,,,,,,,,,,,,106.0,,449.99,,Sun Bicycles Cruz 3 - 2017,2017.0,,,
7.0,,products.csv,2.0,,,,,,,,,,,,,,,,,,,107.0,,416.99,,Sun Bicycles Cruz 7 - 2017,2017.0,,,
7.0,,products.csv,2.0,,,,,,,,,,,,,,,,,,,108.0,,449.99,,Sun Bicycles Cruz 3 - Women's - 2017,2017.0,,,
7.0,,products.csv,2.0,,,,,,,,,,,,,,,,,,,109.0,,416.99,,Sun Bicycles Cruz 7 - Women's - 2017,2017.0,,,
7.0,,products.csv,2.0,,,,,,,,,,,,,,,,,,,110.0,,470.99,,Sun Bicycles Drifter 7 - 2017,2017.0,,,
7.0,,products.csv,2.0,,,,,,,,,,,,,,,,,,,111.0,,470.99,,Sun Bicycles Drifter 7 - Women's - 2017,2017.0,,,
9.0,,products.csv,6.0,,,,,,,,,,,,,,,,,,,112.0,,379.99,,Trek 820 - 2018,2018.0,,,
9.0,,products.csv,6.0,,,,,,,,,,,,,,,,,,,113.0,,489.99,,Trek Marlin 5 - 2018,2018.0,,,
9.0,,products.csv,6.0,,,,,,,,,,,,,,,,,,,114.0,,579.99,,Trek Marlin 6 - 2018,2018.0,,,
9.0,,products.csv,6.0,,,,,,,,,,,,,,,,,,,115.0,,3199.99,,Trek Fuel EX 8 29 - 2018,2018.0,,,
9.0,,products.csv,6.0,,,,,,,,,,,,,,,,,,,116.0,,749.99,,Trek Marlin 7 - 2017/2018,2018.0,,,
9.0,,products.csv,6.0,,,,,,,,,,,,,,,,,,,117.0,,1469.99,,Trek Ticket S Frame - 2018,2018.0,,,
9.0,,products.csv,6.0,,,,,,,,,,,,,,,,,,,118.0,,999.99,,Trek X-Caliber 8 - 2018,2018.0,,,
9.0,,products.csv,6.0,,,,,,,,,,,,,,,,,,,119.0,,469.99,,Trek Kids' Neko - 2018,2018.0,,,
9.0,,products.csv,6.0,,,,,,,,,,,,,,,,,,,120.0,,2499.99,,Trek Fuel EX 7 29 - 2018,2018.0,,,
8.0,,products.csv,6.0,,,,,,,,,,,,,,,,,,,121.0,,2499.99,,Surly Krampus Frameset - 2018,2018.0,,,
8.0,,products.csv,6.0,,,,,,,,,,,,,,,,,,,122.0,,2499.99,,Surly Troll Frameset - 2018,2018.0,,,
9.0,,products.csv,6.0,,,,,,,,,,,,,,,,,,,123.0,,999.99,,Trek Farley Carbon Frameset - 2018,2018.0,,,
8.0,,products.csv,6.0,,,,,,,,,,,,,,,,,,,124.0,,1499.0,,Surly Krampus - 2018,2018.0,,,
9.0,,products.csv,6.0,,,,,,,,,,,,,,,,,,,125.0,,469.99,,Trek Kids' Dual Sport - 2018,2018.0,,,
8.0,,products.csv,6.0,,,,,,,,,,,,,,,,,,,126.0,,469.99,,Surly Big Fat Dummy Frameset - 2018,2018.0,,,
8.0,,products.csv,6.0,,,,,,,,,,,,,,,,,,,127.0,,469.99,,Surly Pack Rat Frameset - 2018,2018.0,,,
8.0,,products.csv,6.0,,,,,,,,,,,,,,,,,,,128.0,,1899.0,,Surly ECR 27.5 - 2018,2018.0,,,
9.0,,products.csv,6.0,,,,,,,,,,,,,,,,,,,129.0,,919.99,,Trek X-Caliber 7 - 2018,2018.0,,,
9.0,,products.csv,6.0,,,,,,,,,,,,,,,,,,,130.0,,919.99,,Trek Stache Carbon Frameset - 2018,2018.0,,,
3.0,,products.csv,6.0,,,,,,,,,,,,,,,,,,,131.0,,2599.0,,Heller Bloodhound Trail - 2018,2018.0,,,
9.0,,products.csv,6.0,,,,,,,,,,,,,,,,,,,132.0,,1499.99,,Trek Procal AL Frameset - 2018,2018.0,,,
9.0,,products.csv,6.0,,,,,,,,,,,,,,,,,,,133.0,,1499.99,,Trek Procaliber Frameset - 2018,2018.0,,,
9.0,,products.csv,6.0,,,,,,,,,,,,,,,,,,,134.0,,1499.99,,Trek Remedy 27.5 C Frameset - 2018,2018.0,,,
9.0,,products.csv,6.0,,,,,,,,,,,,,,,,,,,135.0,,1499.99,,Trek X-Caliber Frameset - 2018,2018.0,,,
9.0,,products.csv,6.0,,,,,,,,,,,,,,,,,,,136.0,,1799.99,,Trek Procaliber 6 - 2018,2018.0,,,
3.0,,products.csv,6.0,,,,,,,,,,,,,,,,,,,137.0,,2599.0,,Heller Shagamaw GX1 - 2018,2018.0,,,
9.0,,products.csv,6.0,,,,,,,,,,,,,,,,,,,138.0,,2249.99,,Trek Fuel EX 5 Plus - 2018,2018.0,,,
9.0,,products.csv,6.0,,,,,,,,,,,,,,,,,,,139.0,,2999.99,,Trek Remedy 7 27.5 - 2018,2018.0,,,
9.0,,products.csv,6.0,,,,,,,,,,,,,,,,,,,140.0,,4999.99,,Trek Remedy 9.8 27.5 - 2018,2018.0,,,
9.0,,products.csv,6.0,,,,,,,,,,,,,,,,,,,141.0,,1599.99,,Trek Stache 5 - 2018,2018.0,,,
9.0,,products.csv,6.0,,,,,,,,,,,,,,,,,,,142.0,,3199.99,,Trek Fuel EX 8 29 XT - 2018,2018.0,,,
9.0,,products.csv,7.0,,,,,,,,,,,,,,,,,,,143.0,,1099.99,,Trek Domane ALR 3 - 2018,2018.0,,,
9.0,,products.csv,7.0,,,,,,,,,,,,,,,,,,,144.0,,1549.99,,Trek Domane ALR 4 Disc - 2018,2018.0,,,
9.0,,products.csv,7.0,,,,,,,,,,,,,,,,,,,145.0,,1799.99,,Trek Domane ALR 5 Disc - 2018,2018.0,,,
9.0,,products.csv,7.0,,,,,,,,,,,,,,,,,,,146.0,,4999.99,,Trek Domane SLR 6 - 2018,2018.0,,,
9.0,,products.csv,7.0,,,,,,,,,,,,,,,,,,,147.0,,1799.99,,Trek Domane ALR 5 Gravel - 2018,2018.0,,,
9.0,,products.csv,7.0,,,,,,,,,,,,,,,,,,,148.0,,5499.99,,Trek Domane SL 8 Disc - 2018,2018.0,,,
9.0,,products.csv,7.0,,,,,,,,,,,,,,,,,,,149.0,,7499.99,,Trek Domane SLR 8 Disc - 2018,2018.0,,,
9.0,,products.csv,7.0,,,,,,,,,,,,,,,,,,,150.0,,4499.99,,Trek Emonda SL 7 - 2018,2018.0,,,
9.0,,products.csv,7.0,,,,,,,,,,,,,,,,,,,151.0,,1549.99,,Trek Domane ALR 4 Disc Women's - 2018,2018.0,,,
9.0,,products.csv,7.0,,,,,,,,,,,,,,,,,,,152.0,,2499.99,,Trek Domane SL 5 Disc Women's - 2018,2018.0,,,
9.0,,products.csv,7.0,,,,,,,,,,,,,,,,,,,153.0,,4999.99,,Trek Domane SL 7 Women's - 2018,2018.0,,,
9.0,,products.csv,7.0,,,,,,,,,,,,,,,,,,,154.0,,5499.99,,Trek Domane SLR 6 Disc Women's - 2018,2018.0,,,
9.0,,products.csv,7.0,,,,,,,,,,,,,,,,,,,155.0,,11999.99,,Trek Domane SLR 9 Disc - 2018,2018.0,,,
9.0,,products.csv,7.0,,,,,,,,,,,,,,,,,,,156.0,,6499.99,,Trek Domane SL Frameset - 2018,2018.0,,,
9.0,,products.csv,7.0,,,,,,,,,,,,,,,,,,,157.0,,6499.99,,Trek Domane SL Frameset Women's - 2018,2018.0,,,
9.0,,products.csv,7.0,,,,,,,,,,,,,,,,,,,158.0,,959.99,,Trek CrossRip 1 - 2018,2018.0,,,
9.0,,products.csv,7.0,,,,,,,,,,,,,,,,,,,159.0,,2299.99,,Trek Emonda ALR 6 - 2018,2018.0,,,
9.0,,products.csv,7.0,,,,,,,,,,,,,,,,,,,160.0,,4499.99,,Trek Emonda SLR 6 - 2018,2018.0,,,
8.0,,products.csv,7.0,,,,,,,,,,,,,,,,,,,161.0,,1899.0,,Surly ECR - 2018,2018.0,,,
9.0,,products.csv,7.0,,,,,,,,,,,,,,,,,,,162.0,,2999.99,,Trek Emonda SL 6 Disc - 2018,2018.0,,,
8.0,,products.csv,7.0,,,,,,,,,,,,,,,,,,,163.0,,1349.0,,Surly Pack Rat - 2018,2018.0,,,
8.0,,products.csv,7.0,,,,,,,,,,,,,,,,,,,164.0,,1549.0,,Surly Straggler 650b - 2018,2018.0,,,
9.0,,products.csv,7.0,,,,,,,,,,,,,,,,,,,165.0,,2499.99,,Trek 1120 - 2018,2018.0,,,
9.0,,products.csv,7.0,,,,,,,,,,,,,,,,,,,166.0,,749.99,,Trek Domane AL 2 Women's - 2018,2018.0,,,
8.0,,products.csv,7.0,,,,,,,,,,,,,,,,,,,167.0,,749.99,,Surly ECR Frameset - 2018,2018.0,,,
8.0,,products.csv,7.0,,,,,,,,,,,,,,,,,,,168.0,,1549.0,,Surly Straggler - 2018,2018.0,,,
9.0,,products.csv,7.0,,,,,,,,,,,,,,,,,,,169.0,,6499.99,,Trek Emonda SLR 8 - 2018,2018.0,,,
9.0,,products.csv,7.0,,,,,,,,,,,,,,,,,,,170.0,,1299.99,,Trek CrossRip 2 - 2018,2018.0,,,
9.0,,products.csv,7.0,,,,,,,,,,,,,,,,,,,171.0,,3199.99,,Trek Domane SL 6 - 2018,2018.0,,,
9.0,,products.csv,7.0,,,,,,,,,,,,,,,,,,,172.0,,3199.99,,Trek Domane ALR Disc Frameset - 2018,2018.0,,,
9.0,,products.csv,7.0,,,,,,,,,,,,,,,,,,,173.0,,3199.99,,Trek Domane ALR Frameset - 2018,2018.0,,,
9.0,,products.csv,7.0,,,,,,,,,,,,,,,,,,,174.0,,3199.99,,Trek Domane SLR Disc Frameset - 2018,2018.0,,,
9.0,,products.csv,7.0,,,,,,,,,,,,,,,,,,,175.0,,3199.99,,Trek Domane SLR Frameset - 2018,2018.0,,,
9.0,,products.csv,7.0,,,,,,,,,,,,,,,,,,,176.0,,3199.99,,Trek Madone 9 Frameset - 2018,2018.0,,,
9.0,,products.csv,7.0,,,,,,,,,,,,,,,,,,,177.0,,5499.99,,Trek Domane SLR 6 Disc - 2018,2018.0,,,
9.0,,products.csv,7.0,,,,,,,,,,,,,,,,,,,178.0,,749.99,,Trek Domane AL 2 - 2018,2018.0,,,
9.0,,products.csv,7.0,,,,,,,,,,,,,,,,,,,179.0,,919.99,,Trek Domane AL 3 - 2018,2018.0,,,
9.0,,products.csv,7.0,,,,,,,,,,,,,,,,,,,180.0,,919.99,,Trek Domane AL 3 Women's - 2018,2018.0,,,
9.0,,products.csv,7.0,,,,,,,,,,,,,,,,,,,181.0,,2199.99,,Trek Domane SL 5 - 2018,2018.0,,,
9.0,,products.csv,7.0,,,,,,,,,,,,,,,,,,,182.0,,2499.99,,Trek Domane SL 5 Disc - 2018,2018.0,,,
9.0,,products.csv,7.0,,,,,,,,,,,,,,,,,,,183.0,,2199.99,,Trek Domane SL 5 Women's - 2018,2018.0,,,
9.0,,products.csv,7.0,,,,,,,,,,,,,,,,,,,184.0,,3499.99,,Trek Domane SL 6 Disc - 2018,2018.0,,,
9.0,,products.csv,5.0,,,,,,,,,,,,,,,,,,,185.0,,2799.99,,Trek Conduit+ - 2018,2018.0,,,
9.0,,products.csv,5.0,,,,,,,,,,,,,,,,,,,186.0,,4499.99,,Trek CrossRip+ - 2018,2018.0,,,
9.0,,products.csv,5.0,,,,,,,,,,,,,,,,,,,187.0,,2799.99,,Trek Neko+ - 2018,2018.0,,,
9.0,,products.csv,5.0,,,,,,,,,,,,,,,,,,,188.0,,3499.99,,Trek XM700+ Lowstep - 2018,2018.0,,,
9.0,,products.csv,5.0,,,,,,,,,,,,,,,,,,,189.0,,2799.99,,Trek Lift+ Lowstep - 2018,2018.0,,,
9.0,,products.csv,5.0,,,,,,,,,,,,,,,,,,,190.0,,2799.99,,Trek Dual Sport+ - 2018,2018.0,,,
1.0,,products.csv,5.0,,,,,,,,,,,,,,,,,,,191.0,,2799.99,,Electra Loft Go! 8i - 2018,2018.0,,,
1.0,,products.csv,5.0,,,,,,,,,,,,,,,,,,,192.0,,2599.99,,Electra Townie Go! 8i - 2017/2018,2018.0,,,
9.0,,products.csv,5.0,,,,,,,,,,,,,,,,,,,193.0,,2799.99,,Trek Lift+ - 2018,2018.0,,,
9.0,,products.csv,5.0,,,,,,,,,,,,,,,,,,,194.0,,3499.99,,Trek XM700+ - 2018,2018.0,,,
1.0,,products.csv,5.0,,,,,,,,,,,,,,,,,,,195.0,,2599.99,,Electra Townie Go! 8i Ladies' - 2018,2018.0,,,
9.0,,products.csv,5.0,,,,,,,,,,,,,,,,,,,196.0,,2299.99,,Trek Verve+ - 2018,2018.0,,,
9.0,,products.csv,5.0,,,,,,,,,,,,,,,,,,,197.0,,2299.99,,Trek Verve+ Lowstep - 2018,2018.0,,,
1.0,,products.csv,5.0,,,,,,,,,,,,,,,,,,,198.0,,2999.99,,Electra Townie Commute Go! - 2018,2018.0,,,
1.0,,products.csv,5.0,,,,,,,,,,,,,,,,,,,199.0,,2999.99,,Electra Townie Commute Go! Ladies' - 2018,2018.0,,,
9.0,,products.csv,5.0,,,,,,,,,,,,,,,,,,,200.0,,3499.99,,Trek Powerfly 5 - 2018,2018.0,,,
9.0,,products.csv,5.0,,,,,,,,,,,,,,,,,,,201.0,,4499.99,,Trek Powerfly 5 FS - 2018,2018.0,,,
9.0,,products.csv,5.0,,,,,,,,,,,,,,,,,,,202.0,,3499.99,,Trek Powerfly 5 Women's - 2018,2018.0,,,
9.0,,products.csv,5.0,,,,,,,,,,,,,,,,,,,203.0,,4999.99,,Trek Powerfly 7 FS - 2018,2018.0,,,
9.0,,products.csv,5.0,,,,,,,,,,,,,,,,,,,204.0,,3599.99,,Trek Super Commuter+ 7 - 2018,2018.0,,,
9.0,,products.csv,5.0,,,,,,,,,,,,,,,,,,,205.0,,4999.99,,Trek Super Commuter+ 8S - 2018,2018.0,,,
9.0,,products.csv,4.0,,,,,,,,,,,,,,,,,,,206.0,,3299.99,,Trek Boone 5 Disc - 2018,2018.0,,,
9.0,,products.csv,4.0,,,,,,,,,,,,,,,,,,,207.0,,3999.99,,Trek Boone 7 Disc - 2018,2018.0,,,
9.0,,products.csv,4.0,,,,,,,,,,,,,,,,,,,208.0,,1799.99,,Trek Crockett 5 Disc - 2018,2018.0,,,
9.0,,products.csv,4.0,,,,,,,,,,,,,,,,,,,209.0,,2999.99,,Trek Crockett 7 Disc - 2018,2018.0,,,
8.0,,products.csv,4.0,,,,,,,,,,,,,,,,,,,210.0,,1549.0,,Surly Straggler - 2018,2018.0,,,
8.0,,products.csv,4.0,,,,,,,,,,,,,,,,,,,211.0,,1549.0,,Surly Straggler 650b - 2018,2018.0,,,
1.0,,products.csv,3.0,,,,,,,,,,,,,,,,,,,212.0,,559.99,,Electra Townie Original 21D - 2018,2018.0,,,
1.0,,products.csv,3.0,,,,,,,,,,,,,,,,,,,213.0,,269.99,,Electra Cruiser 1 - 2016/2017/2018,2018.0,,,
1.0,,products.csv,3.0,,,,,,,,,,,,,,,,,,,214.0,,899.99,,Electra Tiger Shark 3i - 2018,2018.0,,,
1.0,,products.csv,3.0,,,,,,,,,,,,,,,,,,,215.0,,749.99,,Electra Queen of Hearts 3i - 2018,2018.0,,,
1.0,,products.csv,3.0,,,,,,,,,,,,,,,,,,,216.0,,899.99,,Electra Super Moto 8i - 2018,2018.0,,,
1.0,,products.csv,3.0,,,,,,,,,,,,,,,,,,,217.0,,909.99,,Electra Straight 8 3i - 2018,2018.0,,,
1.0,,products.csv,3.0,,,,,,,,,,,,,,,,,,,218.0,,319.99,,Electra Cruiser 7D - 2016/2017/2018,2018.0,,,
1.0,,products.csv,3.0,,,,,,,,,,,,,,,,,,,219.0,,639.99,,Electra Moto 3i - 2018,2018.0,,,
1.0,,products.csv,3.0,,,,,,,,,,,,,,,,,,,220.0,,269.99,,Electra Cruiser 1 Ladies' - 2018,2018.0,,,
1.0,,products.csv,3.0,,,,,,,,,,,,,,,,,,,221.0,,319.99,,Electra Cruiser 7D Ladies' - 2016/2018,2018.0,,,
1.0,,products.csv,3.0,,,,,,,,,,,,,,,,,,,222.0,,269.99,,Electra Cruiser 1 Tall - 2016/2018,2018.0,,,
1.0,,products.csv,3.0,,,,,,,,,,,,,,,,,,,223.0,,529.99,,Electra Cruiser Lux 3i - 2018,2018.0,,,
1.0,,products.csv,3.0,,,,,,,,,,,,,,,,,,,224.0,,479.99,,Electra Cruiser Lux 7D - 2018,2018.0,,,
1.0,,products.csv,3.0,,,,,,,,,,,,,,,,,,,225.0,,959.99,,Electra Delivery 3i - 2016/2017/2018,2018.0,,,
1.0,,products.csv,3.0,,,,,,,,,,,,,,,,,,,226.0,,679.99,,Electra Townie Original 21D EQ - 2017/2018,2018.0,,,
1.0,,products.csv,3.0,,,,,,,,,,,,,,,,,,,227.0,,319.99,,Electra Cruiser 7D (24-Inch) Ladies' - 2016/2018,2018.0,,,
1.0,,products.csv,3.0,,,,,,,,,,,,,,,,,,,228.0,,319.99,,Electra Cruiser 7D Tall - 2016/2018,2018.0,,,
1.0,,products.csv,3.0,,,,,,,,,,,,,,,,,,,229.0,,429.99,,Electra Cruiser Lux 1 - 2016/2018,2018.0,,,
1.0,,products.csv,3.0,,,,,,,,,,,,,,,,,,,230.0,,429.99,,Electra Cruiser Lux 1 Ladies' - 2018,2018.0,,,
1.0,,products.csv,3.0,,,,,,,,,,,,,,,,,,,231.0,,529.99,,Electra Cruiser Lux 3i Ladies' - 2018,2018.0,,,
1.0,,products.csv,3.0,,,,,,,,,,,,,,,,,,,232.0,,479.99,,Electra Cruiser Lux 7D Ladies' - 2018,2018.0,,,
1.0,,products.csv,3.0,,,,,,,,,,,,,,,,,,,233.0,,639.99,,Electra Cruiser Lux Fat Tire 7D - 2018,2018.0,,,
1.0,,products.csv,3.0,,,,,,,,,,,,,,,,,,,234.0,,899.99,,Electra Daydreamer 3i Ladies' - 2018,2018.0,,,
1.0,,products.csv,3.0,,,,,,,,,,,,,,,,,,,235.0,,899.99,,Electra Koa 3i Ladies' - 2018,2018.0,,,
1.0,,products.csv,3.0,,,,,,,,,,,,,,,,,,,236.0,,749.99,,Electra Morningstar 3i Ladies' - 2018,2018.0,,,
1.0,,products.csv,3.0,,,,,,,,,,,,,,,,,,,237.0,,849.99,,Electra Relic 3i - 2018,2018.0,,,
1.0,,products.csv,3.0,,,,,,,,,,,,,,,,,,,238.0,,749.99,,Electra Townie Balloon 8D EQ - 2016/2017/2018,2018.0,,,
1.0,,products.csv,3.0,,,,,,,,,,,,,,,,,,,239.0,,749.99,,Electra Townie Balloon 8D EQ Ladies' - 2016/2017/2018,2018.0,,,
1.0,,products.csv,3.0,,,,,,,,,,,,,,,,,,,240.0,,899.99,,Electra Townie Commute 27D Ladies - 2018,2018.0,,,
1.0,,products.csv,3.0,,,,,,,,,,,,,,,,,,,241.0,,749.99,,Electra Townie Commute 8D - 2018,2018.0,,,
1.0,,products.csv,3.0,,,,,,,,,,,,,,,,,,,242.0,,699.99,,Electra Townie Commute 8D Ladies' - 2018,2018.0,,,
1.0,,products.csv,3.0,,,,,,,,,,,,,,,,,,,243.0,,679.99,,Electra Townie Original 21D EQ Ladies' - 2018,2018.0,,,
1.0,,products.csv,3.0,,,,,,,,,,,,,,,,,,,244.0,,559.99,,Electra Townie Original 21D Ladies' - 2018,2018.0,,,
1.0,,products.csv,3.0,,,,,,,,,,,,,,,,,,,245.0,,659.99,,Electra Townie Original 3i EQ - 2017/2018,2018.0,,,
1.0,,products.csv,3.0,,,,,,,,,,,,,,,,,,,246.0,,639.99,,Electra Townie Original 3i EQ Ladies' - 2018,2018.0,,,
1.0,,products.csv,3.0,,,,,,,,,,,,,,,,,,,247.0,,599.99,,Electra Townie Original 7D EQ - 2018,2018.0,,,
1.0,,products.csv,3.0,,,,,,,,,,,,,,,,,,,248.0,,599.99,,Electra Townie Original 7D EQ Ladies' - 2017/2018,2018.0,,,
1.0,,products.csv,3.0,,,,,,,,,,,,,,,,,,,249.0,,749.99,,Electra White Water 3i - 2018,2018.0,,,
1.0,,products.csv,3.0,,,,,,,,,,,,,,,,,,,250.0,,2599.99,,Electra Townie Go! 8i - 2017/2018,2018.0,,,
1.0,,products.csv,3.0,,,,,,,,,,,,,,,,,,,251.0,,2999.99,,Electra Townie Commute Go! - 2018,2018.0,,,
1.0,,products.csv,3.0,,,,,,,,,,,,,,,,,,,252.0,,2999.99,,Electra Townie Commute Go! Ladies' - 2018,2018.0,,,
1.0,,products.csv,3.0,,,,,,,,,,,,,,,,,,,253.0,,2599.99,,Electra Townie Go! 8i Ladies' - 2018,2018.0,,,
1.0,,products.csv,3.0,,,,,,,,,,,,,,,,,,,254.0,,749.99,,Electra Townie Balloon 3i EQ - 2017/2018,2018.0,,,
1.0,,products.csv,3.0,,,,,,,,,,,,,,,,,,,255.0,,899.99,,Electra Townie Balloon 7i EQ Ladies' - 2017/2018,2018.0,,,
1.0,,products.csv,3.0,,,,,,,,,,,,,,,,,,,256.0,,899.99,,Electra Townie Commute 27D - 2018,2018.0,,,
1.0,,products.csv,3.0,,,,,,,,,,,,,,,,,,,257.0,,899.99,,Electra Amsterdam Fashion 3i Ladies' - 2017/2018,2018.0,,,
1.0,,products.csv,3.0,,,,,,,,,,,,,,,,,,,258.0,,1259.9,,Electra Amsterdam Royal 8i - 2017/2018,2018.0,,,
1.0,,products.csv,3.0,,,,,,,,,,,,,,,,,,,259.0,,1199.99,,Electra Amsterdam Royal 8i Ladies - 2018,2018.0,,,
1.0,,products.csv,3.0,,,,,,,,,,,,,,,,,,,260.0,,799.99,,Electra Townie Balloon 3i EQ Ladies' - 2018,2018.0,,,
1.0,,products.csv,3.0,,,,,,,,,,,,,,,,,,,261.0,,899.99,,Electra Townie Balloon 7i EQ - 2018,2018.0,,,
9.0,,products.csv,1.0,,,,,,,,,,,,,,,,,,,262.0,,249.99,,Trek MT 201 - 2018,2018.0,,,
6.0,,products.csv,1.0,,,,,,,,,,,,,,,,,,,263.0,,89.99,,Strider Classic 12 Balance Bike - 2018,2018.0,,,
6.0,,products.csv,1.0,,,,,,,,,,,,,,,,,,,264.0,,249.99,,Strider Sport 16 - 2018,2018.0,,,
6.0,,products.csv,1.0,,,,,,,,,,,,,,,,,,,265.0,,289.99,,Strider Strider 20 Sport - 2018,2018.0,,,
9.0,,products.csv,1.0,,,,,,,,,,,,,,,,,,,266.0,,399.99,,Trek Superfly 20 - 2018,2018.0,,,
9.0,,products.csv,1.0,,,,,,,,,,,,,,,,,,,267.0,,199.99,,Trek Precaliber 12 Girl's - 2018,2018.0,,,
9.0,,products.csv,1.0,,,,,,,,,,,,,,,,,,,268.0,,159.99,,Trek Kickster - 2018,2018.0,,,
9.0,,products.csv,1.0,,,,,,,,,,,,,,,,,,,269.0,,199.99,,Trek Precaliber 12 Boy's - 2018,2018.0,,,
9.0,,products.csv,1.0,,,,,,,,,,,,,,,,,,,270.0,,209.99,,Trek Precaliber 16 Boy's - 2018,2018.0,,,
9.0,,products.csv,1.0,,,,,,,,,,,,,,,,,,,271.0,,209.99,,Trek Precaliber 16 Girl's - 2018,2018.0,,,
9.0,,products.csv,1.0,,,,,,,,,,,,,,,,,,,272.0,,289.99,,Trek Precaliber 20 6-speed Boy's - 2018,2018.0,,,
9.0,,products.csv,1.0,,,,,,,,,,,,,,,,,,,273.0,,289.99,,Trek Precaliber 20 6-speed Girl's - 2018,2018.0,,,
9.0,,products.csv,1.0,,,,,,,,,,,,,,,,,,,274.0,,229.99,,Trek Precaliber 20 Boy's - 2018,2018.0,,,
9.0,,products.csv,1.0,,,,,,,,,,,,,,,,,,,275.0,,229.99,,Trek Precaliber 20 Girl's - 2018,2018.0,,,
9.0,,products.csv,1.0,,,,,,,,,,,,,,,,,,,276.0,,319.99,,Trek Precaliber 24 (7-Speed) - Boys - 2018,2018.0,,,
9.0,,products.csv,1.0,,,,,,,,,,,,,,,,,,,277.0,,369.99,,Trek Precaliber 24 21-speed Boy's - 2018,2018.0,,,
9.0,,products.csv,1.0,,,,,,,,,,,,,,,,,,,278.0,,369.99,,Trek Precaliber 24 21-speed Girl's - 2018,2018.0,,,
9.0,,products.csv,1.0,,,,,,,,,,,,,,,,,,,279.0,,319.99,,Trek Precaliber 24 7-speed Girl's - 2018,2018.0,,,
9.0,,products.csv,1.0,,,,,,,,,,,,,,,,,,,280.0,,489.99,,Trek Superfly 24 - 2017/2018,2018.0,,,
1.0,,products.csv,1.0,,,,,,,,,,,,,,,,,,,281.0,,319.99,,Electra Cruiser 7D (24-Inch) Ladies' - 2016/2018,2018.0,,,
1.0,,products.csv,1.0,,,,,,,,,,,,,,,,,,,282.0,,279.99,,Electra Cyclosaurus 1 (16-inch) - Boy's - 2018,2018.0,,,
1.0,,products.csv,1.0,,,,,,,,,,,,,,,,,,,283.0,,319.99,,Electra Heartchya 1 (20-inch) - Girl's - 2018,2018.0,,,
1.0,,products.csv,1.0,,,,,,,,,,,,,,,,,,,284.0,,319.99,,Electra Savannah 1 (20-inch) - Girl's - 2018,2018.0,,,
1.0,,products.csv,1.0,,,,,,,,,,,,,,,,,,,285.0,,279.99,,Electra Soft Serve 1 (16-inch) - Girl's - 2018,2018.0,,,
1.0,,products.csv,1.0,,,,,,,,,,,,,,,,,,,286.0,,279.99,,"Electra Starship 1 16"" - 2018",2018.0,,,
1.0,,products.csv,1.0,,,,,,,,,,,,,,,,,,,287.0,,279.99,,Electra Straight 8 1 (16-inch) - Boy's - 2018,2018.0,,,
1.0,,products.csv,1.0,,,,,,,,,,,,,,,,,,,288.0,,389.99,,Electra Straight 8 1 (20-inch) - Boy's - 2018,2018.0,,,
1.0,,products.csv,1.0,,,,,,,,,,,,,,,,,,,289.0,,319.99,,"Electra Superbolt 1 20"" - 2018",2018.0,,,
1.0,,products.csv,1.0,,,,,,,,,,,,,,,,,,,290.0,,369.99,,"Electra Superbolt 3i 20"" - 2018",2018.0,,,
1.0,,products.csv,1.0,,,,,,,,,,,,,,,,,,,291.0,,319.99,,Electra Sweet Ride 1 (20-inch) - Girl's - 2018,2018.0,,,
1.0,,products.csv,1.0,,,,,,,,,,,,,,,,,,,292.0,,369.99,,Electra Sweet Ride 3i (20-inch) - Girls' - 2018,2018.0,,,
1.0,,products.csv,1.0,,,,,,,,,,,,,,,,,,,293.0,,319.99,,Electra Tiger Shark 1 (20-inch) - Boys' - 2018,2018.0,,,
1.0,,products.csv,1.0,,,,,,,,,,,,,,,,,,,294.0,,369.99,,Electra Tiger Shark 3i (20-inch) - Boys' - 2018,2018.0,,,
1.0,,products.csv,1.0,,,,,,,,,,,,,,,,,,,295.0,,319.99,,"Electra Treasure 1 20"" - 2018",2018.0,,,
1.0,,products.csv,1.0,,,,,,,,,,,,,,,,,,,296.0,,369.99,,"Electra Treasure 3i 20"" - 2018",2018.0,,,
1.0,,products.csv,1.0,,,,,,,,,,,,,,,,,,,297.0,,279.99,,"Electra Under-The-Sea 1 16"" - 2018",2018.0,,,
1.0,,products.csv,1.0,,,,,,,,,,,,,,,,,,,298.0,,279.99,,Electra Water Lily 1 (16-inch) - Girl's - 2018,2018.0,,,
1.0,,products.csv,2.0,,,,,,,,,,,,,,,,,,,299.0,,559.99,,Electra Townie Original 21D - 2018,2018.0,,,
1.0,,products.csv,2.0,,,,,,,,,,,,,,,,,,,300.0,,799.99,,Electra Townie Balloon 3i EQ Ladies' - 2018,2018.0,,,
1.0,,products.csv,2.0,,,,,,,,,,,,,,,,,,,301.0,,899.99,,Electra Townie Balloon 7i EQ - 2018,2018.0,,,
1.0,,products.csv,2.0,,,,,,,,,,,,,,,,,,,302.0,,449.99,,Electra Townie Original 1 - 2018,2018.0,,,
1.0,,products.csv,2.0,,,,,,,,,,,,,,,,,,,303.0,,2599.99,,Electra Townie Go! 8i - 2017/2018,2018.0,,,
1.0,,products.csv,2.0,,,,,,,,,,,,,,,,,,,304.0,,679.99,,Electra Townie Original 21D EQ - 2017/2018,2018.0,,,
1.0,,products.csv,2.0,,,,,,,,,,,,,,,,,,,305.0,,749.99,,Electra Townie Balloon 3i EQ - 2017/2018,2018.0,,,
1.0,,products.csv,2.0,,,,,,,,,,,,,,,,,,,306.0,,899.99,,Electra Townie Balloon 7i EQ Ladies' - 2017/2018,2018.0,,,
1.0,,products.csv,2.0,,,,,,,,,,,,,,,,,,,307.0,,749.99,,Electra Townie Balloon 8D EQ - 2016/2017/2018,2018.0,,,
1.0,,products.csv,2.0,,,,,,,,,,,,,,,,,,,308.0,,749.99,,Electra Townie Balloon 8D EQ Ladies' - 2016/2017/2018,2018.0,,,
1.0,,products.csv,2.0,,,,,,,,,,,,,,,,,,,309.0,,899.99,,Electra Townie Commute 27D - 2018,2018.0,,,
1.0,,products.csv,2.0,,,,,,,,,,,,,,,,,,,310.0,,899.99,,Electra Townie Commute 27D Ladies - 2018,2018.0,,,
1.0,,products.csv,2.0,,,,,,,,,,,,,,,,,,,311.0,,749.99,,Electra Townie Commute 8D - 2018,2018.0,,,
1.0,,products.csv,2.0,,,,,,,,,,,,,,,,,,,312.0,,699.99,,Electra Townie Commute 8D Ladies' - 2018,2018.0,,,
1.0,,products.csv,2.0,,,,,,,,,,,,,,,,,,,313.0,,449.99,,Electra Townie Original 1 Ladies' - 2018,2018.0,,,
1.0,,products.csv,2.0,,,,,,,,,,,,,,,,,,,314.0,,679.99,,Electra Townie Original 21D EQ Ladies' - 2018,2018.0,,,
1.0,,products.csv,2.0,,,,,,,,,,,,,,,,,,,315.0,,559.99,,Electra Townie Original 21D Ladies' - 2018,2018.0,,,
9.0,,products.csv,7.0,,,,,,,,,,,,,,,,,,,316.0,,1699.99,,Trek Checkpoint ALR 4 Women's - 2019,2019.0,,,
9.0,,products.csv,7.0,,,,,,,,,,,,,,,,,,,317.0,,1999.99,,Trek Checkpoint ALR 5 - 2019,2019.0,,,
9.0,,products.csv,7.0,,,,,,,,,,,,,,,,,,,318.0,,1999.99,,Trek Checkpoint ALR 5 Women's - 2019,2019.0,,,
9.0,,products.csv,7.0,,,,,,,,,,,,,,,,,,,319.0,,2799.99,,Trek Checkpoint SL 5 Women's - 2019,2019.0,,,
9.0,,products.csv,7.0,,,,,,,,,,,,,,,,,,,320.0,,3799.99,,Trek Checkpoint SL 6 - 2019,2019.0,,,
9.0,,products.csv,7.0,,,,,,,,,,,,,,,,,,,321.0,,3199.99,,Trek Checkpoint ALR Frameset - 2019,2019.0,,,
,,staffs.csv,,,,Fabiola,Jackson,(831) 555-5554,fabiola.jackson@bikes.shop,,,,,,,,,,1.0,1.0,,,,,,,,1.0,,
,,staffs.csv,,,,Mireya,Copeland,(831) 555-5555,mireya.copeland@bikes.shop,,,,,,,,,,1.0,2.0,,,,,,,,1.0,1.0,
,,staffs.csv,,,,Genna,Serrano,(831) 555-5556,genna.serrano@bikes.shop,,,,,,,,,,1.0,3.0,,,,,,,,1.0,2.0,
,,staffs.csv,,,,Virgie,Wiggins,(831) 555-5557,virgie.wiggins@bikes.shop,,,,,,,,,,1.0,4.0,,,,,,,,1.0,2.0,
,,staffs.csv,,,,Jannette,David,(516) 379-4444,jannette.david@bikes.shop,,,,,,,,,,2.0,5.0,,,,,,,,1.0,1.0,
,,staffs.csv,,,,Marcelene,Boyer,(516) 379-4445,marcelene.boyer@bikes.shop,,,,,,,,,,2.0,6.0,,,,,,,,1.0,5.0,
,,staffs.csv,,,,Venita,Daniel,(516) 379-4446,venita.daniel@bikes.shop,,,,,,,,,,2.0,7.0,,,,,,,,1.0,5.0,
,,staffs.csv,,,,Kali,Vargas,(972) 530-5555,kali.vargas@bikes.shop,,,,,,,,,,3.0,8.0,,,,,,,,1.0,1.0,
,,staffs.csv,,,,Layla,Terrell,(972) 530-5556,layla.terrell@bikes.shop,,,,,,,,,,3.0,9.0,,,,,,,,1.0,7.0,
,,staffs.csv,,,,Bernardine,Houston,(972) 530-5557,bernardine.houston@bikes.shop,,,,,,,,,,3.0,10.0,,,,,,,,1.0,7.0,
,,stocks.csv,,,,,,,,,,,,,,,,,1.0,,,1.0,27.0,,,,,,,
,,stocks.csv,,,,,,,,,,,,,,,,,1.0,,,2.0,5.0,,,,,,,
,,stocks.csv,,,,,,,,,,,,,,,,,1.0,,,3.0,6.0,,,,,,,
,,stocks.csv,,,,,,,,,,,,,,,,,1.0,,,4.0,23.0,,,,,,,
,,stocks.csv,,,,,,,,,,,,,,,,,1.0,,,5.0,22.0,,,,,,,
,,stocks.csv,,,,,,,,,,,,,,,,,1.0,,,6.0,0.0,,,,,,,
,,stocks.csv,,,,,,,,,,,,,,,,,1.0,,,7.0,8.0,,,,,,,
,,stocks.csv,,,,,,,,,,,,,,,,,1.0,,,8.0,0.0,,,,,,,
,,stocks.csv,,,,,,,,,,,,,,,,,1.0,,,9.0,11.0,,,,,,,
,,stocks.csv,,,,,,,,,,,,,,,,,1.0,,,10.0,15.0,,,,,,,
,,stocks.csv,,,,,,,,,,,,,,,,,1.0,,,11.0,8.0,,,,,,,
,,stocks.csv,,,,,,,,,,,,,,,,,1.0,,,12.0,16.0,,,,,,,
,,stocks.csv,,,,,,,,,,,,,,,,,1.0,,,13.0,13.0,,,,,,,
,,stocks.csv,,,,,,,,,,,,,,,,,1.0,,,14.0,8.0,,,,,,,
,,stocks.csv,,,,,,,,,,,,,,,,,1.0,,,15.0,3.0,,,,,,,
,,stocks.csv,,,,,,,,,,,,,,,,,1.0,,,16.0,4.0,,,,,,,
,,stocks.csv,,,,,,,,,,,,,,,,,1.0,,,17.0,2.0,,,,,,,
,,stocks.csv,,,,,,,,,,,,,,,,,1.0,,,18.0,16.0,,,,,,,
,,stocks.csv,,,,,,,,,,,,,,,,,1.0,,,19.0,4.0,,,,,,,
,,stocks.csv,,,,,,,,,,,,,,,,,1.0,,,20.0,26.0,,,,,,,
,,stocks.csv,,,,,,,,,,,,,,,,,1.0,,,21.0,24.0,,,,,,,
,,stocks.csv,,,,,,,,,,,,,,,,,1.0,,,22.0,29.0,,,,,,,
,,stocks.csv,,,,,,,,,,,,,,,,,1.0,,,23.0,9.0,,,,,,,
,,stocks.csv,,,,,,,,,,,,,,,,,1.0,,,24.0,10.0,,,,,,,
,,stocks.csv,,,,,,,,,,,,,,,,,1.0,,,25.0,10.0,,,,,,,
,,stocks.csv,,,,,,,,,,,,,,,,,1.0,,,26.0,16.0,,,,,,,
,,stocks.csv,,,,,,,,,,,,,,,,,1.0,,,27.0,21.0,,,,,,,
,,stocks.csv,,,,,,,,,,,,,,,,,1.0,,,28.0,20.0,,,,,,,
,,stocks.csv,,,,,,,,,,,,,,,,,1.0,,,29.0,13.0,,,,,,,
,,stocks.csv,,,,,,,,,,,,,,,,,1.0,,,30.0,30.0,,,,,,,
,,stocks.csv,,,,,,,,,,,,,,,,,1.0,,,31.0,2.0,,,,,,,
,,stocks.csv,,,,,,,,,,,,,,,,,1.0,,,32.0,0.0,,,,,,,
,,stocks.csv,,,,,,,,,,,,,,,,,1.0,,,33.0,10.0,,,,,,,
,,stocks.csv,,,,,,,,,,,,,,,,,1.0,,,34.0,2.0,,,,,,,
,,stocks.csv,,,,,,,,,,,,,,,,,1.0,,,35.0,18.0,,,,,,,
,,stocks.csv,,,,,,,,,,,,,,,,,1.0,,,36.0,26.0,,,,,,,
,,stocks.csv,,,,,,,,,,,,,,,,,1.0,,,37.0,12.0,,,,,,,
,,stocks.csv,,,,,,,,,,,,,,,,,1.0,,,38.0,13.0,,,,,,,
,,stocks.csv,,,,,,,,,,,,,,,,,1.0,,,39.0,2.0,,,,,,,
,,stocks.csv,,,,,,,,,,,,,,,,,1.0,,,40.0,24.0,,,,,,,
,,stocks.csv,,,,,,,,,,,,,,,,,1.0,,,41.0,10.0,,,,,,,
,,stocks.csv,,,,,,,,,,,,,,,,,1.0,,,42.0,0.0,,,,,,,
,,stocks.csv,,,,,,,,,,,,,,,,,1.0,,,43.0,2.0,,,,,,,
,,stocks.csv,,,,,,,,,,,,,,,,,1.0,,,44.0,1.0,,,,,,,
,,stocks.csv,,,,,,,,,,,,,,,,,1.0,,,45.0,15.0,,,,,,,
,,stocks.csv,,,,,,,,,,,,,,,,,1.0,,,46.0,19.0,,,,,,,
,,stocks.csv,,,,,,,,,,,,,,,,,1.0,,,47.0,21.0,,,,,,,
,,stocks.csv,,,,,,,,,,,,,,,,,1.0,,,48.0,5.0,,,,,,,
,,stocks.csv,,,,,,,,,,,,,,,,,1.0,,,49.0,8.0,,,,,,,
,,stocks.csv,,,,,,,,,,,,,,,,,1.0,,,50.0,29.0,,,,,,,
,,stocks.csv,,,,,,,,,,,,,,,,,1.0,,,51.0,2.0,,,,,,,
,,stocks.csv,,,,,,,,,,,,,,,,,1.0,,,52.0,18.0,,,,,,,
,,stocks.csv,,,,,,,,,,,,,,,,,1.0,,,53.0,17.0,,,,,,,
,,stocks.csv,,,,,,,,,,,,,,,,,1.0,,,54.0,11.0,,,,,,,
,,stocks.csv,,,,,,,,,,,,,,,,,1.0,,,55.0,11.0,,,,,,,
,,stocks.csv,,,,,,,,,,,,,,,,,1.0,,,56.0,15.0,,,,,,,
,,stocks.csv,,,,,,,,,,,,,,,,,1.0,,,57.0,1.0,,,,,,,
,,stocks.csv,,,,,,,,,,,,,,,,,1.0,,,58.0,1.0,,,,,,,
,,stocks.csv,,,,,,,,,,,,,,,,,1.0,,,59.0,22.0,,,,,,,
,,stocks.csv,,,,,,,,,,,,,,,,,1.0,,,60.0,19.0,,,,,,,
,,stocks.csv,,,,,,,,,,,,,,,,,1.0,,,61.0,30.0,,,,,,,
,,stocks.csv,,,,,,,,,,,,,,,,,1.0,,,62.0,21.0,,,,,,,
,,stocks.csv,,,,,,,,,,,,,,,,,1.0,,,63.0,4.0,,,,,,,
,,stocks.csv,,,,,,,,,,,,,,,,,1.0,,,64.0,30.0,,,,,,,
,,stocks.csv,,,,,,,,,,,,,,,,,1.0,,,65.0,10.0,,,,,,,
,,stocks.csv,,,,,,,,,,,,,,,,,1.0,,,66.0,12.0,,,,,,,
,,stocks.csv,,,,,,,,,,,,,,,,,1.0,,,67.0,19.0,,,,,,,
,,stocks.csv,,,,,,,,,,,,,,,,,1.0,,,68.0,30.0,,,,,,,
,,stocks.csv,,,,,,,,,,,,,,,,,1.0,,,69.0,4.0,,,,,,,
,,stocks.csv,,,,,,,,,,,,,,,,,1.0,,,70.0,3.0,,,,,,,
,,stocks.csv,,,,,,,,,,,,,,,,,1.0,,,71.0,25.0,,,,,,,
,,stocks.csv,,,,,,,,,,,,,,,,,1.0,,,72.0,9.0,,,,,,,
,,stocks.csv,,,,,,,,,,,,,,,,,1.0,,,73.0,7.0,,,,,,,
,,stocks.csv,,,,,,,,,,,,,,,,,1.0,,,74.0,9.0,,,,,,,
,,stocks.csv,,,,,,,,,,,,,,,,,1.0,,,75.0,23.0,,,,,,,
,,stocks.csv,,,,,,,,,,,,,,,,,1.0,,,76.0,15.0,,,,,,,
,,stocks.csv,,,,,,,,,,,,,,,,,1.0,,,77.0,16.0,,,,,,,
,,stocks.csv,,,,,,,,,,,,,,,,,1.0,,,78.0,13.0,,,,,,,
,,stocks.csv,,,,,,,,,,,,,,,,,1.0,,,79.0,13.0,,,,,,,
,,stocks.csv,,,,,,,,,,,,,,,,,1.0,,,80.0,11.0,,,,,,,
,,stocks.csv,,,,,,,,,,,,,,,,,1.0,,,81.0,25.0,,,,,,,
,,stocks.csv,,,,,,,,,,,,,,,,,1.0,,,82.0,1.0,,,,,,,
,,stocks.csv,,,,,,,,,,,,,,,,,1.0,,,83.0,13.0,,,,,,,
,,stocks.csv,,,,,,,,,,,,,,,,,1.0,,,84.0,11.0,,,,,,,
,,stocks.csv,,,,,,,,,,,,,,,,,1.0,,,85.0,23.0,,,,,,,
,,stocks.csv,,,,,,,,,,,,,,,,,1.0,,,86.0,19.0,,,,,,,
,,stocks.csv,,,,,,,,,,,,,,,,,1.0,,,87.0,27.0,,,,,,,
,,stocks.csv,,,,,,,,,,,,,,,,,1.0,,,88.0,7.0,,,,,,,
,,stocks.csv,,,,,,,,,,,,,,,,,1.0,,,89.0,9.0,,,,,,,
,,stocks.csv,,,,,,,,,,,,,,,,,1.0,,,90.0,4.0,,,,,,,
,,stocks.csv,,,,,,,,,,,,,,,,,1.0,,,91.0,8.0,,,,,,,
,,stocks.csv,,,,,,,,,,,,,,,,,1.0,,,92.0,0.0,,,,,,,
,,stocks.csv,,,,,,,,,,,,,,,,,1.0,,,93.0,22.0,,,,,,,
,,stocks.csv,,,,,,,,,,,,,,,,,1.0,,,94.0,6.0,,,,,,,
,,stocks.csv,,,,,,,,,,,,,,,,,1.0,,,95.0,25.0,,,,,,,
,,stocks.csv,,,,,,,,,,,,,,,,,1.0,,,96.0,20.0,,,,,,,
,,stocks.csv,,,,,,,,,,,,,,,,,1.0,,,97.0,20.0,,,,,,,
,,stocks.csv,,,,,,,,,,,,,,,,,1.0,,,98.0,28.0,,,,,,,
,,stocks.csv,,,,,,,,,,,,,,,,,1.0,,,99.0,28.0,,,,,,,
,,stocks.csv,,,,,,,,,,,,,,,,,1.0,,,100.0,15.0,,,,,,,
,,stocks.csv,,,,,,,,,,,,,,,,,1.0,,,101.0,17.0,,,,,,,
,,stocks.csv,,,,,,,,,,,,,,,,,1.0,,,102.0,9.0,,,,,,,
,,stocks.csv,,,,,,,,,,,,,,,,,1.0,,,103.0,13.0,,,,,,,
,,stocks.csv,,,,,,,,,,,,,,,,,1.0,,,104.0,25.0,,,,,,,
,,stocks.csv,,,,,,,,,,,,,,,,,1.0,,,105.0,7.0,,,,,,,
,,stocks.csv,,,,,,,,,,,,,,,,,1.0,,,106.0,30.0,,,,,,,
,,stocks.csv,,,,,,,,,,,,,,,,,1.0,,,107.0,20.0,,,,,,,
,,stocks.csv,,,,,,,,,,,,,,,,,1.0,,,108.0,15.0,,,,,,,
,,stocks.csv,,,,,,,,,,,,,,,,,1.0,,,109.0,30.0,,,,,,,
,,stocks.csv,,,,,,,,,,,,,,,,,1.0,,,110.0,1.0,,,,,,,
,,stocks.csv,,,,,,,,,,,,,,,,,1.0,,,111.0,11.0,,,,,,,
,,stocks.csv,,,,,,,,,,,,,,,,,1.0,,,112.0,17.0,,,,,,,
,,stocks.csv,,,,,,,,,,,,,,,,,1.0,,,113.0,24.0,,,,,,,
,,stocks.csv,,,,,,,,,,,,,,,,,1.0,,,114.0,3.0,,,,,,,
,,stocks.csv,,,,,,,,,,,,,,,,,1.0,,,115.0,10.0,,,,,,,
,,stocks.csv,,,,,,,,,,,,,,,,,1.0,,,116.0,24.0,,,,,,,
,,stocks.csv,,,,,,,,,,,,,,,,,1.0,,,117.0,15.0,,,,,,,
,,stocks.csv,,,,,,,,,,,,,,,,,1.0,,,118.0,12.0,,,,,,,
,,stocks.csv,,,,,,,,,,,,,,,,,1.0,,,119.0,17.0,,,,,,,
,,stocks.csv,,,,,,,,,,,,,,,,,1.0,,,120.0,23.0,,,,,,,
,,stocks.csv,,,,,,,,,,,,,,,,,1.0,,,121.0,19.0,,,,,,,
,,stocks.csv,,,,,,,,,,,,,,,,,1.0,,,122.0,22.0,,,,,,,
,,stocks.csv,,,,,,,,,,,,,,,,,1.0,,,123.0,8.0,,,,,,,
,,stocks.csv,,,,,,,,,,,,,,,,,1.0,,,124.0,23.0,,,,,,,
,,stocks.csv,,,,,,,,,,,,,,,,,1.0,,,125.0,22.0,,,,,,,
,,stocks.csv,,,,,,,,,,,,,,,,,1.0,,,126.0,28.0,,,,,,,
,,stocks.csv,,,,,,,,,,,,,,,,,1.0,,,127.0,12.0,,,,,,,
,,stocks.csv,,,,,,,,,,,,,,,,,1.0,,,128.0,11.0,,,,,,,
,,stocks.csv,,,,,,,,,,,,,,,,,1.0,,,129.0,21.0,,,,,,,
,,stocks.csv,,,,,,,,,,,,,,,,,1.0,,,130.0,22.0,,,,,,,
,,stocks.csv,,,,,,,,,,,,,,,,,1.0,,,131.0,20.0,,,,,,,
,,stocks.csv,,,,,,,,,,,,,,,,,1.0,,,132.0,1.0,,,,,,,
,,stocks.csv,,,,,,,,,,,,,,,,,1.0,,,133.0,9.0,,,,,,,
,,stocks.csv,,,,,,,,,,,,,,,,,1.0,,,134.0,26.0,,,,,,,
,,stocks.csv,,,,,,,,,,,,,,,,,1.0,,,135.0,15.0,,,,,,,
,,stocks.csv,,,,,,,,,,,,,,,,,1.0,,,136.0,12.0,,,,,,,
,,stocks.csv,,,,,,,,,,,,,,,,,1.0,,,137.0,12.0,,,,,,,
,,stocks.csv,,,,,,,,,,,,,,,,,1.0,,,138.0,6.0,,,,,,,
,,stocks.csv,,,,,,,,,,,,,,,,,1.0,,,139.0,17.0,,,,,,,
,,stocks.csv,,,,,,,,,,,,,,,,,1.0,,,140.0,3.0,,,,,,,
,,stocks.csv,,,,,,,,,,,,,,,,,1.0,,,141.0,21.0,,,,,,,
,,stocks.csv,,,,,,,,,,,,,,,,,1.0,,,142.0,22.0,,,,,,,
,,stocks.csv,,,,,,,,,,,,,,,,,1.0,,,143.0,19.0,,,,,,,
,,stocks.csv,,,,,,,,,,,,,,,,,1.0,,,144.0,7.0,,,,,,,
,,stocks.csv,,,,,,,,,,,,,,,,,1.0,,,145.0,5.0,,,,,,,
,,stocks.csv,,,,,,,,,,,,,,,,,1.0,,,146.0,6.0,,,,,,,
,,stocks.csv,,,,,,,,,,,,,,,,,1.0,,,147.0,8.0,,,,,,,
,,stocks.csv,,,,,,,,,,,,,,,,,1.0,,,148.0,6.0,,,,,,,
,,stocks.csv,,,,,,,,,,,,,,,,,1.0,,,149.0,1.0,,,,,,,
,,stocks.csv,,,,,,,,,,,,,,,,,1.0,,,150.0,22.0,,,,,,,
,,stocks.csv,,,,,,,,,,,,,,,,,1.0,,,151.0,24.0,,,,,,,
,,stocks.csv,,,,,,,,,,,,,,,,,1.0,,,152.0,12.0,,,,,,,
,,stocks.csv,,,,,,,,,,,,,,,,,1.0,,,153.0,25.0,,,,,,,
,,stocks.csv,,,,,,,,,,,,,,,,,1.0,,,154.0,13.0,,,,,,,
,,stocks.csv,,,,,,,,,,,,,,,,,1.0,,,155.0,8.0,,,,,,,
,,stocks.csv,,,,,,,,,,,,,,,,,1.0,,,156.0,13.0,,,,,,,
,,stocks.csv,,,,,,,,,,,,,,,,,1.0,,,157.0,25.0,,,,,,,
,,stocks.csv,,,,,,,,,,,,,,,,,1.0,,,158.0,11.0,,,,,,,
,,stocks.csv,,,,,,,,,,,,,,,,,1.0,,,159.0,18.0,,,,,,,
,,stocks.csv,,,,,,,,,,,,,,,,,1.0,,,160.0,0.0,,,,,,,
,,stocks.csv,,,,,,,,,,,,,,,,,1.0,,,161.0,17.0,,,,,,,
,,stocks.csv,,,,,,,,,,,,,,,,,1.0,,,162.0,14.0,,,,,,,
,,stocks.csv,,,,,,,,,,,,,,,,,1.0,,,163.0,0.0,,,,,,,
,,stocks.csv,,,,,,,,,,,,,,,,,1.0,,,164.0,15.0,,,,,,,
,,stocks.csv,,,,,,,,,,,,,,,,,1.0,,,165.0,16.0,,,,,,,
,,stocks.csv,,,,,,,,,,,,,,,,,1.0,,,166.0,23.0,,,,,,,
,,stocks.csv,,,,,,,,,,,,,,,,,1.0,,,167.0,28.0,,,,,,,
,,stocks.csv,,,,,,,,,,,,,,,,,1.0,,,168.0,0.0,,,,,,,
,,stocks.csv,,,,,,,,,,,,,,,,,1.0,,,169.0,25.0,,,,,,,
,,stocks.csv,,,,,,,,,,,,,,,,,1.0,,,170.0,14.0,,,,,,,
,,stocks.csv,,,,,,,,,,,,,,,,,1.0,,,171.0,3.0,,,,,,,
,,stocks.csv,,,,,,,,,,,,,,,,,1.0,,,172.0,3.0,,,,,,,
,,stocks.csv,,,,,,,,,,,,,,,,,1.0,,,173.0,2.0,,,,,,,
,,stocks.csv,,,,,,,,,,,,,,,,,1.0,,,174.0,26.0,,,,,,,
,,stocks.csv,,,,,,,,,,,,,,,,,1.0,,,175.0,2.0,,,,,,,
,,stocks.csv,,,,,,,,,,,,,,,,,1.0,,,176.0,11.0,,,,,,,
,,stocks.csv,,,,,,,,,,,,,,,,,1.0,,,177.0,19.0,,,,,,,
,,stocks.csv,,,,,,,,,,,,,,,,,1.0,,,178.0,23.0,,,,,,,
,,stocks.csv,,,,,,,,,,,,,,,,,1.0,,,179.0,16.0,,,,,,,
,,stocks.csv,,,,,,,,,,,,,,,,,1.0,,,180.0,5.0,,,,,,,
,,stocks.csv,,,,,,,,,,,,,,,,,1.0,,,181.0,19.0,,,,,,,
,,stocks.csv,,,,,,,,,,,,,,,,,1.0,,,182.0,28.0,,,,,,,
,,stocks.csv,,,,,,,,,,,,,,,,,1.0,,,183.0,11.0,,,,,,,
,,stocks.csv,,,,,,,,,,,,,,,,,1.0,,,184.0,4.0,,,,,,,
,,stocks.csv,,,,,,,,,,,,,,,,,1.0,,,185.0,3.0,,,,,,,
,,stocks.csv,,,,,,,,,,,,,,,,,1.0,,,186.0,1.0,,,,,,,
,,stocks.csv,,,,,,,,,,,,,,,,,1.0,,,187.0,16.0,,,,,,,
,,stocks.csv,,,,,,,,,,,,,,,,,1.0,,,188.0,30.0,,,,,,,
,,stocks.csv,,,,,,,,,,,,,,,,,1.0,,,189.0,6.0,,,,,,,
,,stocks.csv,,,,,,,,,,,,,,,,,1.0,,,190.0,21.0,,,,,,,
,,stocks.csv,,,,,,,,,,,,,,,,,1.0,,,191.0,21.0,,,,,,,
,,stocks.csv,,,,,,,,,,,,,,,,,1.0,,,192.0,20.0,,,,,,,
,,stocks.csv,,,,,,,,,,,,,,,,,1.0,,,193.0,30.0,,,,,,,
,,stocks.csv,,,,,,,,,,,,,,,,,1.0,,,194.0,24.0,,,,,,,
,,stocks.csv,,,,,,,,,,,,,,,,,1.0,,,195.0,1.0,,,,,,,
,,stocks.csv,,,,,,,,,,,,,,,,,1.0,,,196.0,26.0,,,,,,,
,,stocks.csv,,,,,,,,,,,,,,,,,1.0,,,197.0,22.0,,,,,,,
,,stocks.csv,,,,,,,,,,,,,,,,,1.0,,,198.0,1.0,,,,,,,
,,stocks.csv,,,,,,,,,,,,,,,,,1.0,,,199.0,2.0,,,,,,,
,,stocks.csv,,,,,,,,,,,,,,,,,1.0,,,200.0,27.0,,,,,,,
,,stocks.csv,,,,,,,,,,,,,,,,,1.0,,,201.0,16.0,,,,,,,
,,stocks.csv,,,,,,,,,,,,,,,,,1.0,,,202.0,5.0,,,,,,,
,,stocks.csv,,,,,,,,,,,,,,,,,1.0,,,203.0,4.0,,,,,,,
,,stocks.csv,,,,,,,,,,,,,,,,,1.0,,,204.0,23.0,,,,,,,
,,stocks.csv,,,,,,,,,,,,,,,,,1.0,,,205.0,9.0,,,,,,,
,,stocks.csv,,,,,,,,,,,,,,,,,1.0,,,206.0,10.0,,,,,,,
,,stocks.csv,,,,,,,,,,,,,,,,,1.0,,,207.0,27.0,,,,,,,
,,stocks.csv,,,,,,,,,,,,,,,,,1.0,,,208.0,13.0,,,,,,,
,,stocks.csv,,,,,,,,,,,,,,,,,1.0,,,209.0,22.0,,,,,,,
,,stocks.csv,,,,,,,,,,,,,,,,,1.0,,,210.0,25.0,,,,,,,
,,stocks.csv,,,,,,,,,,,,,,,,,1.0,,,211.0,13.0,,,,,,,
,,stocks.csv,,,,,,,,,,,,,,,,,1.0,,,212.0,17.0,,,,,,,
,,stocks.csv,,,,,,,,,,,,,,,,,1.0,,,213.0,14.0,,,,,,,
,,stocks.csv,,,,,,,,,,,,,,,,,1.0,,,214.0,4.0,,,,,,,
,,stocks.csv,,,,,,,,,,,,,,,,,1.0,,,215.0,1.0,,,,,,,
,,stocks.csv,,,,,,,,,,,,,,,,,1.0,,,216.0,11.0,,,,,,,
,,stocks.csv,,,,,,,,,,,,,,,,,1.0,,,217.0,11.0,,,,,,,
,,stocks.csv,,,,,,,,,,,,,,,,,1.0,,,218.0,27.0,,,,,,,
,,stocks.csv,,,,,,,,,,,,,,,,,1.0,,,219.0,30.0,,,,,,,
,,stocks.csv,,,,,,,,,,,,,,,,,1.0,,,220.0,4.0,,,,,,,
,,stocks.csv,,,,,,,,,,,,,,,,,1.0,,,221.0,7.0,,,,,,,
,,stocks.csv,,,,,,,,,,,,,,,,,1.0,,,222.0,12.0,,,,,,,
,,stocks.csv,,,,,,,,,,,,,,,,,1.0,,,223.0,3.0,,,,,,,
,,stocks.csv,,,,,,,,,,,,,,,,,1.0,,,224.0,16.0,,,,,,,
,,stocks.csv,,,,,,,,,,,,,,,,,1.0,,,225.0,24.0,,,,,,,
,,stocks.csv,,,,,,,,,,,,,,,,,1.0,,,226.0,18.0,,,,,,,
,,stocks.csv,,,,,,,,,,,,,,,,,1.0,,,227.0,19.0,,,,,,,
,,stocks.csv,,,,,,,,,,,,,,,,,1.0,,,228.0,22.0,,,,,,,
,,stocks.csv,,,,,,,,,,,,,,,,,1.0,,,229.0,27.0,,,,,,,
,,stocks.csv,,,,,,,,,,,,,,,,,1.0,,,230.0,7.0,,,,,,,
,,stocks.csv,,,,,,,,,,,,,,,,,1.0,,,231.0,25.0,,,,,,,
,,stocks.csv,,,,,,,,,,,,,,,,,1.0,,,232.0,5.0,,,,,,,
,,stocks.csv,,,,,,,,,,,,,,,,,1.0,,,233.0,5.0,,,,,,,
,,stocks.csv,,,,,,,,,,,,,,,,,1.0,,,234.0,13.0,,,,,,,
,,stocks.csv,,,,,,,,,,,,,,,,,1.0,,,235.0,7.0,,,,,,,
,,stocks.csv,,,,,,,,,,,,,,,,,1.0,,,236.0,18.0,,,,,,,
,,stocks.csv,,,,,,,,,,,,,,,,,1.0,,,237.0,26.0,,,,,,,
,,stocks.csv,,,,,,,,,,,,,,,,,1.0,,,238.0,20.0,,,,,,,
,,stocks.csv,,,,,,,,,,,,,,,,,1.0,,,239.0,28.0,,,,,,,
,,stocks.csv,,,,,,,,,,,,,,,,,1.0,,,240.0,17.0,,,,,,,
,,stocks.csv,,,,,,,,,,,,,,,,,1.0,,,241.0,17.0,,,,,,,
,,stocks.csv,,,,,,,,,,,,,,,,,1.0,,,242.0,10.0,,,,,,,
,,stocks.csv,,,,,,,,,,,,,,,,,1.0,,,243.0,11.0,,,,,,,
,,stocks.csv,,,,,,,,,,,,,,,,,1.0,,,244.0,10.0,,,,,,,
,,stocks.csv,,,,,,,,,,,,,,,,,1.0,,,245.0,3.0,,,,,,,
,,stocks.csv,,,,,,,,,,,,,,,,,1.0,,,246.0,0.0,,,,,,,
,,stocks.csv,,,,,,,,,,,,,,,,,1.0,,,247.0,15.0,,,,,,,
,,stocks.csv,,,,,,,,,,,,,,,,,1.0,,,248.0,14.0,,,,,,,
,,stocks.csv,,,,,,,,,,,,,,,,,1.0,,,249.0,27.0,,,,,,,
,,stocks.csv,,,,,,,,,,,,,,,,,1.0,,,250.0,3.0,,,,,,,
,,stocks.csv,,,,,,,,,,,,,,,,,1.0,,,251.0,2.0,,,,,,,
,,stocks.csv,,,,,,,,,,,,,,,,,1.0,,,252.0,28.0,,,,,,,
,,stocks.csv,,,,,,,,,,,,,,,,,1.0,,,253.0,16.0,,,,,,,
,,stocks.csv,,,,,,,,,,,,,,,,,1.0,,,254.0,24.0,,,,,,,
,,stocks.csv,,,,,,,,,,,,,,,,,1.0,,,255.0,13.0,,,,,,,
,,stocks.csv,,,,,,,,,,,,,,,,,1.0,,,256.0,20.0,,,,,,,
,,stocks.csv,,,,,,,,,,,,,,,,,1.0,,,257.0,17.0,,,,,,,
,,stocks.csv,,,,,,,,,,,,,,,,,1.0,,,258.0,25.0,,,,,,,
,,stocks.csv,,,,,,,,,,,,,,,,,1.0,,,259.0,10.0,,,,,,,
,,stocks.csv,,,,,,,,,,,,,,,,,1.0,,,260.0,20.0,,,,,,,
,,stocks.csv,,,,,,,,,,,,,,,,,1.0,,,261.0,3.0,,,,,,,
,,stocks.csv,,,,,,,,,,,,,,,,,1.0,,,262.0,6.0,,,,,,,
,,stocks.csv,,,,,,,,,,,,,,,,,1.0,,,263.0,21.0,,,,,,,
,,stocks.csv,,,,,,,,,,,,,,,,,1.0,,,264.0,16.0,,,,,,,
,,stocks.csv,,,,,,,,,,,,,,,,,1.0,,,265.0,28.0,,,,,,,
,,stocks.csv,,,,,,,,,,,,,,,,,1.0,,,266.0,1.0,,,,,,,
,,stocks.csv,,,,,,,,,,,,,,,,,1.0,,,267.0,27.0,,,,,,,
,,stocks.csv,,,,,,,,,,,,,,,,,1.0,,,268.0,23.0,,,,,,,
,,stocks.csv,,,,,,,,,,,,,,,,,1.0,,,269.0,22.0,,,,,,,
,,stocks.csv,,,,,,,,,,,,,,,,,1.0,,,270.0,16.0,,,,,,,
,,stocks.csv,,,,,,,,,,,,,,,,,1.0,,,271.0,6.0,,,,,,,
,,stocks.csv,,,,,,,,,,,,,,,,,1.0,,,272.0,14.0,,,,,,,
,,stocks.csv,,,,,,,,,,,,,,,,,1.0,,,273.0,20.0,,,,,,,
,,stocks.csv,,,,,,,,,,,,,,,,,1.0,,,274.0,19.0,,,,,,,
,,stocks.csv,,,,,,,,,,,,,,,,,1.0,,,275.0,28.0,,,,,,,
,,stocks.csv,,,,,,,,,,,,,,,,,1.0,,,276.0,7.0,,,,,,,
,,stocks.csv,,,,,,,,,,,,,,,,,1.0,,,277.0,13.0,,,,,,,
,,stocks.csv,,,,,,,,,,,,,,,,,1.0,,,278.0,17.0,,,,,,,
,,stocks.csv,,,,,,,,,,,,,,,,,1.0,,,279.0,17.0,,,,,,,
,,stocks.csv,,,,,,,,,,,,,,,,,1.0,,,280.0,23.0,,,,,,,
,,stocks.csv,,,,,,,,,,,,,,,,,1.0,,,281.0,11.0,,,,,,,
,,stocks.csv,,,,,,,,,,,,,,,,,1.0,,,282.0,6.0,,,,,,,
,,stocks.csv,,,,,,,,,,,,,,,,,1.0,,,283.0,10.0,,,,,,,
,,stocks.csv,,,,,,,,,,,,,,,,,1.0,,,284.0,27.0,,,,,,,
,,stocks.csv,,,,,,,,,,,,,,,,,1.0,,,285.0,20.0,,,,,,,
,,stocks.csv,,,,,,,,,,,,,,,,,1.0,,,286.0,28.0,,,,,,,
,,stocks.csv,,,,,,,,,,,,,,,,,1.0,,,287.0,2.0,,,,,,,
,,stocks.csv,,,,,,,,,,,,,,,,,1.0,,,288.0,9.0,,,,,,,
,,stocks.csv,,,,,,,,,,,,,,,,,1.0,,,289.0,2.0,,,,,,,
,,stocks.csv,,,,,,,,,,,,,,,,,1.0,,,290.0,8.0,,,,,,,
,,stocks.csv,,,,,,,,,,,,,,,,,1.0,,,291.0,9.0,,,,,,,
,,stocks.csv,,,,,,,,,,,,,,,,,1.0,,,292.0,30.0,,,,,,,
,,stocks.csv,,,,,,,,,,,,,,,,,1.0,,,293.0,18.0,,,,,,,
,,stocks.csv,,,,,,,,,,,,,,,,,1.0,,,294.0,3.0,,,,,,,
,,stocks.csv,,,,,,,,,,,,,,,,,1.0,,,295.0,24.0,,,,,,,
,,stocks.csv,,,,,,,,,,,,,,,,,1.0,,,296.0,9.0,,,,,,,
,,stocks.csv,,,,,,,,,,,,,,,,,1.0,,,297.0,22.0,,,,,,,
,,stocks.csv,,,,,,,,,,,,,,,,,1.0,,,298.0,26.0,,,,,,,
,,stocks.csv,,,,,,,,,,,,,,,,,1.0,,,299.0,18.0,,,,,,,
,,stocks.csv,,,,,,,,,,,,,,,,,1.0,,,300.0,7.0,,,,,,,
,,stocks.csv,,,,,,,,,,,,,,,,,1.0,,,301.0,10.0,,,,,,,
,,stocks.csv,,,,,,,,,,,,,,,,,1.0,,,302.0,0.0,,,,,,,
,,stocks.csv,,,,,,,,,,,,,,,,,1.0,,,303.0,12.0,,,,,,,
,,stocks.csv,,,,,,,,,,,,,,,,,1.0,,,304.0,15.0,,,,,,,
,,stocks.csv,,,,,,,,,,,,,,,,,1.0,,,305.0,23.0,,,,,,,
,,stocks.csv,,,,,,,,,,,,,,,,,1.0,,,306.0,21.0,,,,,,,
,,stocks.csv,,,,,,,,,,,,,,,,,1.0,,,307.0,17.0,,,,,,,
,,stocks.csv,,,,,,,,,,,,,,,,,1.0,,,308.0,23.0,,,,,,,
,,stocks.csv,,,,,,,,,,,,,,,,,1.0,,,309.0,7.0,,,,,,,
,,stocks.csv,,,,,,,,,,,,,,,,,1.0,,,310.0,18.0,,,,,,,
,,stocks.csv,,,,,,,,,,,,,,,,,1.0,,,311.0,20.0,,,,,,,
,,stocks.csv,,,,,,,,,,,,,,,,,1.0,,,312.0,23.0,,,,,,,
,,stocks.csv,,,,,,,,,,,,,,,,,1.0,,,313.0,14.0,,,,,,,
,,stocks.csv,,,,,,,,,,,,,,,,,2.0,,,1.0,14.0,,,,,,,
,,stocks.csv,,,,,,,,,,,,,,,,,2.0,,,2.0,16.0,,,,,,,
,,stocks.csv,,,,,,,,,,,,,,,,,2.0,,,3.0,28.0,,,,,,,
,,stocks.csv,,,,,,,,,,,,,,,,,2.0,,,4.0,2.0,,,,,,,
,,stocks.csv,,,,,,,,,,,,,,,,,2.0,,,5.0,1.0,,,,,,,
,,stocks.csv,,,,,,,,,,,,,,,,,2.0,,,6.0,11.0,,,,,,,
,,stocks.csv,,,,,,,,,,,,,,,,,2.0,,,7.0,8.0,,,,,,,
,,stocks.csv,,,,,,,,,,,,,,,,,2.0,,,8.0,1.0,,,,,,,
,,stocks.csv,,,,,,,,,,,,,,,,,2.0,,,9.0,17.0,,,,,,,
,,stocks.csv,,,,,,,,,,,,,,,,,2.0,,,10.0,13.0,,,,,,,
,,stocks.csv,,,,,,,,,,,,,,,,,2.0,,,11.0,21.0,,,,,,,
,,stocks.csv,,,,,,,,,,,,,,,,,2.0,,,12.0,2.0,,,,,,,
,,stocks.csv,,,,,,,,,,,,,,,,,2.0,,,13.0,1.0,,,,,,,
,,stocks.csv,,,,,,,,,,,,,,,,,2.0,,,14.0,18.0,,,,,,,
,,stocks.csv,,,,,,,,,,,,,,,,,2.0,,,15.0,6.0,,,,,,,
,,stocks.csv,,,,,,,,,,,,,,,,,2.0,,,16.0,20.0,,,,,,,
,,stocks.csv,,,,,,,,,,,,,,,,,2.0,,,17.0,3.0,,,,,,,
,,stocks.csv,,,,,,,,,,,,,,,,,2.0,,,18.0,13.0,,,,,,,
,,stocks.csv,,,,,,,,,,,,,,,,,2.0,,,19.0,15.0,,,,,,,
,,stocks.csv,,,,,,,,,,,,,,,,,2.0,,,20.0,20.0,,,,,,,
,,stocks.csv,,,,,,,,,,,,,,,,,2.0,,,21.0,16.0,,,,,,,
,,stocks.csv,,,,,,,,,,,,,,,,,2.0,,,22.0,0.0,,,,,,,
,,stocks.csv,,,,,,,,,,,,,,,,,2.0,,,23.0,12.0,,,,,,,
,,stocks.csv,,,,,,,,,,,,,,,,,2.0,,,24.0,16.0,,,,,,,
,,stocks.csv,,,,,,,,,,,,,,,,,2.0,,,25.0,18.0,,,,,,,
,,stocks.csv,,,,,,,,,,,,,,,,,2.0,,,26.0,2.0,,,,,,,
,,stocks.csv,,,,,,,,,,,,,,,,,2.0,,,27.0,10.0,,,,,,,
,,stocks.csv,,,,,,,,,,,,,,,,,2.0,,,28.0,25.0,,,,,,,
,,stocks.csv,,,,,,,,,,,,,,,,,2.0,,,29.0,29.0,,,,,,,
,,stocks.csv,,,,,,,,,,,,,,,,,2.0,,,30.0,17.0,,,,,,,
,,stocks.csv,,,,,,,,,,,,,,,,,2.0,,,31.0,10.0,,,,,,,
,,stocks.csv,,,,,,,,,,,,,,,,,2.0,,,32.0,13.0,,,,,,,
,,stocks.csv,,,,,,,,,,,,,,,,,2.0,,,33.0,8.0,,,,,,,
,,stocks.csv,,,,,,,,,,,,,,,,,2.0,,,34.0,24.0,,,,,,,
,,stocks.csv,,,,,,,,,,,,,,,,,2.0,,,35.0,25.0,,,,,,,
,,stocks.csv,,,,,,,,,,,,,,,,,2.0,,,36.0,15.0,,,,,,,
,,stocks.csv,,,,,,,,,,,,,,,,,2.0,,,37.0,5.0,,,,,,,
,,stocks.csv,,,,,,,,,,,,,,,,,2.0,,,38.0,18.0,,,,,,,
,,stocks.csv,,,,,,,,,,,,,,,,,2.0,,,39.0,28.0,,,,,,,
,,stocks.csv,,,,,,,,,,,,,,,,,2.0,,,40.0,15.0,,,,,,,
,,stocks.csv,,,,,,,,,,,,,,,,,2.0,,,41.0,6.0,,,,,,,
,,stocks.csv,,,,,,,,,,,,,,,,,2.0,,,42.0,16.0,,,,,,,
,,stocks.csv,,,,,,,,,,,,,,,,,2.0,,,43.0,2.0,,,,,,,
,,stocks.csv,,,,,,,,,,,,,,,,,2.0,,,44.0,24.0,,,,,,,
,,stocks.csv,,,,,,,,,,,,,,,,,2.0,,,45.0,13.0,,,,,,,
,,stocks.csv,,,,,,,,,,,,,,,,,2.0,,,46.0,18.0,,,,,,,
,,stocks.csv,,,,,,,,,,,,,,,,,2.0,,,47.0,0.0,,,,,,,
,,stocks.csv,,,,,,,,,,,,,,,,,2.0,,,48.0,20.0,,,,,,,
,,stocks.csv,,,,,,,,,,,,,,,,,2.0,,,49.0,4.0,,,,,,,
,,stocks.csv,,,,,,,,,,,,,,,,,2.0,,,50.0,7.0,,,,,,,
,,stocks.csv,,,,,,,,,,,,,,,,,2.0,,,51.0,8.0,,,,,,,
,,stocks.csv,,,,,,,,,,,,,,,,,2.0,,,52.0,23.0,,,,,,,
,,stocks.csv,,,,,,,,,,,,,,,,,2.0,,,53.0,19.0,,,,,,,
,,stocks.csv,,,,,,,,,,,,,,,,,2.0,,,54.0,6.0,,,,,,,
,,stocks.csv,,,,,,,,,,,,,,,,,2.0,,,55.0,5.0,,,,,,,
,,stocks.csv,,,,,,,,,,,,,,,,,2.0,,,56.0,20.0,,,,,,,
,,stocks.csv,,,,,,,,,,,,,,,,,2.0,,,57.0,27.0,,,,,,,
,,stocks.csv,,,,,,,,,,,,,,,,,2.0,,,58.0,15.0,,,,,,,
,,stocks.csv,,,,,,,,,,,,,,,,,2.0,,,59.0,17.0,,,,,,,
,,stocks.csv,,,,,,,,,,,,,,,,,2.0,,,60.0,1.0,,,,,,,
,,stocks.csv,,,,,,,,,,,,,,,,,2.0,,,61.0,20.0,,,,,,,
,,stocks.csv,,,,,,,,,,,,,,,,,2.0,,,62.0,4.0,,,,,,,
,,stocks.csv,,,,,,,,,,,,,,,,,2.0,,,63.0,5.0,,,,,,,
,,stocks.csv,,,,,,,,,,,,,,,,,2.0,,,64.0,30.0,,,,,,,
,,stocks.csv,,,,,,,,,,,,,,,,,2.0,,,65.0,16.0,,,,,,,
,,stocks.csv,,,,,,,,,,,,,,,,,2.0,,,66.0,22.0,,,,,,,
,,stocks.csv,,,,,,,,,,,,,,,,,2.0,,,67.0,8.0,,,,,,,
,,stocks.csv,,,,,,,,,,,,,,,,,2.0,,,68.0,23.0,,,,,,,
,,stocks.csv,,,,,,,,,,,,,,,,,2.0,,,69.0,22.0,,,,,,,
,,stocks.csv,,,,,,,,,,,,,,,,,2.0,,,70.0,6.0,,,,,,,
,,stocks.csv,,,,,,,,,,,,,,,,,2.0,,,71.0,30.0,,,,,,,
,,stocks.csv,,,,,,,,,,,,,,,,,2.0,,,72.0,1.0,,,,,,,
,,stocks.csv,,,,,,,,,,,,,,,,,2.0,,,73.0,20.0,,,,,,,
,,stocks.csv,,,,,,,,,,,,,,,,,2.0,,,74.0,23.0,,,,,,,
,,stocks.csv,,,,,,,,,,,,,,,,,2.0,,,75.0,11.0,,,,,,,
,,stocks.csv,,,,,,,,,,,,,,,,,2.0,,,76.0,20.0,,,,,,,
,,stocks.csv,,,,,,,,,,,,,,,,,2.0,,,77.0,25.0,,,,,,,
,,stocks.csv,,,,,,,,,,,,,,,,,2.0,,,78.0,4.0,,,,,,,
,,stocks.csv,,,,,,,,,,,,,,,,,2.0,,,79.0,29.0,,,,,,,
,,stocks.csv,,,,,,,,,,,,,,,,,2.0,,,80.0,27.0,,,,,,,
,,stocks.csv,,,,,,,,,,,,,,,,,2.0,,,81.0,19.0,,,,,,,
,,stocks.csv,,,,,,,,,,,,,,,,,2.0,,,82.0,4.0,,,,,,,
,,stocks.csv,,,,,,,,,,,,,,,,,2.0,,,83.0,21.0,,,,,,,
,,stocks.csv,,,,,,,,,,,,,,,,,2.0,,,84.0,22.0,,,,,,,
,,stocks.csv,,,,,,,,,,,,,,,,,2.0,,,85.0,6.0,,,,,,,
,,stocks.csv,,,,,,,,,,,,,,,,,2.0,,,86.0,24.0,,,,,,,
,,stocks.csv,,,,,,,,,,,,,,,,,2.0,,,87.0,14.0,,,,,,,
,,stocks.csv,,,,,,,,,,,,,,,,,2.0,,,88.0,8.0,,,,,,,
,,stocks.csv,,,,,,,,,,,,,,,,,2.0,,,89.0,8.0,,,,,,,
,,stocks.csv,,,,,,,,,,,,,,,,,2.0,,,90.0,26.0,,,,,,,
,,stocks.csv,,,,,,,,,,,,,,,,,2.0,,,91.0,0.0,,,,,,,
,,stocks.csv,,,,,,,,,,,,,,,,,2.0,,,92.0,22.0,,,,,,,
,,stocks.csv,,,,,,,,,,,,,,,,,2.0,,,93.0,22.0,,,,,,,
,,stocks.csv,,,,,,,,,,,,,,,,,2.0,,,94.0,2.0,,,,,,,
,,stocks.csv,,,,,,,,,,,,,,,,,2.0,,,95.0,10.0,,,,,,,
,,stocks.csv,,,,,,,,,,,,,,,,,2.0,,,96.0,22.0,,,,,,,
,,stocks.csv,,,,,,,,,,,,,,,,,2.0,,,97.0,15.0,,,,,,,
,,stocks.csv,,,,,,,,,,,,,,,,,2.0,,,98.0,14.0,,,,,,,
,,stocks.csv,,,,,,,,,,,,,,,,,2.0,,,99.0,24.0,,,,,,,
,,stocks.csv,,,,,,,,,,,,,,,,,2.0,,,100.0,12.0,,,,,,,
,,stocks.csv,,,,,,,,,,,,,,,,,2.0,,,101.0,4.0,,,,,,,
,,stocks.csv,,,,,,,,,,,,,,,,,2.0,,,102.0,12.0,,,,,,,
,,stocks.csv,,,,,,,,,,,,,,,,,2.0,,,103.0,1.0,,,,,,,
,,stocks.csv,,,,,,,,,,,,,,,,,2.0,,,104.0,26.0,,,,,,,
,,stocks.csv,,,,,,,,,,,,,,,,,2.0,,,105.0,3.0,,,,,,,
,,stocks.csv,,,,,,,,,,,,,,,,,2.0,,,106.0,7.0,,,,,,,
,,stocks.csv,,,,,,,,,,,,,,,,,2.0,,,107.0,29.0,,,,,,,
,,stocks.csv,,,,,,,,,,,,,,,,,2.0,,,108.0,29.0,,,,,,,
,,stocks.csv,,,,,,,,,,,,,,,,,2.0,,,109.0,25.0,,,,,,,
,,stocks.csv,,,,,,,,,,,,,,,,,2.0,,,110.0,7.0,,,,,,,
,,stocks.csv,,,,,,,,,,,,,,,,,2.0,,,111.0,6.0,,,,,,,
,,stocks.csv,,,,,,,,,,,,,,,,,2.0,,,112.0,1.0,,,,,,,
,,stocks.csv,,,,,,,,,,,,,,,,,2.0,,,113.0,7.0,,,,,,,
,,stocks.csv,,,,,,,,,,,,,,,,,2.0,,,114.0,12.0,,,,,,,
,,stocks.csv,,,,,,,,,,,,,,,,,2.0,,,115.0,19.0,,,,,,,
,,stocks.csv,,,,,,,,,,,,,,,,,2.0,,,116.0,17.0,,,,,,,
,,stocks.csv,,,,,,,,,,,,,,,,,2.0,,,117.0,18.0,,,,,,,
,,stocks.csv,,,,,,,,,,,,,,,,,2.0,,,118.0,25.0,,,,,,,
,,stocks.csv,,,,,,,,,,,,,,,,,2.0,,,119.0,23.0,,,,,,,
,,stocks.csv,,,,,,,,,,,,,,,,,2.0,,,120.0,16.0,,,,,,,
,,stocks.csv,,,,,,,,,,,,,,,,,2.0,,,121.0,3.0,,,,,,,
,,stocks.csv,,,,,,,,,,,,,,,,,2.0,,,122.0,11.0,,,,,,,
,,stocks.csv,,,,,,,,,,,,,,,,,2.0,,,123.0,18.0,,,,,,,
,,stocks.csv,,,,,,,,,,,,,,,,,2.0,,,124.0,4.0,,,,,,,
,,stocks.csv,,,,,,,,,,,,,,,,,2.0,,,125.0,10.0,,,,,,,
,,stocks.csv,,,,,,,,,,,,,,,,,2.0,,,126.0,13.0,,,,,,,
,,stocks.csv,,,,,,,,,,,,,,,,,2.0,,,127.0,12.0,,,,,,,
,,stocks.csv,,,,,,,,,,,,,,,,,2.0,,,128.0,28.0,,,,,,,
,,stocks.csv,,,,,,,,,,,,,,,,,2.0,,,129.0,21.0,,,,,,,
,,stocks.csv,,,,,,,,,,,,,,,,,2.0,,,130.0,17.0,,,,,,,
,,stocks.csv,,,,,,,,,,,,,,,,,2.0,,,131.0,9.0,,,,,,,
,,stocks.csv,,,,,,,,,,,,,,,,,2.0,,,132.0,6.0,,,,,,,
,,stocks.csv,,,,,,,,,,,,,,,,,2.0,,,133.0,28.0,,,,,,,
,,stocks.csv,,,,,,,,,,,,,,,,,2.0,,,134.0,13.0,,,,,,,
,,stocks.csv,,,,,,,,,,,,,,,,,2.0,,,135.0,30.0,,,,,,,
,,stocks.csv,,,,,,,,,,,,,,,,,2.0,,,136.0,8.0,,,,,,,
,,stocks.csv,,,,,,,,,,,,,,,,,2.0,,,137.0,1.0,,,,,,,
,,stocks.csv,,,,,,,,,,,,,,,,,2.0,,,138.0,16.0,,,,,,,
,,stocks.csv,,,,,,,,,,,,,,,,,2.0,,,139.0,24.0,,,,,,,
,,stocks.csv,,,,,,,,,,,,,,,,,2.0,,,140.0,13.0,,,,,,,
,,stocks.csv,,,,,,,,,,,,,,,,,2.0,,,141.0,28.0,,,,,,,
,,stocks.csv,,,,,,,,,,,,,,,,,2.0,,,142.0,24.0,,,,,,,
,,stocks.csv,,,,,,,,,,,,,,,,,2.0,,,143.0,12.0,,,,,,,
,,stocks.csv,,,,,,,,,,,,,,,,,2.0,,,144.0,4.0,,,,,,,
,,stocks.csv,,,,,,,,,,,,,,,,,2.0,,,145.0,23.0,,,,,,,
,,stocks.csv,,,,,,,,,,,,,,,,,2.0,,,146.0,3.0,,,,,,,
,,stocks.csv,,,,,,,,,,,,,,,,,2.0,,,147.0,13.0,,,,,,,
,,stocks.csv,,,,,,,,,,,,,,,,,2.0,,,148.0,27.0,,,,,,,
,,stocks.csv,,,,,,,,,,,,,,,,,2.0,,,149.0,22.0,,,,,,,
,,stocks.csv,,,,,,,,,,,,,,,,,2.0,,,150.0,7.0,,,,,,,
,,stocks.csv,,,,,,,,,,,,,,,,,2.0,,,151.0,2.0,,,,,,,
,,stocks.csv,,,,,,,,,,,,,,,,,2.0,,,152.0,21.0,,,,,,,
,,stocks.csv,,,,,,,,,,,,,,,,,2.0,,,153.0,21.0,,,,,,,
,,stocks.csv,,,,,,,,,,,,,,,,,2.0,,,154.0,9.0,,,,,,,
,,stocks.csv,,,,,,,,,,,,,,,,,2.0,,,155.0,21.0,,,,,,,
,,stocks.csv,,,,,,,,,,,,,,,,,2.0,,,156.0,8.0,,,,,,,
,,stocks.csv,,,,,,,,,,,,,,,,,2.0,,,157.0,28.0,,,,,,,
,,stocks.csv,,,,,,,,,,,,,,,,,2.0,,,158.0,0.0,,,,,,,
,,stocks.csv,,,,,,,,,,,,,,,,,2.0,,,159.0,30.0,,,,,,,
,,stocks.csv,,,,,,,,,,,,,,,,,2.0,,,160.0,4.0,,,,,,,
,,stocks.csv,,,,,,,,,,,,,,,,,2.0,,,161.0,9.0,,,,,,,
,,stocks.csv,,,,,,,,,,,,,,,,,2.0,,,162.0,18.0,,,,,,,
,,stocks.csv,,,,,,,,,,,,,,,,,2.0,,,163.0,30.0,,,,,,,
,,stocks.csv,,,,,,,,,,,,,,,,,2.0,,,164.0,9.0,,,,,,,
,,stocks.csv,,,,,,,,,,,,,,,,,2.0,,,165.0,6.0,,,,,,,
,,stocks.csv,,,,,,,,,,,,,,,,,2.0,,,166.0,27.0,,,,,,,
,,stocks.csv,,,,,,,,,,,,,,,,,2.0,,,167.0,1.0,,,,,,,
,,stocks.csv,,,,,,,,,,,,,,,,,2.0,,,168.0,29.0,,,,,,,
,,stocks.csv,,,,,,,,,,,,,,,,,2.0,,,169.0,1.0,,,,,,,
,,stocks.csv,,,,,,,,,,,,,,,,,2.0,,,170.0,2.0,,,,,,,
,,stocks.csv,,,,,,,,,,,,,,,,,2.0,,,171.0,28.0,,,,,,,
,,stocks.csv,,,,,,,,,,,,,,,,,2.0,,,172.0,16.0,,,,,,,
,,stocks.csv,,,,,,,,,,,,,,,,,2.0,,,173.0,17.0,,,,,,,
,,stocks.csv,,,,,,,,,,,,,,,,,2.0,,,174.0,8.0,,,,,,,
,,stocks.csv,,,,,,,,,,,,,,,,,2.0,,,175.0,0.0,,,,,,,
,,stocks.csv,,,,,,,,,,,,,,,,,2.0,,,176.0,26.0,,,,,,,
,,stocks.csv,,,,,,,,,,,,,,,,,2.0,,,177.0,9.0,,,,,,,
,,stocks.csv,,,,,,,,,,,,,,,,,2.0,,,178.0,1.0,,,,,,,
,,stocks.csv,,,,,,,,,,,,,,,,,2.0,,,179.0,16.0,,,,,,,
,,stocks.csv,,,,,,,,,,,,,,,,,2.0,,,180.0,3.0,,,,,,,
,,stocks.csv,,,,,,,,,,,,,,,,,2.0,,,181.0,29.0,,,,,,,
,,stocks.csv,,,,,,,,,,,,,,,,,2.0,,,182.0,21.0,,,,,,,
,,stocks.csv,,,,,,,,,,,,,,,,,2.0,,,183.0,26.0,,,,,,,
,,stocks.csv,,,,,,,,,,,,,,,,,2.0,,,184.0,0.0,,,,,,,
,,stocks.csv,,,,,,,,,,,,,,,,,2.0,,,185.0,4.0,,,,,,,
,,stocks.csv,,,,,,,,,,,,,,,,,2.0,,,186.0,16.0,,,,,,,
,,stocks.csv,,,,,,,,,,,,,,,,,2.0,,,187.0,10.0,,,,,,,
,,stocks.csv,,,,,,,,,,,,,,,,,2.0,,,188.0,27.0,,,,,,,
,,stocks.csv,,,,,,,,,,,,,,,,,2.0,,,189.0,13.0,,,,,,,
,,stocks.csv,,,,,,,,,,,,,,,,,2.0,,,190.0,18.0,,,,,,,
,,stocks.csv,,,,,,,,,,,,,,,,,2.0,,,191.0,15.0,,,,,,,
,,stocks.csv,,,,,,,,,,,,,,,,,2.0,,,192.0,0.0,,,,,,,
,,stocks.csv,,,,,,,,,,,,,,,,,2.0,,,193.0,21.0,,,,,,,
,,stocks.csv,,,,,,,,,,,,,,,,,2.0,,,194.0,15.0,,,,,,,
,,stocks.csv,,,,,,,,,,,,,,,,,2.0,,,195.0,19.0,,,,,,,
,,stocks.csv,,,,,,,,,,,,,,,,,2.0,,,196.0,28.0,,,,,,,
,,stocks.csv,,,,,,,,,,,,,,,,,2.0,,,197.0,10.0,,,,,,,
,,stocks.csv,,,,,,,,,,,,,,,,,2.0,,,198.0,0.0,,,,,,,
,,stocks.csv,,,,,,,,,,,,,,,,,2.0,,,199.0,13.0,,,,,,,
,,stocks.csv,,,,,,,,,,,,,,,,,2.0,,,200.0,11.0,,,,,,,
,,stocks.csv,,,,,,,,,,,,,,,,,2.0,,,201.0,24.0,,,,,,,
,,stocks.csv,,,,,,,,,,,,,,,,,2.0,,,202.0,1.0,,,,,,,
,,stocks.csv,,,,,,,,,,,,,,,,,2.0,,,203.0,7.0,,,,,,,
,,stocks.csv,,,,,,,,,,,,,,,,,2.0,,,204.0,25.0,,,,,,,
,,stocks.csv,,,,,,,,,,,,,,,,,2.0,,,205.0,13.0,,,,,,,
,,stocks.csv,,,,,,,,,,,,,,,,,2.0,,,206.0,9.0,,,,,,,
,,stocks.csv,,,,,,,,,,,,,,,,,2.0,,,207.0,8.0,,,,,,,
,,stocks.csv,,,,,,,,,,,,,,,,,2.0,,,208.0,12.0,,,,,,,
,,stocks.csv,,,,,,,,,,,,,,,,,2.0,,,209.0,11.0,,,,,,,
,,stocks.csv,,,,,,,,,,,,,,,,,2.0,,,210.0,10.0,,,,,,,
,,stocks.csv,,,,,,,,,,,,,,,,,2.0,,,211.0,4.0,,,,,,,
,,stocks.csv,,,,,,,,,,,,,,,,,2.0,,,212.0,22.0,,,,,,,
,,stocks.csv,,,,,,,,,,,,,,,,,2.0,,,213.0,10.0,,,,,,,
,,stocks.csv,,,,,,,,,,,,,,,,,2.0,,,214.0,7.0,,,,,,,
,,stocks.csv,,,,,,,,,,,,,,,,,2.0,,,215.0,11.0,,,,,,,
,,stocks.csv,,,,,,,,,,,,,,,,,2.0,,,216.0,19.0,,,,,,,
,,stocks.csv,,,,,,,,,,,,,,,,,2.0,,,217.0,22.0,,,,,,,
,,stocks.csv,,,,,,,,,,,,,,,,,2.0,,,218.0,26.0,,,,,,,
,,stocks.csv,,,,,,,,,,,,,,,,,2.0,,,219.0,16.0,,,,,,,
,,stocks.csv,,,,,,,,,,,,,,,,,2.0,,,220.0,6.0,,,,,,,
,,stocks.csv,,,,,,,,,,,,,,,,,2.0,,,221.0,12.0,,,,,,,
,,stocks.csv,,,,,,,,,,,,,,,,,2.0,,,222.0,30.0,,,,,,,
,,stocks.csv,,,,,,,,,,,,,,,,,2.0,,,223.0,7.0,,,,,,,
,,stocks.csv,,,,,,,,,,,,,,,,,2.0,,,224.0,4.0,,,,,,,
,,stocks.csv,,,,,,,,,,,,,,,,,2.0,,,225.0,11.0,,,,,,,
,,stocks.csv,,,,,,,,,,,,,,,,,2.0,,,226.0,5.0,,,,,,,
,,stocks.csv,,,,,,,,,,,,,,,,,2.0,,,227.0,12.0,,,,,,,
,,stocks.csv,,,,,,,,,,,,,,,,,2.0,,,228.0,7.0,,,,,,,
,,stocks.csv,,,,,,,,,,,,,,,,,2.0,,,229.0,29.0,,,,,,,
,,stocks.csv,,,,,,,,,,,,,,,,,2.0,,,230.0,25.0,,,,,,,
,,stocks.csv,,,,,,,,,,,,,,,,,2.0,,,231.0,8.0,,,,,,,
,,stocks.csv,,,,,,,,,,,,,,,,,2.0,,,232.0,11.0,,,,,,,
,,stocks.csv,,,,,,,,,,,,,,,,,2.0,,,233.0,25.0,,,,,,,
,,stocks.csv,,,,,,,,,,,,,,,,,2.0,,,234.0,12.0,,,,,,,
,,stocks.csv,,,,,,,,,,,,,,,,,2.0,,,235.0,4.0,,,,,,,
,,stocks.csv,,,,,,,,,,,,,,,,,2.0,,,236.0,7.0,,,,,,,
,,stocks.csv,,,,,,,,,,,,,,,,,2.0,,,237.0,30.0,,,,,,,
,,stocks.csv,,,,,,,,,,,,,,,,,2.0,,,238.0,6.0,,,,,,,
,,stocks.csv,,,,,,,,,,,,,,,,,2.0,,,239.0,17.0,,,,,,,
,,stocks.csv,,,,,,,,,,,,,,,,,2.0,,,240.0,19.0,,,,,,,
,,stocks.csv,,,,,,,,,,,,,,,,,2.0,,,241.0,24.0,,,,,,,
,,stocks.csv,,,,,,,,,,,,,,,,,2.0,,,242.0,2.0,,,,,,,
,,stocks.csv,,,,,,,,,,,,,,,,,2.0,,,243.0,18.0,,,,,,,
,,stocks.csv,,,,,,,,,,,,,,,,,2.0,,,244.0,1.0,,,,,,,
,,stocks.csv,,,,,,,,,,,,,,,,,2.0,,,245.0,18.0,,,,,,,
,,stocks.csv,,,,,,,,,,,,,,,,,2.0,,,246.0,10.0,,,,,,,
,,stocks.csv,,,,,,,,,,,,,,,,,2.0,,,247.0,16.0,,,,,,,
,,stocks.csv,,,,,,,,,,,,,,,,,2.0,,,248.0,26.0,,,,,,,
,,stocks.csv,,,,,,,,,,,,,,,,,2.0,,,249.0,10.0,,,,,,,
,,stocks.csv,,,,,,,,,,,,,,,,,2.0,,,250.0,23.0,,,,,,,
,,stocks.csv,,,,,,,,,,,,,,,,,2.0,,,251.0,0.0,,,,,,,
,,stocks.csv,,,,,,,,,,,,,,,,,2.0,,,252.0,20.0,,,,,,,
,,stocks.csv,,,,,,,,,,,,,,,,,2.0,,,253.0,29.0,,,,,,,
,,stocks.csv,,,,,,,,,,,,,,,,,2.0,,,254.0,7.0,,,,,,,
,,stocks.csv,,,,,,,,,,,,,,,,,2.0,,,255.0,12.0,,,,,,,
,,stocks.csv,,,,,,,,,,,,,,,,,2.0,,,256.0,8.0,,,,,,,
,,stocks.csv,,,,,,,,,,,,,,,,,2.0,,,257.0,5.0,,,,,,,
,,stocks.csv,,,,,,,,,,,,,,,,,2.0,,,258.0,10.0,,,,,,,
,,stocks.csv,,,,,,,,,,,,,,,,,2.0,,,259.0,16.0,,,,,,,
,,stocks.csv,,,,,,,,,,,,,,,,,2.0,,,260.0,20.0,,,,,,,
,,stocks.csv,,,,,,,,,,,,,,,,,2.0,,,261.0,4.0,,,,,,,
,,stocks.csv,,,,,,,,,,,,,,,,,2.0,,,262.0,8.0,,,,,,,
,,stocks.csv,,,,,,,,,,,,,,,,,2.0,,,263.0,4.0,,,,,,,
,,stocks.csv,,,,,,,,,,,,,,,,,2.0,,,264.0,13.0,,,,,,,
,,stocks.csv,,,,,,,,,,,,,,,,,2.0,,,265.0,4.0,,,,,,,
,,stocks.csv,,,,,,,,,,,,,,,,,2.0,,,266.0,18.0,,,,,,,
,,stocks.csv,,,,,,,,,,,,,,,,,2.0,,,267.0,21.0,,,,,,,
,,stocks.csv,,,,,,,,,,,,,,,,,2.0,,,268.0,3.0,,,,,,,
,,stocks.csv,,,,,,,,,,,,,,,,,2.0,,,269.0,4.0,,,,,,,
,,stocks.csv,,,,,,,,,,,,,,,,,2.0,,,270.0,15.0,,,,,,,
,,stocks.csv,,,,,,,,,,,,,,,,,2.0,,,271.0,26.0,,,,,,,
,,stocks.csv,,,,,,,,,,,,,,,,,2.0,,,272.0,1.0,,,,,,,
,,stocks.csv,,,,,,,,,,,,,,,,,2.0,,,273.0,28.0,,,,,,,
,,stocks.csv,,,,,,,,,,,,,,,,,2.0,,,274.0,15.0,,,,,,,
,,stocks.csv,,,,,,,,,,,,,,,,,2.0,,,275.0,3.0,,,,,,,
,,stocks.csv,,,,,,,,,,,,,,,,,2.0,,,276.0,9.0,,,,,,,
,,stocks.csv,,,,,,,,,,,,,,,,,2.0,,,277.0,4.0,,,,,,,
,,stocks.csv,,,,,,,,,,,,,,,,,2.0,,,278.0,8.0,,,,,,,
,,stocks.csv,,,,,,,,,,,,,,,,,2.0,,,279.0,18.0,,,,,,,
,,stocks.csv,,,,,,,,,,,,,,,,,2.0,,,280.0,11.0,,,,,,,
,,stocks.csv,,,,,,,,,,,,,,,,,2.0,,,281.0,3.0,,,,,,,
,,stocks.csv,,,,,,,,,,,,,,,,,2.0,,,282.0,8.0,,,,,,,
,,stocks.csv,,,,,,,,,,,,,,,,,2.0,,,283.0,28.0,,,,,,,
,,stocks.csv,,,,,,,,,,,,,,,,,2.0,,,284.0,6.0,,,,,,,
,,stocks.csv,,,,,,,,,,,,,,,,,2.0,,,285.0,22.0,,,,,,,
,,stocks.csv,,,,,,,,,,,,,,,,,2.0,,,286.0,3.0,,,,,,,
,,stocks.csv,,,,,,,,,,,,,,,,,2.0,,,287.0,15.0,,,,,,,
,,stocks.csv,,,,,,,,,,,,,,,,,2.0,,,288.0,13.0,,,,,,,
,,stocks.csv,,,,,,,,,,,,,,,,,2.0,,,289.0,5.0,,,,,,,
,,stocks.csv,,,,,,,,,,,,,,,,,2.0,,,290.0,29.0,,,,,,,
,,stocks.csv,,,,,,,,,,,,,,,,,2.0,,,291.0,22.0,,,,,,,
,,stocks.csv,,,,,,,,,,,,,,,,,2.0,,,292.0,22.0,,,,,,,
,,stocks.csv,,,,,,,,,,,,,,,,,2.0,,,293.0,12.0,,,,,,,
,,stocks.csv,,,,,,,,,,,,,,,,,2.0,,,294.0,7.0,,,,,,,
,,stocks.csv,,,,,,,,,,,,,,,,,2.0,,,295.0,15.0,,,,,,,
,,stocks.csv,,,,,,,,,,,,,,,,,2.0,,,296.0,8.0,,,,,,,
,,stocks.csv,,,,,,,,,,,,,,,,,2.0,,,297.0,7.0,,,,,,,
,,stocks.csv,,,,,,,,,,,,,,,,,2.0,,,298.0,27.0,,,,,,,
,,stocks.csv,,,,,,,,,,,,,,,,,2.0,,,299.0,0.0,,,,,,,
,,stocks.csv,,,,,,,,,,,,,,,,,2.0,,,300.0,13.0,,,,,,,
,,stocks.csv,,,,,,,,,,,,,,,,,2.0,,,301.0,26.0,,,,,,,
,,stocks.csv,,,,,,,,,,,,,,,,,2.0,,,302.0,6.0,,,,,,,
,,stocks.csv,,,,,,,,,,,,,,,,,2.0,,,303.0,23.0,,,,,,,
,,stocks.csv,,,,,,,,,,,,,,,,,2.0,,,304.0,6.0,,,,,,,
,,stocks.csv,,,,,,,,,,,,,,,,,2.0,,,305.0,21.0,,,,,,,
,,stocks.csv,,,,,,,,,,,,,,,,,2.0,,,306.0,17.0,,,,,,,
,,stocks.csv,,,,,,,,,,,,,,,,,2.0,,,307.0,18.0,,,,,,,
,,stocks.csv,,,,,,,,,,,,,,,,,2.0,,,308.0,15.0,,,,,,,
,,stocks.csv,,,,,,,,,,,,,,,,,2.0,,,309.0,9.0,,,,,,,
,,stocks.csv,,,,,,,,,,,,,,,,,2.0,,,310.0,5.0,,,,,,,
,,stocks.csv,,,,,,,,,,,,,,,,,2.0,,,311.0,27.0,,,,,,,
,,stocks.csv,,,,,,,,,,,,,,,,,2.0,,,312.0,2.0,,,,,,,
,,stocks.csv,,,,,,,,,,,,,,,,,2.0,,,313.0,24.0,,,,,,,
,,stocks.csv,,,,,,,,,,,,,,,,,3.0,,,1.0,14.0,,,,,,,
,,stocks.csv,,,,,,,,,,,,,,,,,3.0,,,2.0,24.0,,,,,,,
,,stocks.csv,,,,,,,,,,,,,,,,,3.0,,,3.0,0.0,,,,,,,
,,stocks.csv,,,,,,,,,,,,,,,,,3.0,,,4.0,11.0,,,,,,,
,,stocks.csv,,,,,,,,,,,,,,,,,3.0,,,5.0,3.0,,,,,,,
,,stocks.csv,,,,,,,,,,,,,,,,,3.0,,,6.0,27.0,,,,,,,
,,stocks.csv,,,,,,,,,,,,,,,,,3.0,,,7.0,12.0,,,,,,,
,,stocks.csv,,,,,,,,,,,,,,,,,3.0,,,8.0,12.0,,,,,,,
,,stocks.csv,,,,,,,,,,,,,,,,,3.0,,,9.0,23.0,,,,,,,
,,stocks.csv,,,,,,,,,,,,,,,,,3.0,,,10.0,21.0,,,,,,,
,,stocks.csv,,,,,,,,,,,,,,,,,3.0,,,11.0,30.0,,,,,,,
,,stocks.csv,,,,,,,,,,,,,,,,,3.0,,,12.0,30.0,,,,,,,
,,stocks.csv,,,,,,,,,,,,,,,,,3.0,,,13.0,19.0,,,,,,,
,,stocks.csv,,,,,,,,,,,,,,,,,3.0,,,14.0,4.0,,,,,,,
,,stocks.csv,,,,,,,,,,,,,,,,,3.0,,,15.0,22.0,,,,,,,
,,stocks.csv,,,,,,,,,,,,,,,,,3.0,,,16.0,19.0,,,,,,,
,,stocks.csv,,,,,,,,,,,,,,,,,3.0,,,17.0,22.0,,,,,,,
,,stocks.csv,,,,,,,,,,,,,,,,,3.0,,,18.0,5.0,,,,,,,
,,stocks.csv,,,,,,,,,,,,,,,,,3.0,,,19.0,24.0,,,,,,,
,,stocks.csv,,,,,,,,,,,,,,,,,3.0,,,20.0,19.0,,,,,,,
,,stocks.csv,,,,,,,,,,,,,,,,,3.0,,,21.0,8.0,,,,,,,
,,stocks.csv,,,,,,,,,,,,,,,,,3.0,,,22.0,20.0,,,,,,,
,,stocks.csv,,,,,,,,,,,,,,,,,3.0,,,23.0,8.0,,,,,,,
,,stocks.csv,,,,,,,,,,,,,,,,,3.0,,,24.0,18.0,,,,,,,
,,stocks.csv,,,,,,,,,,,,,,,,,3.0,,,25.0,15.0,,,,,,,
,,stocks.csv,,,,,,,,,,,,,,,,,3.0,,,26.0,27.0,,,,,,,
,,stocks.csv,,,,,,,,,,,,,,,,,3.0,,,27.0,21.0,,,,,,,
,,stocks.csv,,,,,,,,,,,,,,,,,3.0,,,28.0,20.0,,,,,,,
,,stocks.csv,,,,,,,,,,,,,,,,,3.0,,,29.0,11.0,,,,,,,
,,stocks.csv,,,,,,,,,,,,,,,,,3.0,,,30.0,23.0,,,,,,,
,,stocks.csv,,,,,,,,,,,,,,,,,3.0,,,31.0,10.0,,,,,,,
,,stocks.csv,,,,,,,,,,,,,,,,,3.0,,,32.0,14.0,,,,,,,
,,stocks.csv,,,,,,,,,,,,,,,,,3.0,,,33.0,14.0,,,,,,,
,,stocks.csv,,,,,,,,,,,,,,,,,3.0,,,34.0,6.0,,,,,,,
,,stocks.csv,,,,,,,,,,,,,,,,,3.0,,,35.0,3.0,,,,,,,
,,stocks.csv,,,,,,,,,,,,,,,,,3.0,,,36.0,28.0,,,,,,,
,,stocks.csv,,,,,,,,,,,,,,,,,3.0,,,37.0,30.0,,,,,,,
,,stocks.csv,,,,,,,,,,,,,,,,,3.0,,,38.0,23.0,,,,,,,
,,stocks.csv,,,,,,,,,,,,,,,,,3.0,,,39.0,22.0,,,,,,,
,,stocks.csv,,,,,,,,,,,,,,,,,3.0,,,40.0,2.0,,,,,,,
,,stocks.csv,,,,,,,,,,,,,,,,,3.0,,,41.0,25.0,,,,,,,
,,stocks.csv,,,,,,,,,,,,,,,,,3.0,,,42.0,9.0,,,,,,,
,,stocks.csv,,,,,,,,,,,,,,,,,3.0,,,43.0,26.0,,,,,,,
,,stocks.csv,,,,,,,,,,,,,,,,,3.0,,,44.0,26.0,,,,,,,
,,stocks.csv,,,,,,,,,,,,,,,,,3.0,,,45.0,1.0,,,,,,,
,,stocks.csv,,,,,,,,,,,,,,,,,3.0,,,46.0,16.0,,,,,,,
,,stocks.csv,,,,,,,,,,,,,,,,,3.0,,,47.0,14.0,,,,,,,
,,stocks.csv,,,,,,,,,,,,,,,,,3.0,,,48.0,2.0,,,,,,,
,,stocks.csv,,,,,,,,,,,,,,,,,3.0,,,49.0,4.0,,,,,,,
,,stocks.csv,,,,,,,,,,,,,,,,,3.0,,,50.0,25.0,,,,,,,
,,stocks.csv,,,,,,,,,,,,,,,,,3.0,,,51.0,2.0,,,,,,,
,,stocks.csv,,,,,,,,,,,,,,,,,3.0,,,52.0,8.0,,,,,,,
,,stocks.csv,,,,,,,,,,,,,,,,,3.0,,,53.0,6.0,,,,,,,
,,stocks.csv,,,,,,,,,,,,,,,,,3.0,,,54.0,13.0,,,,,,,
,,stocks.csv,,,,,,,,,,,,,,,,,3.0,,,55.0,5.0,,,,,,,
,,stocks.csv,,,,,,,,,,,,,,,,,3.0,,,56.0,19.0,,,,,,,
,,stocks.csv,,,,,,,,,,,,,,,,,3.0,,,57.0,9.0,,,,,,,
,,stocks.csv,,,,,,,,,,,,,,,,,3.0,,,58.0,27.0,,,,,,,
,,stocks.csv,,,,,,,,,,,,,,,,,3.0,,,59.0,0.0,,,,,,,
,,stocks.csv,,,,,,,,,,,,,,,,,3.0,,,60.0,7.0,,,,,,,
,,stocks.csv,,,,,,,,,,,,,,,,,3.0,,,61.0,28.0,,,,,,,
,,stocks.csv,,,,,,,,,,,,,,,,,3.0,,,62.0,4.0,,,,,,,
,,stocks.csv,,,,,,,,,,,,,,,,,3.0,,,63.0,8.0,,,,,,,
,,stocks.csv,,,,,,,,,,,,,,,,,3.0,,,64.0,22.0,,,,,,,
,,stocks.csv,,,,,,,,,,,,,,,,,3.0,,,65.0,1.0,,,,,,,
,,stocks.csv,,,,,,,,,,,,,,,,,3.0,,,66.0,3.0,,,,,,,
,,stocks.csv,,,,,,,,,,,,,,,,,3.0,,,67.0,6.0,,,,,,,
,,stocks.csv,,,,,,,,,,,,,,,,,3.0,,,68.0,18.0,,,,,,,
,,stocks.csv,,,,,,,,,,,,,,,,,3.0,,,69.0,29.0,,,,,,,
,,stocks.csv,,,,,,,,,,,,,,,,,3.0,,,70.0,2.0,,,,,,,
,,stocks.csv,,,,,,,,,,,,,,,,,3.0,,,71.0,13.0,,,,,,,
,,stocks.csv,,,,,,,,,,,,,,,,,3.0,,,72.0,6.0,,,,,,,
,,stocks.csv,,,,,,,,,,,,,,,,,3.0,,,73.0,3.0,,,,,,,
,,stocks.csv,,,,,,,,,,,,,,,,,3.0,,,74.0,17.0,,,,,,,
,,stocks.csv,,,,,,,,,,,,,,,,,3.0,,,75.0,29.0,,,,,,,
,,stocks.csv,,,,,,,,,,,,,,,,,3.0,,,76.0,23.0,,,,,,,
,,stocks.csv,,,,,,,,,,,,,,,,,3.0,,,77.0,23.0,,,,,,,
,,stocks.csv,,,,,,,,,,,,,,,,,3.0,,,78.0,19.0,,,,,,,
,,stocks.csv,,,,,,,,,,,,,,,,,3.0,,,79.0,29.0,,,,,,,
,,stocks.csv,,,,,,,,,,,,,,,,,3.0,,,80.0,22.0,,,,,,,
,,stocks.csv,,,,,,,,,,,,,,,,,3.0,,,81.0,18.0,,,,,,,
,,stocks.csv,,,,,,,,,,,,,,,,,3.0,,,82.0,7.0,,,,,,,
,,stocks.csv,,,,,,,,,,,,,,,,,3.0,,,83.0,23.0,,,,,,,
,,stocks.csv,,,,,,,,,,,,,,,,,3.0,,,84.0,15.0,,,,,,,
,,stocks.csv,,,,,,,,,,,,,,,,,3.0,,,85.0,15.0,,,,,,,
,,stocks.csv,,,,,,,,,,,,,,,,,3.0,,,86.0,27.0,,,,,,,
,,stocks.csv,,,,,,,,,,,,,,,,,3.0,,,87.0,16.0,,,,,,,
,,stocks.csv,,,,,,,,,,,,,,,,,3.0,,,88.0,28.0,,,,,,,
,,stocks.csv,,,,,,,,,,,,,,,,,3.0,,,89.0,22.0,,,,,,,
,,stocks.csv,,,,,,,,,,,,,,,,,3.0,,,90.0,9.0,,,,,,,
,,stocks.csv,,,,,,,,,,,,,,,,,3.0,,,91.0,8.0,,,,,,,
,,stocks.csv,,,,,,,,,,,,,,,,,3.0,,,92.0,28.0,,,,,,,
,,stocks.csv,,,,,,,,,,,,,,,,,3.0,,,93.0,18.0,,,,,,,
,,stocks.csv,,,,,,,,,,,,,,,,,3.0,,,94.0,15.0,,,,,,,
,,stocks.csv,,,,,,,,,,,,,,,,,3.0,,,95.0,14.0,,,,,,,
,,stocks.csv,,,,,,,,,,,,,,,,,3.0,,,96.0,1.0,,,,,,,
,,stocks.csv,,,,,,,,,,,,,,,,,3.0,,,97.0,28.0,,,,,,,
,,stocks.csv,,,,,,,,,,,,,,,,,3.0,,,98.0,5.0,,,,,,,
,,stocks.csv,,,,,,,,,,,,,,,,,3.0,,,99.0,19.0,,,,,,,
,,stocks.csv,,,,,,,,,,,,,,,,,3.0,,,100.0,28.0,,,,,,,
,,stocks.csv,,,,,,,,,,,,,,,,,3.0,,,101.0,17.0,,,,,,,
,,stocks.csv,,,,,,,,,,,,,,,,,3.0,,,102.0,22.0,,,,,,,
,,stocks.csv,,,,,,,,,,,,,,,,,3.0,,,103.0,10.0,,,,,,,
,,stocks.csv,,,,,,,,,,,,,,,,,3.0,,,104.0,22.0,,,,,,,
,,stocks.csv,,,,,,,,,,,,,,,,,3.0,,,105.0,1.0,,,,,,,
,,stocks.csv,,,,,,,,,,,,,,,,,3.0,,,106.0,1.0,,,,,,,
,,stocks.csv,,,,,,,,,,,,,,,,,3.0,,,107.0,11.0,,,,,,,
,,stocks.csv,,,,,,,,,,,,,,,,,3.0,,,108.0,23.0,,,,,,,
,,stocks.csv,,,,,,,,,,,,,,,,,3.0,,,109.0,24.0,,,,,,,
,,stocks.csv,,,,,,,,,,,,,,,,,3.0,,,110.0,11.0,,,,,,,
,,stocks.csv,,,,,,,,,,,,,,,,,3.0,,,111.0,29.0,,,,,,,
,,stocks.csv,,,,,,,,,,,,,,,,,3.0,,,112.0,24.0,,,,,,,
,,stocks.csv,,,,,,,,,,,,,,,,,3.0,,,113.0,23.0,,,,,,,
,,stocks.csv,,,,,,,,,,,,,,,,,3.0,,,114.0,12.0,,,,,,,
,,stocks.csv,,,,,,,,,,,,,,,,,3.0,,,115.0,25.0,,,,,,,
,,stocks.csv,,,,,,,,,,,,,,,,,3.0,,,116.0,30.0,,,,,,,
,,stocks.csv,,,,,,,,,,,,,,,,,3.0,,,117.0,23.0,,,,,,,
,,stocks.csv,,,,,,,,,,,,,,,,,3.0,,,118.0,9.0,,,,,,,
,,stocks.csv,,,,,,,,,,,,,,,,,3.0,,,119.0,29.0,,,,,,,
,,stocks.csv,,,,,,,,,,,,,,,,,3.0,,,120.0,25.0,,,,,,,
,,stocks.csv,,,,,,,,,,,,,,,,,3.0,,,121.0,4.0,,,,,,,
,,stocks.csv,,,,,,,,,,,,,,,,,3.0,,,122.0,8.0,,,,,,,
,,stocks.csv,,,,,,,,,,,,,,,,,3.0,,,123.0,15.0,,,,,,,
,,stocks.csv,,,,,,,,,,,,,,,,,3.0,,,124.0,11.0,,,,,,,
,,stocks.csv,,,,,,,,,,,,,,,,,3.0,,,125.0,2.0,,,,,,,
,,stocks.csv,,,,,,,,,,,,,,,,,3.0,,,126.0,5.0,,,,,,,
,,stocks.csv,,,,,,,,,,,,,,,,,3.0,,,127.0,4.0,,,,,,,
,,stocks.csv,,,,,,,,,,,,,,,,,3.0,,,128.0,20.0,,,,,,,
,,stocks.csv,,,,,,,,,,,,,,,,,3.0,,,129.0,10.0,,,,,,,
,,stocks.csv,,,,,,,,,,,,,,,,,3.0,,,130.0,20.0,,,,,,,
,,stocks.csv,,,,,,,,,,,,,,,,,3.0,,,131.0,23.0,,,,,,,
,,stocks.csv,,,,,,,,,,,,,,,,,3.0,,,132.0,16.0,,,,,,,
,,stocks.csv,,,,,,,,,,,,,,,,,3.0,,,133.0,16.0,,,,,,,
,,stocks.csv,,,,,,,,,,,,,,,,,3.0,,,134.0,17.0,,,,,,,
,,stocks.csv,,,,,,,,,,,,,,,,,3.0,,,135.0,15.0,,,,,,,
,,stocks.csv,,,,,,,,,,,,,,,,,3.0,,,136.0,4.0,,,,,,,
,,stocks.csv,,,,,,,,,,,,,,,,,3.0,,,137.0,17.0,,,,,,,
,,stocks.csv,,,,,,,,,,,,,,,,,3.0,,,138.0,17.0,,,,,,,
,,stocks.csv,,,,,,,,,,,,,,,,,3.0,,,139.0,21.0,,,,,,,
,,stocks.csv,,,,,,,,,,,,,,,,,3.0,,,140.0,3.0,,,,,,,
,,stocks.csv,,,,,,,,,,,,,,,,,3.0,,,141.0,4.0,,,,,,,
,,stocks.csv,,,,,,,,,,,,,,,,,3.0,,,142.0,29.0,,,,,,,
,,stocks.csv,,,,,,,,,,,,,,,,,3.0,,,143.0,9.0,,,,,,,
,,stocks.csv,,,,,,,,,,,,,,,,,3.0,,,144.0,9.0,,,,,,,
,,stocks.csv,,,,,,,,,,,,,,,,,3.0,,,145.0,11.0,,,,,,,
,,stocks.csv,,,,,,,,,,,,,,,,,3.0,,,146.0,9.0,,,,,,,
,,stocks.csv,,,,,,,,,,,,,,,,,3.0,,,147.0,3.0,,,,,,,
,,stocks.csv,,,,,,,,,,,,,,,,,3.0,,,148.0,6.0,,,,,,,
,,stocks.csv,,,,,,,,,,,,,,,,,3.0,,,149.0,1.0,,,,,,,
,,stocks.csv,,,,,,,,,,,,,,,,,3.0,,,150.0,21.0,,,,,,,
,,stocks.csv,,,,,,,,,,,,,,,,,3.0,,,151.0,1.0,,,,,,,
,,stocks.csv,,,,,,,,,,,,,,,,,3.0,,,152.0,1.0,,,,,,,
,,stocks.csv,,,,,,,,,,,,,,,,,3.0,,,153.0,7.0,,,,,,,
,,stocks.csv,,,,,,,,,,,,,,,,,3.0,,,154.0,22.0,,,,,,,
,,stocks.csv,,,,,,,,,,,,,,,,,3.0,,,155.0,25.0,,,,,,,
,,stocks.csv,,,,,,,,,,,,,,,,,3.0,,,156.0,14.0,,,,,,,
,,stocks.csv,,,,,,,,,,,,,,,,,3.0,,,157.0,12.0,,,,,,,
,,stocks.csv,,,,,,,,,,,,,,,,,3.0,,,158.0,17.0,,,,,,,
,,stocks.csv,,,,,,,,,,,,,,,,,3.0,,,159.0,6.0,,,,,,,
,,stocks.csv,,,,,,,,,,,,,,,,,3.0,,,160.0,27.0,,,,,,,
,,stocks.csv,,,,,,,,,,,,,,,,,3.0,,,161.0,11.0,,,,,,,
,,stocks.csv,,,,,,,,,,,,,,,,,3.0,,,162.0,11.0,,,,,,,
,,stocks.csv,,,,,,,,,,,,,,,,,3.0,,,163.0,11.0,,,,,,,
,,stocks.csv,,,,,,,,,,,,,,,,,3.0,,,164.0,18.0,,,,,,,
,,stocks.csv,,,,,,,,,,,,,,,,,3.0,,,165.0,19.0,,,,,,,
,,stocks.csv,,,,,,,,,,,,,,,,,3.0,,,166.0,27.0,,,,,,,
,,stocks.csv,,,,,,,,,,,,,,,,,3.0,,,167.0,8.0,,,,,,,
,,stocks.csv,,,,,,,,,,,,,,,,,3.0,,,168.0,23.0,,,,,,,
,,stocks.csv,,,,,,,,,,,,,,,,,3.0,,,169.0,3.0,,,,,,,
,,stocks.csv,,,,,,,,,,,,,,,,,3.0,,,170.0,13.0,,,,,,,
,,stocks.csv,,,,,,,,,,,,,,,,,3.0,,,171.0,11.0,,,,,,,
,,stocks.csv,,,,,,,,,,,,,,,,,3.0,,,172.0,22.0,,,,,,,
,,stocks.csv,,,,,,,,,,,,,,,,,3.0,,,173.0,15.0,,,,,,,
,,stocks.csv,,,,,,,,,,,,,,,,,3.0,,,174.0,1.0,,,,,,,
,,stocks.csv,,,,,,,,,,,,,,,,,3.0,,,175.0,3.0,,,,,,,
,,stocks.csv,,,,,,,,,,,,,,,,,3.0,,,176.0,6.0,,,,,,,
,,stocks.csv,,,,,,,,,,,,,,,,,3.0,,,177.0,2.0,,,,,,,
,,stocks.csv,,,,,,,,,,,,,,,,,3.0,,,178.0,12.0,,,,,,,
,,stocks.csv,,,,,,,,,,,,,,,,,3.0,,,179.0,20.0,,,,,,,
,,stocks.csv,,,,,,,,,,,,,,,,,3.0,,,180.0,6.0,,,,,,,
,,stocks.csv,,,,,,,,,,,,,,,,,3.0,,,181.0,8.0,,,,,,,
,,stocks.csv,,,,,,,,,,,,,,,,,3.0,,,182.0,28.0,,,,,,,
,,stocks.csv,,,,,,,,,,,,,,,,,3.0,,,183.0,26.0,,,,,,,
,,stocks.csv,,,,,,,,,,,,,,,,,3.0,,,184.0,21.0,,,,,,,
,,stocks.csv,,,,,,,,,,,,,,,,,3.0,,,185.0,15.0,,,,,,,
,,stocks.csv,,,,,,,,,,,,,,,,,3.0,,,186.0,30.0,,,,,,,
,,stocks.csv,,,,,,,,,,,,,,,,,3.0,,,187.0,2.0,,,,,,,
,,stocks.csv,,,,,,,,,,,,,,,,,3.0,,,188.0,29.0,,,,,,,
,,stocks.csv,,,,,,,,,,,,,,,,,3.0,,,189.0,20.0,,,,,,,
,,stocks.csv,,,,,,,,,,,,,,,,,3.0,,,190.0,20.0,,,,,,,
,,stocks.csv,,,,,,,,,,,,,,,,,3.0,,,191.0,23.0,,,,,,,
,,stocks.csv,,,,,,,,,,,,,,,,,3.0,,,192.0,10.0,,,,,,,
,,stocks.csv,,,,,,,,,,,,,,,,,3.0,,,193.0,5.0,,,,,,,
,,stocks.csv,,,,,,,,,,,,,,,,,3.0,,,194.0,20.0,,,,,,,
,,stocks.csv,,,,,,,,,,,,,,,,,3.0,,,195.0,20.0,,,,,,,
,,stocks.csv,,,,,,,,,,,,,,,,,3.0,,,196.0,25.0,,,,,,,
,,stocks.csv,,,,,,,,,,,,,,,,,3.0,,,197.0,8.0,,,,,,,
,,stocks.csv,,,,,,,,,,,,,,,,,3.0,,,198.0,27.0,,,,,,,
,,stocks.csv,,,,,,,,,,,,,,,,,3.0,,,199.0,5.0,,,,,,,
,,stocks.csv,,,,,,,,,,,,,,,,,3.0,,,200.0,29.0,,,,,,,
,,stocks.csv,,,,,,,,,,,,,,,,,3.0,,,201.0,30.0,,,,,,,
,,stocks.csv,,,,,,,,,,,,,,,,,3.0,,,202.0,11.0,,,,,,,
,,stocks.csv,,,,,,,,,,,,,,,,,3.0,,,203.0,6.0,,,,,,,
,,stocks.csv,,,,,,,,,,,,,,,,,3.0,,,204.0,16.0,,,,,,,
,,stocks.csv,,,,,,,,,,,,,,,,,3.0,,,205.0,3.0,,,,,,,
,,stocks.csv,,,,,,,,,,,,,,,,,3.0,,,206.0,29.0,,,,,,,
,,stocks.csv,,,,,,,,,,,,,,,,,3.0,,,207.0,29.0,,,,,,,
,,stocks.csv,,,,,,,,,,,,,,,,,3.0,,,208.0,12.0,,,,,,,
,,stocks.csv,,,,,,,,,,,,,,,,,3.0,,,209.0,1.0,,,,,,,
,,stocks.csv,,,,,,,,,,,,,,,,,3.0,,,210.0,22.0,,,,,,,
,,stocks.csv,,,,,,,,,,,,,,,,,3.0,,,211.0,3.0,,,,,,,
,,stocks.csv,,,,,,,,,,,,,,,,,3.0,,,212.0,23.0,,,,,,,
,,stocks.csv,,,,,,,,,,,,,,,,,3.0,,,213.0,10.0,,,,,,,
,,stocks.csv,,,,,,,,,,,,,,,,,3.0,,,214.0,30.0,,,,,,,
,,stocks.csv,,,,,,,,,,,,,,,,,3.0,,,215.0,12.0,,,,,,,
,,stocks.csv,,,,,,,,,,,,,,,,,3.0,,,216.0,5.0,,,,,,,
,,stocks.csv,,,,,,,,,,,,,,,,,3.0,,,217.0,4.0,,,,,,,
,,stocks.csv,,,,,,,,,,,,,,,,,3.0,,,218.0,21.0,,,,,,,
,,stocks.csv,,,,,,,,,,,,,,,,,3.0,,,219.0,29.0,,,,,,,
,,stocks.csv,,,,,,,,,,,,,,,,,3.0,,,220.0,0.0,,,,,,,
,,stocks.csv,,,,,,,,,,,,,,,,,3.0,,,221.0,25.0,,,,,,,
,,stocks.csv,,,,,,,,,,,,,,,,,3.0,,,222.0,12.0,,,,,,,
,,stocks.csv,,,,,,,,,,,,,,,,,3.0,,,223.0,29.0,,,,,,,
,,stocks.csv,,,,,,,,,,,,,,,,,3.0,,,224.0,23.0,,,,,,,
,,stocks.csv,,,,,,,,,,,,,,,,,3.0,,,225.0,12.0,,,,,,,
,,stocks.csv,,,,,,,,,,,,,,,,,3.0,,,226.0,14.0,,,,,,,
,,stocks.csv,,,,,,,,,,,,,,,,,3.0,,,227.0,22.0,,,,,,,
,,stocks.csv,,,,,,,,,,,,,,,,,3.0,,,228.0,29.0,,,,,,,
,,stocks.csv,,,,,,,,,,,,,,,,,3.0,,,229.0,7.0,,,,,,,
,,stocks.csv,,,,,,,,,,,,,,,,,3.0,,,230.0,29.0,,,,,,,
,,stocks.csv,,,,,,,,,,,,,,,,,3.0,,,231.0,6.0,,,,,,,
,,stocks.csv,,,,,,,,,,,,,,,,,3.0,,,232.0,16.0,,,,,,,
,,stocks.csv,,,,,,,,,,,,,,,,,3.0,,,233.0,9.0,,,,,,,
,,stocks.csv,,,,,,,,,,,,,,,,,3.0,,,234.0,24.0,,,,,,,
,,stocks.csv,,,,,,,,,,,,,,,,,3.0,,,235.0,1.0,,,,,,,
,,stocks.csv,,,,,,,,,,,,,,,,,3.0,,,236.0,3.0,,,,,,,
,,stocks.csv,,,,,,,,,,,,,,,,,3.0,,,237.0,16.0,,,,,,,
,,stocks.csv,,,,,,,,,,,,,,,,,3.0,,,238.0,12.0,,,,,,,
,,stocks.csv,,,,,,,,,,,,,,,,,3.0,,,239.0,29.0,,,,,,,
,,stocks.csv,,,,,,,,,,,,,,,,,3.0,,,240.0,26.0,,,,,,,
,,stocks.csv,,,,,,,,,,,,,,,,,3.0,,,241.0,8.0,,,,,,,
,,stocks.csv,,,,,,,,,,,,,,,,,3.0,,,242.0,5.0,,,,,,,
,,stocks.csv,,,,,,,,,,,,,,,,,3.0,,,243.0,7.0,,,,,,,
,,stocks.csv,,,,,,,,,,,,,,,,,3.0,,,244.0,5.0,,,,,,,
,,stocks.csv,,,,,,,,,,,,,,,,,3.0,,,245.0,10.0,,,,,,,
,,stocks.csv,,,,,,,,,,,,,,,,,3.0,,,246.0,7.0,,,,,,,
,,stocks.csv,,,,,,,,,,,,,,,,,3.0,,,247.0,3.0,,,,,,,
,,stocks.csv,,,,,,,,,,,,,,,,,3.0,,,248.0,11.0,,,,,,,
,,stocks.csv,,,,,,,,,,,,,,,,,3.0,,,249.0,6.0,,,,,,,
,,stocks.csv,,,,,,,,,,,,,,,,,3.0,,,250.0,16.0,,,,,,,
,,stocks.csv,,,,,,,,,,,,,,,,,3.0,,,251.0,10.0,,,,,,,
,,stocks.csv,,,,,,,,,,,,,,,,,3.0,,,252.0,27.0,,,,,,,
,,stocks.csv,,,,,,,,,,,,,,,,,3.0,,,253.0,15.0,,,,,,,
,,stocks.csv,,,,,,,,,,,,,,,,,3.0,,,254.0,4.0,,,,,,,
,,stocks.csv,,,,,,,,,,,,,,,,,3.0,,,255.0,17.0,,,,,,,
,,stocks.csv,,,,,,,,,,,,,,,,,3.0,,,256.0,1.0,,,,,,,
,,stocks.csv,,,,,,,,,,,,,,,,,3.0,,,257.0,25.0,,,,,,,
,,stocks.csv,,,,,,,,,,,,,,,,,3.0,,,258.0,10.0,,,,,,,
,,stocks.csv,,,,,,,,,,,,,,,,,3.0,,,259.0,0.0,,,,,,,
,,stocks.csv,,,,,,,,,,,,,,,,,3.0,,,260.0,5.0,,,,,,,
,,stocks.csv,,,,,,,,,,,,,,,,,3.0,,,261.0,24.0,,,,,,,
,,stocks.csv,,,,,,,,,,,,,,,,,3.0,,,262.0,29.0,,,,,,,
,,stocks.csv,,,,,,,,,,,,,,,,,3.0,,,263.0,21.0,,,,,,,
,,stocks.csv,,,,,,,,,,,,,,,,,3.0,,,264.0,7.0,,,,,,,
,,stocks.csv,,,,,,,,,,,,,,,,,3.0,,,265.0,22.0,,,,,,,
,,stocks.csv,,,,,,,,,,,,,,,,,3.0,,,266.0,18.0,,,,,,,
,,stocks.csv,,,,,,,,,,,,,,,,,3.0,,,267.0,12.0,,,,,,,
,,stocks.csv,,,,,,,,,,,,,,,,,3.0,,,268.0,17.0,,,,,,,
,,stocks.csv,,,,,,,,,,,,,,,,,3.0,,,269.0,26.0,,,,,,,
,,stocks.csv,,,,,,,,,,,,,,,,,3.0,,,270.0,6.0,,,,,,,
,,stocks.csv,,,,,,,,,,,,,,,,,3.0,,,271.0,23.0,,,,,,,
,,stocks.csv,,,,,,,,,,,,,,,,,3.0,,,272.0,12.0,,,,,,,
,,stocks.csv,,,,,,,,,,,,,,,,,3.0,,,273.0,19.0,,,,,,,
,,stocks.csv,,,,,,,,,,,,,,,,,3.0,,,274.0,7.0,,,,,,,
,,stocks.csv,,,,,,,,,,,,,,,,,3.0,,,275.0,23.0,,,,,,,
,,stocks.csv,,,,,,,,,,,,,,,,,3.0,,,276.0,14.0,,,,,,,
,,stocks.csv,,,,,,,,,,,,,,,,,3.0,,,277.0,26.0,,,,,,,
,,stocks.csv,,,,,,,,,,,,,,,,,3.0,,,278.0,15.0,,,,,,,
,,stocks.csv,,,,,,,,,,,,,,,,,3.0,,,279.0,15.0,,,,,,,
,,stocks.csv,,,,,,,,,,,,,,,,,3.0,,,280.0,1.0,,,,,,,
,,stocks.csv,,,,,,,,,,,,,,,,,3.0,,,281.0,2.0,,,,,,,
,,stocks.csv,,,,,,,,,,,,,,,,,3.0,,,282.0,18.0,,,,,,,
,,stocks.csv,,,,,,,,,,,,,,,,,3.0,,,283.0,1.0,,,,,,,
,,stocks.csv,,,,,,,,,,,,,,,,,3.0,,,284.0,26.0,,,,,,,
,,stocks.csv,,,,,,,,,,,,,,,,,3.0,,,285.0,2.0,,,,,,,
,,stocks.csv,,,,,,,,,,,,,,,,,3.0,,,286.0,7.0,,,,,,,
,,stocks.csv,,,,,,,,,,,,,,,,,3.0,,,287.0,26.0,,,,,,,
,,stocks.csv,,,,,,,,,,,,,,,,,3.0,,,288.0,2.0,,,,,,,
,,stocks.csv,,,,,,,,,,,,,,,,,3.0,,,289.0,2.0,,,,,,,
,,stocks.csv,,,,,,,,,,,,,,,,,3.0,,,290.0,6.0,,,,,,,
,,stocks.csv,,,,,,,,,,,,,,,,,3.0,,,291.0,10.0,,,,,,,
,,stocks.csv,,,,,,,,,,,,,,,,,3.0,,,292.0,16.0,,,,,,,
,,stocks.csv,,,,,,,,,,,,,,,,,3.0,,,293.0,14.0,,,,,,,
,,stocks.csv,,,,,,,,,,,,,,,,,3.0,,,294.0,13.0,,,,,,,
,,stocks.csv,,,,,,,,,,,,,,,,,3.0,,,295.0,9.0,,,,,,,
,,stocks.csv,,,,,,,,,,,,,,,,,3.0,,,296.0,12.0,,,,,,,
,,stocks.csv,,,,,,,,,,,,,,,,,3.0,,,297.0,22.0,,,,,,,
,,stocks.csv,,,,,,,,,,,,,,,,,3.0,,,298.0,14.0,,,,,,,
,,stocks.csv,,,,,,,,,,,,,,,,,3.0,,,299.0,29.0,,,,,,,
,,stocks.csv,,,,,,,,,,,,,,,,,3.0,,,300.0,3.0,,,,,,,
,,stocks.csv,,,,,,,,,,,,,,,,,3.0,,,301.0,29.0,,,,,,,
,,stocks.csv,,,,,,,,,,,,,,,,,3.0,,,302.0,6.0,,,,,,,
,,stocks.csv,,,,,,,,,,,,,,,,,3.0,,,303.0,13.0,,,,,,,
,,stocks.csv,,,,,,,,,,,,,,,,,3.0,,,304.0,23.0,,,,,,,
,,stocks.csv,,,,,,,,,,,,,,,,,3.0,,,305.0,11.0,,,,,,,
,,stocks.csv,,,,,,,,,,,,,,,,,3.0,,,306.0,7.0,,,,,,,
,,stocks.csv,,,,,,,,,,,,,,,,,3.0,,,307.0,17.0,,,,,,,
,,stocks.csv,,,,,,,,,,,,,,,,,3.0,,,308.0,9.0,,,,,,,
,,stocks.csv,,,,,,,,,,,,,,,,,3.0,,,309.0,30.0,,,,,,,
,,stocks.csv,,,,,,,,,,,,,,,,,3.0,,,310.0,8.0,,,,,,,
,,stocks.csv,,,,,,,,,,,,,,,,,3.0,,,311.0,23.0,,,,,,,
,,stocks.csv,,,,,,,,,,,,,,,,,3.0,,,312.0,18.0,,,,,,,
,,stocks.csv,,,,,,,,,,,,,,,,,3.0,,,313.0,0.0,,,,,,,
,,stores.csv,,,,,,(831) 476-4321,santacruz@bikes.shop,3700 Portola Drive,Santa Cruz,CA,95060.0,,,,,,1.0,,,,,,,,,,,Santa Cruz Bikes
,,stores.csv,,,,,,(516) 379-8888,baldwin@bikes.shop,4200 Chestnut Lane,Baldwin,NY,11432.0,,,,,,2.0,,,,,,,,,,,Baldwin Bikes
,,stores.csv,,,,,,(972) 530-5555,rowlett@bikes.shop,8000 Fairway Avenue,Rowlett,TX,75088.0,,,,,,3.0,,,,,,,,,,,Rowlett Bikes
